FoldablePackagePolicy,2025112503,,
1,Y29tLmZ1bmdhbWVzLnNuaXBlcjNk,displayCompat,b
2,c3VwZXJoZXJvcy5zdGlja2Vycw==,displayCompat,b
3,Y29tLmFwcGxlLnFyY29kZS5yZWFkZXI=,displayCompat,b
4,Y2hlZWhvb24uaGEucGFydGljdWxhdGVmb3JlY2FzdGVy,displayCompat,b
5,Y29tLnNuYXBzLm1vYmlsZS5rcg==,displayCompat,b
6,Y29tLmFkZHN3aGlsZXNzdWZmZXJzLmJpbmRz,displayCompat,b
7,Y29tLnBsYXltaW5pLm1pbml3b3JsZA==,displayCompat,b
8,Y29tLnFpaG9vLnNlY3VyaXR5,displayCompat,b
9,Y29tLnN3ZWV0ZnVpcnQuY2FuZHk=,displayCompat,b
10,Y29tLmhpcHBvZ2FtZXMubHVkb3NhZ2E=,displayCompat,b
11,Y29tLmdyYXZpdHkucm9tLmFvcw==,displayCompat,b
12,Y29tLmdzcmV0YWlsLmFuZHJvaWQuc21hcHA=,displayCompat,b
13,Z2FtZS5idWJibGUuc2hvb3Rlci5kcmFnb24ucG9w,displayCompat,b
14,Y29tLnB1enpsZWdhbWUucHV6emxlZG9t,displayCompat,b
15,YnViYmxlLnNob290LmJ1YmJsZXMuZ2FtZS5zYWdhLndvcmxk,displayCompat,b
16,Y29tLmNvb3lvc3R1ZGlvLm1hcmJsZS5ibGFzdA==,displayCompat,b
17,YnViYmxlLnNob290ZXIuc2hvb3Rpbmcuc2hvb3QuZ2FtZQ==,displayCompat,b
18,bXVsdGkuZnVuY3Rpb24uc2NpZW50aWZpYy5jYWxjdWxhdGUucGhvdG9tYXRoLmNhbGN1bGF0b3I=,displayCompat,b
19,a3IuZ28uY2RjLm5pcC5hbmRyb2lk,displayCompat,b
20,a3IuY28ucHN5bmV0,displayCompat,b
21,Y29tLnBlcmNlbnQubXliZXN0Mw==,displayCompat,b
22,Y29tLmZ0dC5oZXJvX2dsXzRrYWthbw==,displayCompat,b
23,Y29tLndhbG1hcnQuZ3JvY2VyeQ==,displayCompat,b
24,Y29tLnN1cGVyc29saWQucGVuZ3Vpbg==,displayCompat,b
25,Y29tLnJvYnRvcHguZ2VvbWV0cnlqdW1wbGl0ZQ==,displayCompat,b
26,Y29tLmpld2VsYmxhc3QucHV6emxlbGVnZW5k,displayCompat,b
27,Y29tLnRiZWdhbWVzLmFuZC5iZXN0X21vbnN0ZXJfcmFjaW5n,displayCompat,b
28,YXBwLm1hZ2ljLmNsZWFuZXIuYm9vc3Q=,displayCompat,b
29,Y29tLnNhbmRib3hvbC5pbmRpZWdhbWUuc2t5d2Fy,displayCompat,b
30,Y29tLnNreWNhcC5LaWRzX1dvb2Rlbl9KaWdzYXc=,displayCompat,b
31,Y29tLnNhbmRib3hvbC5ibG9ja3ltb2Rz,displayCompat,b
32,Y29tLmljb25uZWN0LmFwcC5wdHMuYQ==,displayCompat,b
33,Y29tLnNhbmRib3hvbC5pbmRpZWdhbWUuYmVkd2Fy,displayCompat,b
34,Y29tLmlkZWFjZWxsdWxhci5teWlkZWE=,displayCompat,b
35,Y29tLmZ1bnBsdXMuZmFtaWx5ZmFybQ==,displayCompat,b
36,cGFuZGEua2V5Ym9hcmQuZW1vamkudGhlbWU=,displayCompat,b
37,Y29tLmNyc2guZmx5aW5ncm9ib3QuY2Fyd2Fycw==,displayCompat,b
38,Y29tLmF0b21pYy5hcHBzLnJpbmd0b25lLmN1dHRlcg==,displayCompat,b
39,Y29tLkZER0VudGVydGFpbm1lbnQucmVkYmFsbDQuZ3A=,displayCompat,b
40,Y29tLmZhdGNhdC53ZWRkaW5nbWFrZXNhbG9u,displayCompat,b
41,Y29tLnlvdWNhbS5zZWxmaWVmaWx0ZXJzLm1ha2V1cA==,displayCompat,b
42,Y29tLmZhdGNhdC5IYWlyRGVzaWduZXJTYWxvbg==,displayCompat,b
43,Y29tLmdhbWU1bW9iaWxlLmxpbmVhbmR3YXRlcg==,displayCompat,b
44,Y29tLmdvb2dsZS5hbmRyb2lkLmFwcHMuYW5kcm9pZGlmeQ==,displayCompat,b
45,Y29tLmF2Zy5jbGVhbmVyaQ==,displayCompat,b
46,ZGUubXloZXJtZXMuYXBw,displayCompat,b
47,Y29tLmRweC5rdWppYW5n,displayCompat,b
48,Y29tLndvYWlrYS5rYXNoZW4=,displayCompat,b
49,Y29tLnFpY2FpLnRyYW5zbGF0ZQ==,displayCompat,b
50,Y29tLmdhcnRpYy5HYXJ0aWM=,displayCompat,b
51,YnIuY29tLm5leHRlbC5lY29tbWVyY2U=,displayCompat,b
52,Y29tLnRhcDRmdW4ucmVpZ25vZndhcg==,displayCompat,b
53,Y29tLmZhdGNhdC5Db29raW5nUGFzdGFJblRoZUtpdGNoZW4=,displayCompat,b
54,Y29tLmNtcGxheS50aWxlczI=,displayCompat,b
55,bmV0LnpodW93ZWl6aGFuZy5tY3BlbGF1bmNoZXI=,displayCompat,b
56,Y29tLnBob3RvdG92aWRlb21ha2VyLnNsaWRlc2hvd21ha2VyLk1vdmllTWFrZXI=,displayCompat,b
57,Y29tLm5lYnVsYS5tYW11,displayCompat,b
58,Y29tLmtpZGdhbWVzdHVkaW8ua2VlcHlvdXJob3VzZWNsZWFu,displayCompat,b
59,Y29tLnJhbmRvbWxvZ2ljZ2FtZXMud29yZHNlYXJjaA==,displayCompat,b
60,Y29tLmZhdGNhdC5TdXBlcnN0YXJNYWtldXBQcm9t,displayCompat,b
61,Y29tLmFwcy5jcmF6eS50cmlja3kudHJhaWwubWVnYS5iaWtlLm1hc3Rlcg==,displayCompat,b
62,Y29tLnBpeG9uaWMud3dy,displayCompat,b
63,bmV0Lndvb2dhLmJ1YmJsZWlzbGFuZDI=,displayCompat,b
64,Y29tLmNpdHkuY29hY2guYnVzLnNpbXVsYXRvci5kcml2ZQ==,displayCompat,b
65,YWxsLmluLm9uZS5waG90by5tYXRoLmNhbGN1bGF0b3I=,displayCompat,b
66,ZGUuZGhsLnBha2V0,displayCompat,b
67,bmV0Lmtlcm55cy5hb29uaQ==,displayCompat,b
68,Y29tLmJpbGxpYXJkcy5jaXR5LnBvb2wubmF0aW9uLmNsdWI=,displayCompat,b
69,cHV6emxlLndvb2QuYmxvY2suY3ViZS5tdXNpYy5ib3g=,displayCompat,b
70,Y29tLmhhbmFza2NhcmQucm9jb21vLnBvdGFs,displayCompat,b
71,a3IuY28uc3JhaWwuYXBw,displayCompat,b
72,Y29tLmhhbndoYWxpZmUubW9iaWxlY2VudGVy,displayCompat,b
73,Y29tLnRpbnljby5wb3R0ZXI=,displayCompat,b
74,Y29tLnJvY2tzdGFyZ2FtZXMuZ3RhdmM=,displayCompat,b
75,Y29tLmlnZy5jYXN0bGVjbGFzaA==,displayCompat,b
76,Y29tLnBpeGVsLmFydC5jb2xvcmluZy5jb2xvci5udW1iZXI=,displayCompat,b
77,Y29tLnptb2Rv,displayCompat,b
78,dHYubGZzdHJtLmFjdGl2dHY=,displayCompat,b
79,Y29tLmZydWl0aGVyb2VzLmxlZ2VuZA==,displayCompat,b
80,Y29tLnJvYnRvcHguZ2VvbWV0cnlkYXNoc3ViemVybw==,displayCompat,b
81,YnViYmxlLnNob290LmZydWl0LnNwbGFzaC5nYW1lMg==,displayCompat,b
82,Y29tLm1pbmljbGlwLnBsYWd1ZWluYw==,displayCompat,b
83,ZnIucjByby5hbmRyb2lkLkZyZWVUZWxlYw==,displayCompat,b
84,aW5mby53b2JhbWVkaWEubXl0YWxraW5ncGV0LnBsdXM=,displayCompat,b
85,Y29tLndvcmRnYW1lLnB1enpsZS5ib2FyZC5lbg==,displayCompat,b
86,Y29tLndvcmQuZ2FtZS5mdW4ucHV6emxlLnByaXNvbi5lc2NhcGUuY2FwdGFpbg==,displayCompat,b
87,Y29tLmZ0YXJvLm1ldGFsc29sZGllci5lbi5zYW1zdW5n,displayCompat,b
88,Y29tLnJvYnRvcHguZ2VvbWV0cnlkYXNobWVsdGRvd24=,displayCompat,b
89,Y29tLmFva3N3LnNhbXN1bmc=,displayCompat,b
90,c2xpZGUud2F0Y2hGcmVuenkuc2Ftc3VuZw==,displayCompat,b
91,Y29tLndpbmdzb2ZnbG9yeS5zYW1zdW5n,displayCompat,b
92,Y29tLnN1cGVyYnJvcy5hZHZlbnR1cmUuanVtcC5mcmVl,displayCompat,b
93,Y24uY2Fwc3RvbmVzLmZvb3RiYWxsLnVr,displayCompat,b
94,Y29tLmd0YXJjYWRlLmxvZA==,displayCompat,b
95,Y29tLmxpYmlpdGVjaC5wcmluY2Vzc3NhbG9uMg==,displayCompat,b
96,Y29tLnBhY2lmaWNpbnRlcmFjdGl2ZS5Ib3VzZU9mRnVu,displayCompat,b
97,Y29tLm9yYXNzdC5tb3RvcmN5Y2xl,displayCompat,b
98,Y29tLnNlbHZhcy5mcg==,displayCompat,b
99,Y29tLmFic29sdXRpc3Quc2Ftc3VuZy50aW1lZ2Fw,displayCompat,b
100,Y29tLmxpdi5oZGNhbQ==,displayCompat,b
101,Y29tLmdhbWVsb2Z0LmFuZHJvaWQuR0FORC5HbG9mdFVHOTU=,displayCompat,b
102,YnIuY29tLnRyaWNhZQ==,displayCompat,b
103,Y29tLnByb2R1Y3RtYWRuZXNzLmhvdm1vYmlsZQ==,displayCompat,b
104,Y29tLmxlbW9uZ2FtZS5rbG9uZGlrZS5zb2xpdGFpcmU=,displayCompat,b
105,c2hvb3Rlci50d28ucHVycGxl,displayCompat,b
106,ZXhhbXBsZS5maWlwYWcudG9vbHMudmlkZW8=,displayCompat,b
107,Y29tLmJhbGx5dGVjaG5vbG9naWVzLnF1aWNraGl0c2xvdHM=,displayCompat,b
108,Y29tLmRkaQ==,displayCompat,b
109,Y29tLnRkeC5BbmRyb2lkTmV3,displayCompat,b
110,Y29tLmdhcmVuYS5nYW1lLmZjdHc=,displayCompat,b
111,aGsuY29tLmFuZHJvaWQuamhj,displayCompat,b
112,a3IuY28ueW91Zmlyc3Quc3RhcnQ=,displayCompat,b
113,Y29tLmZhY2Vib29rLmxpdGU=,displayCompat,b
114,Y29tLmRpb3Rlay5kaW9kaWN0NC5FZGljdGlvbmFyeQ==,displayCompat,b
115,Y29tLmJsdW1lZGlhbGFiLnJhZGlvbGl0ZQ==,displayCompat,b
116,Y29tLmFic29sdXRpc3QudHdpbGlnaHR0b3du,displayCompat,b
117,Y29tLmFic29sdXRpc3Quc2Ftc3VuZy5jaXR5ZGV0ZWN0aXZl,displayCompat,b
118,Y29tLmdhbGF4eS5mYWxsZW5zb3Vscw==,displayCompat,b
119,Y29tLmhnLmNsb3Vkc2FuZHNoZWVwc2Ftc3VuZ2ZyZWU=,displayCompat,b
120,Y29tLnN0ZW5jeWwucm93ZHl3cmVzdGxpbmc=,displayCompat,b
121,Y29tLm1vYmlyaXgubHVkbw==,displayCompat,b
122,Y29tLm1hcmlvLmJyb3MuYWR2ZW50dXJlLmZyZWU=,displayCompat,b
123,YWlyLmNvbS5wZXBwYXBpZy5wYWludGJveA==,displayCompat,b
124,Y29tLnlvdWFpLnFpbGUuaGFpd2FpLnNhbXN1bmc=,displayCompat,b
125,YWlyLk1TUE1vYmlsZQ==,displayCompat,b
126,Y29tLmZyaWRheXNnYW1lcy5nb2RzYW5kZ2xvcnk=,displayCompat,b
127,cGwubmV0aWdlbi5waG90b2VkaXRvcg==,displayCompat,b
128,YWlyLmNvbS5zaGlyb2dhbWVzLmV2b2xhbmQxMg==,displayCompat,b
129,Y29tLmdpc21hcnQucmVhbHBpYW5vZnJlZS5zYW1zdW5n,displayCompat,b
130,Y29tLnRlbmNlbnQuaWJnLmpvb3g=,displayCompat,b
131,Y29tLnNsaW1jcmlja2V0LnNvcmNpZXJlc2Fuc25vbQ==,displayCompat,b
132,Y29tLnNwYWNlZ2FtZS5zb2xpdGFpcmUuc3BpZGVy,displayCompat,b
133,Y29tLm91dGZpdDcudGFsa2luZ3RvbQ==,displayCompat,b
134,bmV0LnBlYWtnYW1lcy5tb2JpbGUuc3BhZGVzLmFuZHJvaWQ=,displayCompat,b
135,Y29tLmFwcC5kb3dubG9hZG1hbmFnZXI=,displayCompat,b
136,Y29tLmdvb2dsZS5hbmRyb2lkLmFwcHMucGx1cw==,displayCompat,b
137,Y29tLmVtbjgubW9iaWxlbTgubmF0aXZlYXBw,displayCompat,b
138,Y29tLnBsYXlzdHVkaW9zLm15dmVnYXM=,displayCompat,b
139,Y29tLnNoaW5oYW5jYXJkLnNtYXJ0c2hpbmhhbg==,displayCompat,b
140,Y29tLmJyaWFuYmFlay5wb3BzdGFy,displayCompat,b
141,Y29tLm5jc29mdC5saW5lYWdlbTE5,displayCompat,b
142,Y29tLmZvay5mdW5kc3VwZXJtYXJrZXQ=,displayCompat,b
143,Y29tLnJ1bW1pa3ViZnJlZQ==,displayCompat,b
144,Y29tLndpbGxpYW1zaW50ZXJhY3RpdmUuamFja3BvdHBhcnR5,displayCompat,b
145,Y29tLmdpc21hcnQuZ3VpdGFy,displayCompat,b
146,Y29tLmVzcG9ydHNob290aW5nLmZwcy50aGVraWxsYm94LnNz,displayCompat,b
147,bnouY28uY29kZXBvaW50Lm1pbmltZXRybw==,displayCompat,b
148,YWlyLmNvbS5waXhlbGZlZGVyYXRpb24uVHJhaW5TdGF0aW9uR2FtZQ==,displayCompat,b
149,Y29tLm9uZWN3aXJlbGVzcy5tYWhqb25nLmZyZWUuc2Ftc3VuZw==,displayCompat,b
150,a2lkZ2FtZXMuY2hyaXN0bWFzLnBhY2s=,displayCompat,b
151,Y29tLmhvbWVzY3JlZW4ucGhvbmUudGhlbWU=,displayCompat,b
152,Y29tLmtlZG9vLnRhbGtpbmdib29iYXNlbGZpZQ==,displayCompat,b
153,Y29tLnN1bS5mczI=,displayCompat,b
154,Y29tLm5ldGVhc2UuaDJuYS5hbmRyb2lk,displayCompat,b
155,Y29tLmhnLmd1bnNhbmRnbG9yeTJzYW1zdW5nZnJlZQ==,displayCompat,b
156,Y29tLmFic29sdXRpc3QuaGlkZGVubnVtYmVycw==,displayCompat,b
157,Y29tLmJpZ2JsdWVidWJibGUuamFtbWlu,displayCompat,b
158,Y29tLmFuZHJvYmFieS5nYW1lMjA0OA==,displayCompat,b
159,Y29tLnJheTNkLnNob290c25pcGVy,displayCompat,b
160,dXMucGluZ3VvLnNlbGZpZQ==,displayCompat,b
161,Y29tLm5vbm8uYW5kcm9pZA==,displayCompat,b
162,Y29tLmZvcnNoYXJlZA==,displayCompat,b
163,YnViYmxlLmVzY2FwZQ==,displayCompat,b
164,Y29tLmF1ZmVtaW5pbi5tYXJtaXRvbg==,displayCompat,b
165,Y29tLnNhcC5lZGl0LnBybw==,displayCompat,b
166,Y29tLmNyc2gudHJhbnNtdXRlLnJvYm90c3VwZXJoZXJv,displayCompat,b
167,Y29tLnByaXZhbGlhLml0,displayCompat,b
168,Y29tLmV2aWRlby5Nb2JpbGVLVFY=,displayCompat,b
169,Y29tLmRhbmdkYW5nLnJlYWRlcg==,displayCompat,b
170,Y29tLmdhbWVpbnNpZ2h0Lm15Y291bnRyeTIwMjAuc2Ftc3VuZw==,displayCompat,b
171,Y29tLnZpcnR1YWxtYXplLmRyaXZpbmdyb3V0ZWZpbmRlcg==,displayCompat,b
172,Y29tLmRvdGVtdS5ydHlwZQ==,displayCompat,b
173,Y29tLndvcm1zMmFybWFnZWRkb24uYXBwdG5i,displayCompat,b
174,Y29tLmhlYWR1cGdhbWVzLmR1YmRhc2h0bmI=,displayCompat,b
175,Y29tLnJlZGVmaW5lLndlbGlrZQ==,displayCompat,b
176,cGwubmV0aWdlbi5iZXN0a2V5Ym9hcmRwaWFubw==,displayCompat,b
177,Y29tLmdhbWVpbnNpZ2h0LmNydGQuc2Ftc3VuZw==,displayCompat,b
178,Y29tLnNxdWFyZWVuaXguZHht,displayCompat,b
179,Y29tLmxtLnBvd2Vyc2VjdXJpdHk=,displayCompat,b
180,Y29tLmNvZmZlZXN0YWluc3R1ZGlvcy5nb2F0c2ltdWxhdG9ydG5i,displayCompat,b
181,a2lkZ2FtZXMuZGluby5jb2xvcmluZw==,displayCompat,b
182,Y29tLmhnLmNsb3Vkc2FuZHNoZWVwdG5i,displayCompat,b
183,Y29tLnBhc3RhZ2FtZXMucm8xbW9iaWxldG5i,displayCompat,b
184,Y29tLmRvdGVtdS5yYWlkZW5sZWdhY3k=,displayCompat,b
185,Y29tLmhnLmN5YmVybG9yZHN0bmI=,displayCompat,b
186,Y29tLmhlYWR1cGdhbWVzLmJyaWRnZWNvbnN0cnVjdG9ycGxheWdyb3VuZHRuYg==,displayCompat,b
187,Y29tLmRvdGVtdS5ydHlwZTI=,displayCompat,b
188,Y29tLmhnLmFvdGxwcmVtaXVtdG5i,displayCompat,b
189,a2lkZ2FtZXMuY2Fycy5jb2xvcmluZw==,displayCompat,b
190,dWsuY28ueWFrdXRvLlRhYmxlVGVubmlzVG91Y2guc2Ftc3VuZ3RuYg==,displayCompat,b
191,Y29tLnlpcHBlZS5jaGltcGFjdHJ1bi5wcGQ=,displayCompat,b
192,Y29tLm9uZWN3aXJlbGVzcy5tYWhqb25ndmlsbGFnZS5zYW1zdW5nLmZyZWU=,displayCompat,b
193,Y29tLnNreS5mdW5ueWZydWl0c3BsYXNo,displayCompat,b
194,YnViYmxlc2hvb3Rlci5vcmln,displayCompat,b
195,Y29tLndlYmFuay53ZW1vbmV5,displayCompat,b
196,Y29tLmtub3dib3gucmMuc3R1ZGVudC5waw==,displayCompat,b
197,Y29tLm91cGVuZy5taW5pLmFuZHJvaWQ=,displayCompat,b
198,QmluZy5jb20=,displayCompat,b
199,Y29tLmhlYWR1cGdhbWVzLnNoaW55eHRuYg==,displayCompat,b
200,Y29tLnNhbmRib3hvbC5pbmRpZWdhbWUuZWdnd2Fycw==,displayCompat,b
201,Y29tLmZ1bm55cGxheWdhbWVzLmV4dHJlbWVtb3RvY3Jvc3Muc3R1bnRiaWtlcw==,displayCompat,b
202,Y29tLmJucDIxLmR1dHlmcmVlMjRfdGVzdA==,displayCompat,b
203,a3IuY28uaWNoYWxsZW5nZS5ob2Jp,displayCompat,b
204,Y29tLmRpYi5hcHA=,displayCompat,b
205,Y29tLnBpYy5teWNhbWVyYQ==,displayCompat,b
206,Y29tLndvbGZnYW5na25lY2h0LnNjcmliYmxlcmFjZXIyLnNhbXN1bmc=,displayCompat,b
207,a2lkZ2FtZXMuYWJjLnBhY2s=,displayCompat,b
208,a3IuY28ua2JzbWMua2JzbWNtYWluYXBw,displayCompat,b
209,Y29tLmpveWNpdHkuc2FtdXJhaW0=,displayCompat,b
210,Y29tLnZlaGljbGVzLmFjdGl2aXRpZXM=,displayCompat,b
211,Y29tLm5va25vay5tYXJ0,displayCompat,b
212,Y29tLmdhbWVwdWIueXQudA==,displayCompat,b
213,Y29tLmdhbWVwdWIueXQuZw==,displayCompat,b
214,bmRvb3JzLmdvb2dsZS5zYW1wb29tX2dvb2dsZV8zZ192ZXIy,displayCompat,b
215,b3JnLnByb3dsLnRvcnF1ZQ==,displayCompat,b
216,Y29tLnBpYy5waXBjYW1lcmE=,displayCompat,b
217,Y29tLndzbC5ub29t,displayCompat,b
218,Y29tX2Fuc2FuZ2hhLmRlZ29tb2t1,displayCompat,b
219,Y29tLm1vYmlsaXR5d2FyZS5zb2xpdGFpcmU=,displayCompat,b
220,Y29tLmNhdGxhYi5jb29raW5n,displayCompat,b
221,Y29tLmFsaWdhbWVzLnNnemhnLnNhbXN1bmc=,displayCompat,b
222,S2FsLkZsaWdodEluZm8=,displayCompat,b
223,Y29tLmdvbGRlbmtleXNvbHV0aW9ucy5zaW00Z3ZpZXR0ZWxhcHAy,displayCompat,b
224,a3IuY28ubWFuaG9sZS5odWppY2Ft,displayCompat,b
225,Y29tLnBlcmZlY3R3aW4uaGlnaHNjaG9vbC5jcnVzaC5tYWtldXAuZHJlc3N1cC5maXJzdC5sb3ZlLmtpc3M=,displayCompat,b
226,Y29tLmZpcmVwbHVzdGVhbS5zdGlja2p1bXA=,displayCompat,b
227,Y29tLnR3ZWVuc29mdC5zcGVlZHliaXJk,displayCompat,b
228,Y29tLmVsZXZlbmJpdHN0dWRpb3MuU2xlZXB3YWxrZXJzSm91cm5leUhEQ2xlYW50bmI=,displayCompat,b
229,Y29tLmVsZXZlbmJpdHN0dWRpb3MudHdvbW1vYmlsZXRuYg==,displayCompat,b
230,Y29tLm1vYmlzb2Z0LnNvY2lhbG5pbmph,displayCompat,b
231,Y29tLmFwcHh5LnRpbnlzY2Fu,displayCompat,b
232,a2lkZ2FtZXMubGVhcm4uZHJhdw==,displayCompat,b
233,Y29tLmFpcmcua2l0dHlzbmF0Y2g=,displayCompat,b
234,Y29tLnJhc3RhcmdhbWVzLnJvZC5zYW0=,displayCompat,b
235,Y29tLnRvdC5zYW1zdW5n,displayCompat,b
236,Y29tLmppaGFpLmJhdHRlcnlmYXN0Y2hhcmdpbmc=,displayCompat,b
237,Y29tLnRraWcuYW5k,displayCompat,b
238,Y29tLnJzZy5jamh3eQ==,displayCompat,b
239,Y29tLmFtaGVuLnNhbXN1bmc=,displayCompat,b
240,Y29tLmxvY29qb3l0ai5kZDIuc2Ftc3VuZw==,displayCompat,b
241,Y29tLmdla2tvLnJvaw==,displayCompat,b
242,Y29tLmFsZXgubGFuZGxvcmQ=,displayCompat,b
243,Y29tLm11dGFvLnpoaXBhaQ==,displayCompat,b
244,Y29tLmVtYWdyb3Vwcy5zYW1zdW5n,displayCompat,b
245,Y29tLnBhdGlzdHVkaW8ubWlsYzRrYWthbw==,displayCompat,b
246,Y29tLmFsaWJhYmEud2lyZWxlc3M=,displayCompat,b
247,Y29tLm1yZ2FtZXMubGFydmFoZXJvZXNmcmVl,displayCompat,b
248,Y29tLnNrZ2FtZXMudHJhZmZpY3JhY2Vy,displayCompat,b
249,Y29tLnNxdWFyZWVuaXhtb250cmVhbC5oaXRtYW5zbmlwZXJhbmRyb2lk,displayCompat,b
250,Y29tLm1pY3JvZnVuLm11bmNoa2luLnNhbXN1bmc=,displayCompat,b
251,Y29tLmF3bWFudi5zYW1zdW5n,displayCompat,b
252,Y29tLmJvb21iaXRnYW1lcy5zYW1zdW5nLlRpbnky,displayCompat,b
253,Y29tLnNtYWlkcy5zYW1zdW5n,displayCompat,b
254,Y29tLmxpbGl0aGdhbWVzLnNnYW1lLmFicm9hZC5zYW1zdW5n,displayCompat,b
255,Y29tLnByZ2FtZTUuZ2FwbGUub25saW5lLnlpbm5pLnNhbXN1bmc=,displayCompat,b
256,Y29tLmxpbmVjb3JwLkxHQkIy,displayCompat,b
257,anAuY29sb3BsLndjYXQ=,displayCompat,b
258,Y29tLmxpbmVjb3JwLkxHVE1UTQ==,displayCompat,b
259,Y29tLmRvdGVtdS5zYW5pdGFyaXVt,displayCompat,b
260,Y29tLmJ1bGt5cGl4LmFzdGVyaXhzdWI=,displayCompat,b
261,Y29tLmpveWJpdHMuZG9vZGxlZGV2aWxfcGF5dG5i,displayCompat,b
262,Y29tLnNxdWFyZWVuaXgudG9tYnJhaWRlcjFjbGFzc2lj,displayCompat,b
263,Y29tLnNxdWFyZWVuaXgudG9tYnJhaWRlcjJjbGFzc2lj,displayCompat,b
264,Y29tLmZlbm9tZW4ucmVkaG9vZGYycA==,displayCompat,b
265,Y29tLmRldmlsaHVudGVyLnNhbXN1bmc=,displayCompat,b
266,Y29tLmpveWJpdHMuZG9vZGxlZmFybXRuYg==,displayCompat,b
267,am95Yml0cy5kb29kbGVtYWZpYV9hbHR0bmI=,displayCompat,b
268,Y29tLmpzLmpld2VsdHJlZWZ1bGx0bmI=,displayCompat,b
269,Y29tLmFsYXdhci5tb250ZXp1bWFwYXJ0bmVydG5i,displayCompat,b
270,Y29tLmFsYXdhci50cmVhc3VyZXNvZm1vbnRlenVtYTQucGFydG5lcnM=,displayCompat,b
271,Y29tLmFsYXdhci5GRjNBbWVyaWNhblBpZS5QYXJ0bmVycw==,displayCompat,b
272,Y29tLnBsYXlzdGF0aW9uLnJ1bnNhY2tib3lydW4=,displayCompat,b
273,Y29tLnNvZnQuYmx1ZWQ=,displayCompat,b
274,Y29tLndtLmRtYWxs,displayCompat,b
275,Y29tLnZ2dmRqLnBsYXllcg==,displayCompat,b
276,Y29tLmFsYXdhci5ob2gzZnVsbA==,displayCompat,b
277,Y29tLmRvdGVtdS55czJ4,displayCompat,b
278,Y29tLmRpYW5odW4uc3VtbW9uZXJzcHV6emxlcy5zYW1zdW5n,displayCompat,b
279,Y29tLnF0ei5nYW1lLmtvci56bHNnLmty,displayCompat,b
280,Y29tLmtvcmVhaG5jLm15c2VtMg==,displayCompat,b
281,Y29tLnN0b3ZlLnRoZW11c2ljaWFuLmdvb2dsZQ==,displayCompat,b
282,Y29tLmtyLmtyenEub25l,displayCompat,b
283,Y29tLnNlb2hvamluLmJvb21jYXJlX3RoZXJtb21ldGVy,displayCompat,b
284,Y29tLmNqZW5tLnNrbmlnaHRz,displayCompat,b
285,Y29tLm15emFrZXIuWkFLRVJfUGhvbmU=,displayCompat,b
286,YWlyLmNvbS5oeXBhaC5pby5zbGl0aGVy,displayCompat,b
287,Y29tLnBlcmNlbnQubXliZXN0,displayCompat,b
288,YXQubmVyLmxlcHNXb3JsZDI=,displayCompat,b
289,YXQubmVyLnpvbWJpZVdvcmxkRnJlZQ==,displayCompat,b
290,Y29tLmdhbWVpbWFrZS5tZXJtYWlkcmVzY3VlbG92ZXN0b3J5,displayCompat,b
292,Y29tLnlpd2FuZw==,displayCompat,b
293,Y29tLm1hbXBvZC5lcmdlZGQ=,displayCompat,b
294,Y29tLmh1bHV4aWEuZ2FtZXRvb2xz,displayCompat,b
295,Y29tLmJyb3dzZXIyMzQ1,displayCompat,b
296,Y29tLmdvbGRlbmtleXNvbHV0aW9ucy52aW5hcGhvbmU0Z2FwcA==,displayCompat,b
298,Y29tLnBpY3N0dWRpby5waG90b2VkaXRvcnBsdXM=,displayCompat,b
299,Y29tLmRvdWJsZXVnYW1lcy5Eb3VibGVVQ2FzaW5v,displayCompat,b
300,Y24uY29sb3J2,displayCompat,b
301,Y28ud2VsYWIud29sYWlkYWk=,displayCompat,b
302,Y29tLnp5bmdhLmxpdmVwb2tlcg==,displayCompat,b
303,Y29tLnRydWVmcmllbmQubmVvc21hcnRh,displayCompat,b
304,Y29tLnNreS5mcmVlLm11c2lj,displayCompat,b
305,Y29tLmFsaWdhbWVzLnNnemhnLmdvb2dsZQ==,displayCompat,b
306,Y29tLms3azcuQmFvSHVhbmc=,displayCompat,b
307,Y29tLmJhaWR1Lndlbmt1,displayCompat,b
308,Y29tLnp5bmdhLkZhcm1WaWxsZTJDb3VudHJ5RXNjYXBl,displayCompat,b
309,bmV0LmFwZXhfZGVzaWducy5wYXliYWNrMg==,displayCompat,b
310,Y29tLmh5cGVya2FuaS5ib21iZXJmcmllbmRz,displayCompat,b
311,Y29tLnZlY3RvcnVuaXQucHVycGxlLmdvb2dsZXBsYXk=,displayCompat,b
312,bmV0LnBlYWtnYW1lcy5ZdXpiaXI=,displayCompat,b
313,Y29tLmtvdWRhaS53ZWlkaWFuLmJ1eWVy,displayCompat,b
314,Y29tLnRlbmNlbnQudG1ncC5yeGNx,displayCompat,b
315,Y29tLnRlbmNlbnQudG1ncC5wdnoyaGR0eHl5Yg==,displayCompat,b
316,bmV0LndhcmdhbWluZy53b3QuYmxpdHo=,displayCompat,b
317,Y29tLmliaWtlLnB1YmxpY2JpY3ljbGUuYWN0aXZpdHk=,displayCompat,b
318,Y29tLmdhbWV2aWwucHNyZm9ya2FrYW8=,displayCompat,b
319,Y29tLmZlbnpvdGVjaC5qaW11,displayCompat,b
320,Y29tLm1haGpvbmcuc2ljaHVhbmc=,displayCompat,b
321,Y29tLndvcmRnYW1lLnB1enpsZS5ib2FyZC5pdA==,displayCompat,b
322,Y29tLmRpc2NvdmVyeS5kaXNjb3Zlcnlnbw==,displayCompat,b
323,Y29tLmtwZ2FtZS5Qb2tlckJyb3M=,displayCompat,b
324,Y29tLklCSy5TbWFydFB1c2guYXBw,displayCompat,b
325,Y29tLmRyb3Bkb20uYmxvY2twdXp6bGUuaHd3Z2FtZQ==,displayCompat,b
326,Y29tLk5ITkVudC5ORHVlbGdv,displayCompat,b
327,Y29tLmRyb2lkaGFuZy5hZA==,displayCompat,b
328,Y29tLnNwb3J0cy5yZWFsLmdvbGYucml2YWwub25saW5l,displayCompat,b
329,Y29tLm5leG9uLnNpbm9hbGljZQ==,displayCompat,b
330,Y29tLmFua2FtYS5kb2Z1c3RvdWNo,displayCompat,b
331,ZnIuYW5pZG4=,displayCompat,b
332,Y29tLmtha2FvZ2FtZXMubmlra2k=,displayCompat,b
333,Y29tLmFkZGljdGl2ZS5zdHJhdGVneS5hcm15,displayCompat,b
334,Y29tLllvU3RhcktSLkFya25pZ2h0cw==,displayCompat,b
335,a3IuY28uZGdiLmRnYm0=,displayCompat,b
336,Y29tLmdhbWUuZmFsbGluZ3B1enpsZQ==,displayCompat,b
337,Y29tLk1lbHNvZnRHYW1lcy5GYW1pbHlJc2xhbmRGYXJt,displayCompat,b
338,Y29tLnR3bzMxcGxheS5tYWhqb25nY2l0eQ==,displayCompat,b
339,Y29tLmtldGNoYXBwLmtuaWZlaGl0,displayCompat,b
340,Y29tLm9tZ3BvcC5kc3RmcmVl,displayCompat,b
341,YmxvY2twdXp6bGUubmV3MTAxMC5qZXdlbGdhbWVzLnB1enpsZWdhbWVz,displayCompat,b
342,cm9sbC51bmJsb2NrLmJhbGwuYmxvY2sucHV6emxl,displayCompat,b
343,Y29tLnBsYXlzdHVkaW9zLnBvcHNsb3Rz,displayCompat,b
344,Y29tLndoaXRlZG90LmJmZw==,displayCompat,b
345,Y29tLmFjb2luLmJhbGx6LmJyaWNrcy5icmVha2Vy,displayCompat,b
346,Y29tLkZvcmdlR2FtZXMuU3BlY2lhbEZvcmNlc0dyb3VwMg==,displayCompat,b
347,Y29tLmJodnIuZGVhZGJ5ZGF5bGlnaHQ=,displayCompat,b
348,Y29tLm5leHRlcnMuaGVyb3dhcnM=,displayCompat,b
349,cnUuZ2FseWEuZHJhd2pvdXN0,displayCompat,b
350,cGwubHVrb2suZHJhdWdodHM=,displayCompat,b
351,Y29tLmtlcGxlcmlhbnMuaWNlc2NyZWFtMw==,displayCompat,b
352,Y29tLnRpdGFuLmNkLmdi,displayCompat,b
353,Y29tLmFuc2FuZ2hhLmRyZHJpdmluZw==,displayCompat,b
354,Y29tLllvdm9HYW1lcy5kZW50aXN0,displayCompat,b
355,dmlkZW9kb3dubG9hZGVyLmZidmlkZW9kb3dubG9hZGVyLmZhY2Vib29rdmlkZW9kb3dubG9hZGVyLnZpZGVvZG93bmxvYWRlcmZvcmZhY2Vib29r,displayCompat,b
356,Y29tLnRvcHdhci5ncA==,displayCompat,b
357,Y29tLmNyaXRpY2FsLnN0cmlrZTI=,displayCompat,b
358,Y29tLmdhbWViZXJyeS5sdWRvLnN0YXIy,displayCompat,b
359,Y29tLnJ1YnlnYW1lcy5hc3Nhc3Npbg==,displayCompat,b
360,Y29tLm1lbGVzdGEuY29mZmVlc2hvcA==,displayCompat,b
361,Y29tLnJlZHNhaGFyYS50ZXJhaGVybw==,displayCompat,b
362,Y29tLnpsb25nYW1lLmtyLmxhbmdyaXNzZXI=,displayCompat,b
363,Y29tLm5leG9uLmZvNG0=,displayCompat,b
364,Y29tLnRnYy5za3kuYW5kcm9pZA==,displayCompat,b
365,Y29tLmhpZ2hicm93LmdhbWVzLlNhbVRhY3RpY3M=,displayCompat,b
366,Y29tLm1lbGVzdGEudG95ZGVmZW5zZTI=,displayCompat,b
367,Y29tLndlc3RidW5kLmhlcm9zLmVu,displayCompat,b
368,a3IuYW9zLmNvbS5hcHJvZ2VuLmhuZy5mb3J0cmVzc20=,displayCompat,b
369,Y29tLmJhbmppaGFnYW1lcy5zZW91bDIwMzNfYmFja2Vy,displayCompat,b
370,Y29tLndpc2VkdS5jcGRhaWx5,displayCompat,b
371,a3IuZ28ua2NzLm1vYmlsZS5wdWJzZXJ2aWNl,displayCompat,b
372,Y29tLnZpY3Rvcmlhc3NlY3JldC5waW5rbmF0aW9u,displayCompat,b
373,anAuZ29vZHNtaWxlLmdyYW5kc3VtbW9uZXJzZ2xvYmFsX2FuZHJvaWQ=,displayCompat,b
374,Y29tLm10dm4ubXR2UHJpbWVBbmRyb2lk,displayCompat,b
375,Y29tLnBlb3BsZWZ1bi5ibG9ja3NjYXBlcw==,displayCompat,b
376,Y29tLm10dm4udmgxYW5kcm9pZA==,displayCompat,b
377,Y29tLmdhbWUuc29ydGl0M2Q=,displayCompat,b
378,Y29tLkpzdG9yeS5TZXZlbkpzdG9yeQ==,displayCompat,b
379,a3IuZ28ubmVtYS5kaXNhc3RlcmFsZXJ0X25ldw==,displayCompat,b
380,bmV0LmRhdW0ucmVhbGVzdGF0ZQ==,displayCompat,b
382,Y29tLnJhbmRvbWxvZ2ljZ2FtZXMuc29saXRhaXJlaW5maW5pdGU=,displayCompat,b
383,Y2x1Yi5mcm9tZmFjdG9yeQ==,displayCompat,b
384,Y29tLmJpZ2Nha2UuYW5kcm9pZC5tZXJnZXB1enpsZQ==,displayCompat,b
385,Y29tLmdhbWVob3VzZS5kZWxpY2lvdXNkaW5lcmNvb2tpbmc=,displayCompat,b
386,Y29tLmNvb2tpbmdjaXR5LmNoZWYua2l0Y2hlbi5jcmF6ZS5mZXZlcg==,displayCompat,b
387,anBhcmsuQU9TNQ==,displayCompat,b
388,aWQuZHJha29yLnBsdXM=,displayCompat,b
389,Y29tLndvcmRnYW1lLndvcmRzLmNvbm5lY3Q=,displayCompat,b
390,Y29tLnVhLmJ1aWxkaW5nLkxva2ljcmFmdA==,displayCompat,b
391,Z2FtZS5wdXp6bGUuYmxvY2twdXp6bGU=,displayCompat,b
392,Y29tMC5Db21wYW55LlByb2R1Y3ROYW1lMQ==,displayCompat,b
393,Y2xhc3NpYy5icmljay5nYW1lcy50ZXRyaXM=,displayCompat,b
394,Y29tLndvcmRnYW1lLnB1enpsZS5ibG9jay5jcnVzaC5waWMuZW4=,displayCompat,b
395,Y29tLmNhcmRnYW1lcy5zb2xpdGFpcmUuZnVuLmZyZWUuc3BpZGVyLmNsYXNzaWM=,displayCompat,b
396,Y29tLmRvZ2J5dGVnYW1lcy5vZmZ0aGVyb2Fk,displayCompat,b
397,Y29tLm1lMnplbi50cmlwZWFrcw==,displayCompat,b
398,YmVhdG1ha2VyLmVkbS5tdXNpY2dhbWVzLmd1bnNvdW5kcw==,displayCompat,b
399,Y29tLnJ5b2hlaS5oYXJ1a2kuRXhpdA==,displayCompat,b
400,Y29tLmJhYmlsLmFuZHJvaWRwYW56ZXI=,displayCompat,b
401,Y29tLmR5c3VnYXIuamV3ZWxzLnByaW5jZQ==,displayCompat,b
402,Y29tLm1pbmRtaWxsLnRhbmdyYW0uYmxvY2sucHV6emxl,displayCompat,b
403,Y29tLmZhc3RmdW4udGV0cmlz,displayCompat,b
404,Y29tLnRvaHNvZnQuYXJhc2hpLm5pbmphLnNoYWRvdw==,displayCompat,b
405,Y29tLmxpbmtkZXNrcy5qZXdlbGxlZ2VuZA==,displayCompat,b
406,Y29tLmRuZGRyZWFtLmhlYWRzb2NjZXIuYW5kcm9pZA==,displayCompat,b
407,Y29tLmFwcHluYXRpb24ud2JwYw==,displayCompat,b
408,Y29tLmJpYmxlLmtpZHM=,displayCompat,b
409,Y29tLmNoaWxsaW5nby5pbmNyZWRpYmxlamFjay5hbmRyb2lkLnJvd2dwbGF5MQ==,displayCompat,b
410,Y29tLmlzY29vbGVudGVydGFpbm1lbnQuc25j,displayCompat,b
411,Y29tLmV5dS5waWFubw==,displayCompat,b
412,Z2FtZXMuc3BlYXJtaW50LnRyaXBsZWNydXNo,displayCompat,b
413,Y29tLm1hbm1hbmJ1eS5iaWppYQ==,displayCompat,b
414,Y29tLm1vbm9tb2Iub21vaw==,displayCompat,b
415,Y29tLmxpb25zdHVkaW9zLm1yYnVsbGV0,displayCompat,b
416,YWlyLm5ldC5pZGVhc2FtLmdhbWVzLmNhdA==,displayCompat,b
417,Y29tLmRvbmdidXNlYy54dHM=,displayCompat,b
418,Y29tLnZuZy5uZ29pc2FvdGhvaXRyYW5n,displayCompat,b
419,Y29tLmdsb2JhbC53ZndkLmdvb2dsZQ==,displayCompat,b
420,Y29tLndzeS5nb29nbGUud2Fuc3VpeWUua3I=,displayCompat,b
421,Y29tLmx4LnJlc3Rvcmlh,displayCompat,b
422,Y29tLm9oYmliaS5mcHM=,displayCompat,b
423,Y29tLnNwYWNlZ2FtZS5ob21lZGVzaWdu,displayCompat,b
424,Y29tLm5hbmkuZWdvLmtyLmFvcw==,displayCompat,b
425,Y29tLmJhbmRhaW5hbWNvZW50LmltYXNfbWlsbGlvbmxpdmVfdGhlYXRlcmRheXNfa3I=,displayCompat,b
426,Y29tLmtiY2FyZC5rYXQubGlpdm1hdGU=,displayCompat,b
427,Y29tLm1pcmFlYXNzZXQuZ2xvYmFs,displayCompat,b
428,cHV6emxlLmJsb2NrcHV6emxlLmN1YmUucmVsYXg=,displayCompat,b
429,Y29tLmRlc2lnbmtleWJvYXJkLmtleWJvYXJk,displayCompat,b
430,Z292LmNhLmxvdC5jYUxvdHRlcnlBcHA=,displayCompat,b
431,Y29tLnRlbmNlbnQudG1ncC5rci5jb2Rt,displayCompat,b
432,Y29tLm1laWxpeXVl,displayCompat,b
433,Y29tLm15YmFuay5hbmRyb2lkLnBob25l,displayCompat,b
434,Y29tLmtiY2FyZC5rYmtvb2ttaW5jYXJk,displayCompat,b
435,Y29tLm1hc29tby5iYXNrZXRiYWxsYXJlbmE=,displayCompat,b
436,YWlyLmNvbS5sdW5pbWUuZ2FjaGFjbHVi,displayCompat,b
437,Y29tLmdyYW5kZWdhbWVzLnNsb3RzLmRhZnUuY2FzaW5v,displayCompat,b
438,Y29tLnJpb3RnYW1lcy5tb2JpbGUubGVhZ3VlY29ubmVjdA==,displayCompat,b
439,Y29tLmRpYW1vbmRsaWZlLnNsb3RzLnZlZ2FzLmZyZWU=,displayCompat,b
440,Y29tLnRha2ltaS5hbmRyb2lk,displayCompat,b
441,YWlyLmNvbS5waXhlbGZlZGVyYXRpb24uZGlnZ3k=,displayCompat,b
442,Y29tLmFjY3V3ZWF0aGVyLmFuZHJvaWQ=,displayCompat,b
443,Y29tLm5vb24ubm93bm93,displayCompat,b
444,Y29tLnNlY3VyZXdlYg==,displayCompat,b
445,Y29tLmVjaGFubmVscy5tb2lzbWFydHNlcnZpY2Vz,displayCompat,b
446,Y29tLm15dG9uYS5jb29raW5nZGlhcnkuYW5kcm9pZA==,displayCompat,b
447,Y29tLmIyd2luYy5hbWVkaWdpdGFs,displayCompat,b
448,Y29tY29tLnBlcnBsZWxhYi5kcmFnb252aWxsYWdlbS5rcg==,displayCompat,b
449,Y29tLmplbGx5YnVzLk1vbGRpdg==,displayCompat,b
450,Y29tLmNpdGljY2FyZC5tb2JpbGViYW5r,displayCompat,b
451,Y29tLnZpZGVvZ28=,displayCompat,b
452,Y29tLldlYnRvdXI=,displayCompat,b
453,a3IuZ28ua2RjYS5jb292,displayCompat,b
454,Y29tLnBvcGNhcC5wdnoyY3RoZHN4,displayCompat,b
455,aW8uZ2Jpa2UuZ2Nvb3Rlcg==,displayCompat,b
456,Y29tLmJidW1nYW1lcy5zcGFkZXNyb3lhbGU=,displayCompat,b
457,Y29tLm5hbm90cmliZS5nYW1lcy5jYXNoaWVyM2Q=,displayCompat,b
458,Y29tLnVuaXR5Lmx1Y2t5ZGlhbW9uZA==,displayCompat,b
459,Y29tLnRvcHVsdHJhZ2FtZS5zbG90bGFzdmVnYQ==,displayCompat,b
460,Y29tLmxlb2FvLmZpdG5lc3M=,displayCompat,b
461,Y29tLnNlcnZpY2UuYW5kcm9pZC5nb3YuY24=,displayCompat,b
462,a3IuY28udGhlam9pbi5oZWFsdGhueW91LnNlb3Vs,displayCompat,b
463,Y29tLmNyb3F1aXMuemlnemFn,displayCompat,b
464,Y29tLnRlbmNlbnQuYmFpeWVpbnQ=,displayCompat,b
465,Y29tLmtvcmVhLmxtemguZ29vZ2xl,displayCompat,b
466,Y29tLmNoYXBsaW4uZ29nZ29vZ2xl,displayCompat,b
468,Y29tLnhiaWFv,displayCompat,b
469,a3IuZ2FtZW9uZS5nYW1lb25lbW9iaWxl,displayCompat,b
470,Y29tLm1paC5wbGFuZml0,displayCompat,b
471,Y29tLmFsaWJhYmEuYWxpZXhwcmVzc2hk,displayCompat,b
472,a3IuY28udGhldmVudGk=,displayCompat,b
473,Y29tLnRlbmNlbnQucXQucXRs,displayCompat,b
474,Y29tLnNhbmt1YWkubWVpdHVhbi5tZXJjaGFudA==,displayCompat,b
475,Y29tLmt1YWlkdWl6dW95ZS5zY2Fu,displayCompat,b
476,Y29tLmRyZWFtZS5zbWFydGxpZmU=,displayCompat,b
477,a3IuZTc3Ny5SRVQ=,displayCompat,b
478,Y29tLndpa2lob3cud2lraWhvd2FwcA==,displayCompat,b
479,a3Iub3Iuc2lsc29uLktBQ1I=,displayCompat,b
480,Y29tLmZsaXBmaXQ=,displayCompat,b
481,Y29tLndlYXRoZXIuV2VhdGhlcg==,displayCompat,b
482,Y29tLm10Lm10eHgubXR4eA==,displayCompat,b
483,Y29tLnRlc2xhbW90b3JzLnRlc2xh,displayCompat,b
484,Y29tLnFpaG9vLm5hbWlzbw==,displayCompat,b
485,Y29tLmNzaWkuZ3VpemhvdQ==,displayCompat,b
486,Y29tLnd3d3Njbi55dWV4aW5nYmFv,displayCompat,b
487,Y29tLnN0YXJidWNrcy5jbg==,displayCompat,b
488,Y29tLmhhbndlYi5hbmRyb2lkLnNkendmdy5hY3Rpdml0eQ==,displayCompat,b
489,Y29tLmFyYW55YWFwcA==,displayCompat,b
490,Y29tLnpjYmwuYmpqal9kcml2aW5n,displayCompat,b
491,Y29tLm54eS5tb2JpbGViYW5rLmd4,displayCompat,b
493,Y2RlcmcuY29jYy5jb2NjX2NkaWRz,displayCompat,b
495,Y29tLmpzdGQuc2Vjb25kZG9n,displayCompat,b
497,Y29tLnF1ZXN0aW9ucy5saXRlYWk=,displayCompat,b
500,Y29tLmp1c3RleGNlcHRpb24ubG9jX3dlYXRoZXI=,displayCompat,b
504,b3JnLnp5d3gud2JwYWxtc3Rhci53aWRnZXRvbmUudWV4MTEyOTY4NzY=,displayCompat,b
505,Y29tLnpqdy5jaGVoYW5nMTY4,displayCompat,b
507,Y24uaGlsdG9uLmFuZHJvaWQuaGhvbm9ycw==,displayCompat,b
508,a3IudWNvLm1vYmluZw==,displayCompat,b
509,Y29tLnZlX2xpbmsuZGF5b3VodWk=,displayCompat,b
510,Y29tLmlkb2xtZWRpYS55enl4,displayCompat,b
511,Y29tLnlpeGl1dG9uZy5mYWNlUmVjb2duaXRpb24=,displayCompat,b
512,Y29tLmNhcnJvdC5jYXJyb3RmYW50YXN5,displayCompat,b
513,Y29tLm1vdHUubW90dW1hcA==,displayCompat,b
514,Y29tLmFuZHJvaWQuYmFua2FiYw==,displayCompat,b
515,Y29tLmx1eXVhbi5jdXN0b20=,displayCompat,b
518,Y29tLnFtLmRtcy5tb2JpbGUuanRjbHVi,displayCompat,b
521,Y29tLmV4Y2VsbGlhbmNlLmR1YWxhaWQ=,displayCompat,b
523,Y29tLnNnY2MuZXZzLmVjaGFyZ2U=,displayCompat,b
524,Y29tLndocmNiYW5rLm1iYW5r,displayCompat,b
526,Y29tLnhpYW95aW5nLmNhcmRsb2Fu,displayCompat,b
527,Y29tLnllay5hbmRyb2lkLmtmYy5hY3Rpdml0eXM=,displayCompat,b
528,Y29tLmhlbGxveGoueGxvb2s=,displayCompat,b
530,Y29tLnl1ZXdlbi5hdXRob3JhcHA=,displayCompat,b
532,Y29tLnNvdWRpYW4uYnVzaW5lc3NfYmFja2dyb3VuZF96aA==,displayCompat,b
533,Y29tLmZhbmdoZS5zY2Fua2luZw==,displayCompat,b
534,Y29tLnNjcmN1LmViYXAubWVy,displayCompat,b
535,Y29tLmxpeGZ6LmNlbnRlci5hcHA=,displayCompat,b
536,Y24uZ3lkYXRhLmJpZGRpbmc=,displayCompat,b
537,Y29tLm1yLnptY2FsZW5kYXI=,displayCompat,b
538,Y29tLndlYWh1bnRlci5rYW50aWFu,displayCompat,b
539,Y29tLnJlbnBoby5oZWFsdGg=,displayCompat,b
540,Y29tLmNvb2luZ2R2LnJjZnB2,displayCompat,b
541,bXVzaWMudmlkZW9tYWtlci5zbGlkZXNob3c=,displayCompat,b
542,Y29tLnBpY3NsYWIubmVvbi5lZGl0b3I=,displayCompat,b
543,Y29tLmh1YXNlbmdoZW5nLnJtaQ==,displayCompat,b
544,Y29tLmtiemJhbmsua3BheWN1c3RvbWVy,displayCompat,b
545,Y29tLm1vYmlsZS5teWV5ZQ==,displayCompat,b
546,Y29tLm5vdmVsYWdvLmFuZHJvaWQuYXBw,displayCompat,b
547,Y29tLnRlbGVub3IucGFraXN0YW4ubXl0ZWxlbm9y,displayCompat,b
548,cGVyLmJmLmRlc2E=,displayCompat,b
549,Y29tLnZpZXR0ZWwuY2xvdWQuY2EubXlzaWdu,displayCompat,b
550,Y29tLnRoZWhvdC5odWxvdnBu,displayCompat,b
551,Y29tLmVzdHJvbmdzLmFuZHJvaWQucG9w,displayCompat,b
552,Y24ueHMydGhld29ybGQuY3htb2JpbGU=,displayCompat,b
553,Y29tLnl5ay5rbm93Y2hhdA==,displayCompat,b
554,Y29tLnRlbmNlbnQucXFzcG9ydHM=,displayCompat,b
555,b25zaXRlc2VydmljZS5lc2Fpc2ouY29tLmFwcA==,displayCompat,b
556,Y29tLnlvdXhpYWtl,displayCompat,b
557,Y29tLnpoc3pjbi56aHNtaw==,displayCompat,b
558,Znh0cC50cHAuY250YWlwaW5n,displayCompat,b
559,Y24uY29tLmhlYmJhbmsubWJhbms=,displayCompat,b
560,Y29tLnJlYWRib3kucmJtYW5hZ2Vy,displayCompat,b
561,Y29tLmNzaWkuaHk=,displayCompat,b
562,Y29tLnNpbm9zaWcueWdpYmFv,displayCompat,b
563,Y29tLmRvYzM2MC5jbGllbnQ=,displayCompat,b
564,Y29tLm90Yi5sb2NhbA==,displayCompat,b
565,Y29tLnNodXdlaS5zc2Nt,displayCompat,b
566,Y29tLmlsaXZlZGF0YS52aWl0b3I=,displayCompat,b
567,Y29tLm5qd3NiLmxpc3Q=,displayCompat,b
568,Y29tLnNta2ouemlwa2luZw==,displayCompat,b
569,Y29tLmRpdm90Z3VhcmQuY29t,displayCompat,b
570,Y24uY2h1Y2kuYW5kLndrZmVuc2hlbg==,displayCompat,b
571,Y29tLnFjeW1hbGwuZWFycGhvbmVzZXR1cA==,displayCompat,b
572,Y29tLnFpeGluLm1paHVhcw==,displayCompat,b
573,Y29tLmZpbmh1Yi5mZW5iZWl0b25n,displayCompat,b
574,Y29tLnBzYmMuY2l0aXplbmNhcmQ=,displayCompat,b
575,Y29tLmhlcm1lcy5oMWdhbWUuYWxpZ2FtZXM=,displayCompat,b
576,Y29tLndhbnN1Lm1vdG9jaXJjbGU=,displayCompat,b
577,Y29tLnd3dy5jY29vY2l0eS51aQ==,displayCompat,b
578,Y24uY29tLmh1aXNoYW5nYmFuay5tYmFuaw==,displayCompat,b
579,Y29tLnl1ZmFuZy5hanQ=,displayCompat,b
580,Y24ucmVhZGluZ3Byb3RvYy5waG9uZQ==,displayCompat,b
581,Y24ueGRmLndveHVlLnN0dWRlbnQ=,displayCompat,b
582,Y2hpbmFjbGVhci5jbi5jaGluYWNsZWFy,displayCompat,b
583,Y29tLmJpbm5pdQ==,displayCompat,b
584,Y29tLnNpbnllZS5iYWJ5YnVzLnN0b3J5,displayCompat,b
585,Y29tLnN6dC5wYXk=,displayCompat,b
586,Y29tLndhbmJ1LmRhc2NvbQ==,displayCompat,b
587,Y29tLndlcGllLml2eQ==,displayCompat,b
588,Y29tLnhpbWkud2VpZ2h0cmVjb3Jk,displayCompat,b
589,Y29tLmNodXR6cGFoLnlhc2licm8=,displayCompat,b
590,Y24uY29tLm54eS5tYmFuay5obGo=,displayCompat,b
591,Y29tLnFpYW5saW1hLnlmYg==,displayCompat,b
592,Y29tLmNzaWkuYmoudWk=,displayCompat,b
593,Y29tLmhkZi50d2Vhcg==,displayCompat,b
594,Y29tLnhpYW96aHUueHpkeg==,displayCompat,b
595,Y24uY29tLm54eS5tYmFuay5uZWltZW5n,displayCompat,b
596,Y29tLmhvbmdlbi5hcHAud29yZA==,displayCompat,b
597,Y29tLndvbmRlcnNncm91cC53aHM=,displayCompat,b
598,Y29tLmlrZi5lYXJwaG9uZQ==,displayCompat,b
599,Y29tLmJqZXRjLm1vYmlsZQ==,displayCompat,b
600,Y29tLnB1aHVpLmh5ag==,displayCompat,b
601,Y29tLmNoaWMucG9pbnQ=,displayCompat,b
602,Y24udHlkaWMuZXRoaW9wYXk=,displayCompat,b
603,Y29tLmp5bS5nY21hbGw=,displayCompat,b
604,Y29tLnljLmdsb3J5Zml0,displayCompat,b
605,Y29tLmFyYm9yZWR1Y2F0aW9uLnBhcmVudGFwcA==,displayCompat,b
606,YWkuZmxvd2Vycm9hZC5mbG8=,displayCompat,b
607,Y29tLnFjeW1hbGwuZ29vZ2xlZWFycGhvbmVzZXR1cA==,displayCompat,b
608,Y29tLmJhc2V1cy5pbnRlbGxpZ2VudA==,displayCompat,b
609,Y29tLmJhaWR1LmNhcmxpZmU=,displayCompat,b
610,Y29tLnNzLmFuZHJvaWQudWdjLmxpdmVsaXRl,displayCompat,b
611,Y29tLnRlbmNlbnQuYXBwcy52YWxvcmFudA==,displayCompat,b
612,Y29tLmp2LnNhbXN1bmdlc2hvcA==,displayCompat,b
613,Y29tLnBpbmdhbi5jYXJvd25lcg==,displayCompat,b
614,Y29tLmppbmd5YW8uZWFzeWJpa2U=,displayCompat,b
1000,Y29tLnNhbXN1bmcuYW5kcm9pZC5hcHAuZ2FsYXh5ZmluZGVy,displayCompat,w
1001,Y29tLnNhbXN1bmcuYW5kcm9pZC5hcHAuYW9kc2VydmljZQ==,displayCompat,w
1002,Y29tLnNhbXN1bmcuYW5kcm9pZC5hcHAudGVsZXBob255dWk=,displayCompat,w
1003,Y29tLnNhbXN1bmcuYW5kcm9pZC5zcGF5,displayCompat,w
1004,Y29tLnNlYy5hbmRyb2lkLmFwcC5zaGVhbHRo,displayCompat,w
1005,Y29tLnNhbXN1bmcuYW5kcm9pZC5sb29s,displayCompat,w
1006,Y29tLnNlYy5hbmRyb2lkLmF1dG9tb3RpdmUuZHJpdmVsaW5r,displayCompat,w
1007,Y29tLnNhbXN1bmcuYW5kcm9pZC52aXNpb25pbnRlbGxpZ2VuY2U=,displayCompat,w
1008,Y29tLnNhbXN1bmcuYW5kcm9pZC5hcHAucmVtaW5kZXI=,displayCompat,w
1009,Y29tLnNhbXN1bmcuYW5kcm9pZC5jYWxlbmRhcg==,displayCompat,w
1010,Y29tLnNhbXN1bmcuYW5kcm9pZC5jb2xkd2FsbGV0c2VydmljZQ==,displayCompat,w
1011,Y29tLnNhbXN1bmcuYW5kcm9pZC5hcmVtb2pp,displayCompat,w
1012,Y29tLnNhbXN1bmcuYW5kcm9pZC5hdXRoZnc=,displayCompat,w
1013,Y29tLnNhbXN1bmcuYW5kcm9pZC5nYW1lLmdhbWVob21l,displayCompat,w
1014,Y29tLnNlYy5hbmRyb2lkLmFwcC52b2ljZW5vdGU=,displayCompat,w
1015,Y29tLnNlYy5hbmRyb2lkLmRlc2t0b3Btb2RlLnVpc2VydmljZQ==,displayCompat,w
1016,Y29tLnNhbXN1bmcua25veC5zZWN1cmVmb2xkZXI=,displayCompat,w
1017,Y29tLnNhbXN1bmcuYW5kcm9pZC5hcHAubXVzaWMuY2hu,displayCompat,w
1018,Y29tLnNhbXN1bmcuYW5kcm9pZC5hcHAuc3JlbWluZGVy,displayCompat,w
1019,Y29tLnNhbXN1bmcuYW5kcm9pZC5zYW1zdW5ncGF5LmdlYXI=,displayCompat,w
1020,Y29tLnNlYy5hbmRyb2lkLmFwcC5raWRzaG9tZQ==,displayCompat,w
1021,Y29tLnNhbXN1bmcuYW5kcm9pZC5raWRzaW5zdGFsbGVy,displayCompat,w
1022,Y29tLnNlYy5lbnRlcnByaXNlLmtub3guY2xvdWRtZG0uc21kbXM=,displayCompat,w
1023,Y29tLnNhbXN1bmcuYW5kcm9pZC5NdHBBcHBsaWNhdGlvbg==,displayCompat,w
1024,Y29tLndzc3luY21sZG0=,displayCompat,w
1025,Y29tLndzLmRt,displayCompat,w
1026,Y29tLmVzdHNvZnQuYWx5YWM=,displayCompat,w
1027,dXBsdXMubWVtYmVyc2hpcA==,displayCompat,w
1028,bGcudXBsdXNib3g=,displayCompat,w
1029,Y29tLnNhbXN1bmcuYW5kcm9pZC5zbWFydG1pcnJvcmluZw==,displayCompat,w
1030,Y29tLnNhbXN1bmcuYW5kcm9pZC5nbG9iYWxyb2FtaW5n,displayCompat,w
1031,Y29tLnNlYy5hbmRyb2lkLmFwcC5jbG9ja3BhY2thZ2U=,displayCompat,w
1032,Y29tLnNhbXN1bmcuYW5kcm9pZC5zb2Z0c2lt,displayCompat,w
1033,Y29tLnNhbXN1bmcuYW5kcm9pZC5rZ2NsaWVudA==,displayCompat,w
1034,Y29tLnNhbXN1bmcuYW5kcm9pZC52b2M=,displayCompat,w
1035,Y29tLnNhbXN1bmcuYW5kcm9pZC5yYWphYW1wYXQ=,displayCompat,w
1036,Y29tLm5ldGZsaXgubWVkaWFjbGllbnQ=,displayCompat,w
1037,Y29tLnNhbXN1bmcuYW5kcm9pZC5vbmVjb25uZWN0,displayCompat,w
1038,Y29tLnNhbXN1bmcuYW5kcm9pZC5hcHAud2F0Y2htYW5hZ2Vy,displayCompat,w
1039,Y29tLnNlYy5hbmRyb2lkLmVhc3lNb3Zlcg==,displayCompat,w
1040,Y29tLnNhbXN1bmcuYW5kcm9pZC5rbm94LmNvbnRhaW5lcmFnZW50,displayCompat,w
1041,Y29tLnNhbXN1bmcuYW5kcm9pZC5yZXRhaWwuc2NyZWVuc2F2ZXI=,displayCompat,w
1042,Y29tLnNhbXN1bmcucm1zLnJldGFpbGFnZW50Lmdsb2JhbA==,displayCompat,w
1043,Y29tLnN5bmNocm9ub3NzLmRjcy5hdHQucjJn,displayCompat,w
1044,Y29tLmRyaXZlbW9kZQ==,displayCompat,w
1045,Y29tLmF0dC50di53YXRjaHR2,displayCompat,w
1046,Y29tLmF0dC50dg==,displayCompat,w
1047,Y29tLmJsZWFjaGVycmVwb3J0LmFuZHJvaWQudGVhbXN0cmVhbQ==,displayCompat,w
1048,Y29tLmNubi5tb2JpbGUuYW5kcm9pZC5waG9uZQ==,displayCompat,w
1049,Y29tLmF0dC5kdHYuc2hhZGVyZW1vdGU=,displayCompat,w
1050,Y29tLnRtb2JpbGUucHIubXl0bW9iaWxl,displayCompat,w
1051,Y29tLndzYW5kcm9pZC5zdWl0ZS50bW9iaWxl,displayCompat,w
1052,Y29tLnRtb2JpbGUuc2VydmljZXMubmFtZWlk,displayCompat,w
1053,Y29tLmF0dC5hbmRyb2lkLmF0dHNtYXJ0d2lmaQ==,displayCompat,w
1054,Y29tLnNhbXN1bmcuYW5kcm9pZC5tYXRlYWdlbnQ=,displayCompat,w
1055,Y29tLnNlYy5hbmRyb2lkLlVzaW1SZWdpc3RyYXRpb25LT1I=,displayCompat,w
1056,Y29tLmF0dC5teVdpcmVsZXNz,displayCompat,w
1057,Y29tLnNhbXN1bmcucmV0YWlsZXhwZXJpZW5jZS5yZXRhaWx3aW5uZXI=,displayCompat,w
1058,Y29tLnNlYy5hbmRyb2lkLmFwcC5tdXNpYw==,displayCompat,w
1059,Y29tLnNlYy5raWRzcGxhdC5waG9uZQ==,displayCompat,w
1060,Y29tLnNhbXN1bmcuYW5kcm9pZC5nZWFyb3BsdWdpbg==,displayCompat,w
1061,Y29tLnNhbXN1bmcuYW5kcm9pZC5nZWFyZml0MnBsdWdpbg==,displayCompat,w
1062,Y29tLnNhbXN1bmcuYW5kcm9pZC5nZWFyZ3BsdWdpbg==,displayCompat,w
1063,Y29tLnNhbXN1bmcuYW5kcm9pZC5tb2RlbnBsdWdpbg==,displayCompat,w
1064,Y29tLnNhbXN1bmcuYW5kcm9pZC5nZWFycHBsdWdpbg==,displayCompat,w
1065,Y29tLnNhbXN1bmcuYW5kcm9pZC5nZWFyMXBsdWdpbg==,displayCompat,w
1066,Y29tLnNhbXN1bmcuYW5kcm9pZC5nZWFyMnBsdWdpbg==,displayCompat,w
1067,Y29tLnNhbXN1bmcuYWNjZXNzb3J5LnRyaWF0aGxvbm1ncg==,displayCompat,w
1068,Y29tLnNhbXN1bmcuYWNjZXNzb3J5LmJlYW5zbWdy,displayCompat,w
1069,Y29tLnNhbXN1bmcuYWNjZXNzb3J5LmZyaWRheW1ncg==,displayCompat,w
1070,Y29tLnNlYy5hbmRyb2lkLmFwcC5wb3B1cGNhbGN1bGF0b3I=,displayCompat,w
1071,Y29tLnNlYy5hbmRyb2lkLmFwcC5mbQ==,displayCompat,w
1072,Y29tLnNlYy5raWRzcGxhdC5jYW1lcmE=,displayCompat,w
1073,Y29tLnNlYy5raWRzcGxhdC5raWRzZ2FsbGVyeQ==,displayCompat,w
1074,Y29tLnNlYy5raWRzcGxhdC5tZWRpYS5raWRzbXVzaWM=,displayCompat,w
1075,Y29tLnNlYy5raWRzcGxhdC5tZWRpYS5raWRzbWVkaWE=,displayCompat,w
1076,Y29tLnNlYy5raWRzcGxhdC5kcmF3aW5n,displayCompat,w
1077,Y29tLnNlYy5raWRzcGxhdC5raWRzdGFsaw==,displayCompat,w
1078,Y29tLnNlYy5hbmRyb2lkLmFwcC5raWRzM2Q=,displayCompat,w
1079,Y29tLnNlYy5raWRzcGxhdC5raWRzYmNn,displayCompat,w
1080,Y29tLnNlYy5raWRzcGxhdC5raWRzYnJvd3Nlcg==,displayCompat,w
1081,Y29tLnNhbXN1bmcuYW5kcm9pZC5hcnRzdHVkaW8=,displayCompat,w
1082,Y29tLnNhbXN1bmcuYW5kcm9pZC5tb2JpbGVzZXJ2aWNl,displayCompat,w
1083,Y29tLm15Z2FsYXh5,displayCompat,w
1084,Y29tLmFuZHJvaWQuc3Rr,displayCompat,w
1085,Y29tLmFuZHJvaWQuc3RrMg==,displayCompat,w
1086,Y29tLnNlYy5hbmRyb2lkLndpZGdldGFwcC5lYXN5bW9kZWNvbnRhY3Rzd2lkZ2V0,displayCompat,w
1087,Y29tLnNlYy5rbm94LmtjY2FnZW50,displayCompat,w
1088,Y29tLnNhbXN1bmcuYW5kcm9pZC5seGQ=,displayCompat,w
1089,Y29tLnNhbXN1bmcuYW5kcm9pZC5hcHAubm90ZXM=,displayCompat,w
1090,Y29tLmdhbWVsb2Z0LmFuZHJvaWQuQU5NUC5HbG9mdEE5SE0=,displayCompat,w
1091,Y29tLmdhbWVsb2Z0LmFuZHJvaWQuQU5NUC5HbG9mdE01SE0=,displayCompat,w
1092,Y29tLmdhbWVsb2Z0LmFuZHJvaWQuQU5NUC5HbG9mdEQ2SE0=,displayCompat,w
1093,Y29tLmdhbWVsb2Z0LmFuZHJvaWQuQU5NUC5HbG9mdERPSE0=,displayCompat,w
1094,Y29tLmdhbWVsb2Z0LmFuZHJvaWQuQU5NUC5HbG9mdEZXSE0=,displayCompat,w
1095,Y29tLnNhbXN1bmcuYW5kcm9pZC5zY3J5cHRvd2FsbGV0,displayCompat,w
1096,Y29tLnNlYy5hbmRyb2lkLmFwcC5tYWduaWZpZXI=,displayCompat,w
1097,Y29tLmtha2FvLnRhbGs=,displayCompat,w
1098,Y29tLmt0Lmt0YXV0aA==,displayCompat,w
1099,Y29tLm9sbGVoLmFuZHJvaWQub2My,displayCompat,w
1100,Y29tLmt0LmFsamphcGFja3BsdXM=,displayCompat,w
1101,Y29tLm9sbGVoLndlYnRvb24=,displayCompat,w
1102,Y29tLmt0LmFuZHJvaWQuc2hvd3RvdWNo,displayCompat,w
1103,a3QubmF2aQ==,displayCompat,w
1104,Y29tLnNlYy5qbS50aGVoZWxwZXI=,displayCompat,w
1105,Y29tLnNhbXN1bmcuYWNjZXNzaWJpbGl0eQ==,displayCompat,w
1106,Y29tLmltby5hbmRyb2lkLmltb2ltYmV0YQ==,displayCompat,w
1107,Y29tLnNrdC5wcm9kLmRpYWxlcg==,displayCompat,w
1108,Y29tLnRtcw==,displayCompat,w
1109,Y29tLnNrdC5zbWFydGJpbGw=,displayCompat,w
1110,Y29tLnNrdGVsZWNvbS50c21hcnRwYXk=,displayCompat,w
1111,Y29tLnNrdC5za2FmLk9BMDAwMjY5MTA=,displayCompat,w
1112,Y29tLnNrbWMub2tjYXNoYmFnLmhvbWVfZ29vZ2xl,displayCompat,w
1113,Y29tLmdhbWVsb2Z0LmFuZHJvaWQuU0FNUy5HbG9mdEE5U1M=,displayCompat,w
1114,Y29tLnRlbmNlbnQudG1ncC5zcGVlZG1vYmlsZQ==,displayCompat,w
1115,Y29tLmR0aS5hdHQ=,displayCompat,w
1116,Y29tLnNhbXN1bmcuYW5kcm9pZC5yZXRhaWwuc2tlZXBlcg==,displayCompat,w
1117,Y29tLnNrdGVsZWNvbS50Z3VhcmQ=,displayCompat,w
1118,Y29tLmdhbWVsb2Z0LmFuZHJvaWQuQU5NUC5HbG9mdDVESE0=,displayCompat,w
1119,Y29tLmdhbWVsb2Z0LmFuZHJvaWQuQU5NUC5HbG9mdEdISE0=,displayCompat,w
1120,Y29tLmdvb2dsZS5hbmRyb2lkLnByb2plY3Rpb24uZ2VhcmhlYWQ=,displayCompat,w
1121,Y29tLnNrdC50X3NtYXJ0X2NoYXJnZQ==,displayCompat,w
1122,Y29tLnNrdC5hbGFkZGlu,displayCompat,w
1123,Y29tLm5ldG1hcmJsZS5taGVyb3NnYg==,displayCompat,w
1124,Y29tLnNhbXN1bmcuYW5kcm9pZC5iaXhieS5hZ2VudA==,displayCompat,w
1125,Y29tLnNhbXN1bmcuYW5kcm9pZC5tb2JpbGV3YXl3YWxsZXQ=,displayCompat,w
1126,Y29tLmZveG5leHRnYW1lcy5tMw==,displayCompat,w
1127,Y29tLmN5YmVybGluay5wb3dlcmRpcmVjdG9yLkRSQTE0MDIyNV8wMQ==,displayCompat,w
1128,Y29tLmN5YmVybGluay5waG90b2RpcmVjdG9y,displayCompat,w
1129,Y29tLmhhbmRtYXJrLnNwb3J0Y2FzdGVy,displayCompat,w
1130,YWlyLmNvbS5yb3NldHRhc3RvbmUubW9iaWxlLkNvdXJzZVBsYXllcg==,displayCompat,w
1131,Y29tLnNrdGVsZWNvbS5taW5pdA==,displayCompat,w
1132,Y29tLmZhY2Vib29rLm9yY2E=,displayCompat,w
1133,Y29tLlVDTW9iaWxl,displayCompat,w
1134,Y29tLnNzLmFuZHJvaWQudWdjLmF3ZW1l,displayCompat,w
1135,Y29tLnJvc2V0dGFzdG9uZS5tYWRlZm9yc2Ftc3VuZy5jb3Vyc2VwbGF5ZXI=,displayCompat,w
1136,Y29tLmhhbmRtYXJrLnNwb3J0Y2FzdGVyLnNhbXN1bmc=,displayCompat,w
1137,Y29tLmlkZWFzaG93ZXIucmVhZGl0bGF0ZXIucHJv,displayCompat,w
1138,Y29tLnRlbmNlbnQudG1ncC5wdWJnbWhk,displayCompat,w
1139,Y29tLnZuZy5wdWJnbW9iaWxl,displayCompat,w
1140,Y29tLnJla29vLnB1Ymdt,displayCompat,w
1141,Y29tLnRlbmNlbnQuaWdjZQ==,displayCompat,w
1142,Y29tLnVwbHVzLm11c2ljc2hvdw==,displayCompat,w
1143,Y29tLnVwbHVzLmJhc2ViYWxsaGR0dg==,displayCompat,w
1144,Y29tLnVwbHVzLnVnb2xm,displayCompat,w
1145,Y29tLnVwbHVzLm9ucGhvbmU=,displayCompat,w
1146,Y29tLnNlYy5hbmRyb2lkLmRhZW1vbmFwcA==,displayCompat,w
1147,Y29tLnN1cGVyY2VsbC5jbGFzaHJveWFsZQ==,displayCompat,w
1148,Y28ua3IudXBsdXMuYXJlbnQ=,displayCompat,w
1149,Y29tLnR1cmtjZWxsLmJpcA==,displayCompat,w
1150,Y29tLmtkZGkuYW5kcm9pZC5hdWluaXRpYWxzZXR0aW5n,displayCompat,w
1151,Y29tLmtkZGkuYW5kcm9pZC5jbWFpbA==,displayCompat,w
1152,Y29tLnNhbXN1bmcuc3JlZQ==,displayCompat,w
1153,Y29tLnNhbXN1bmcuYW5kcm9pZC5tZHgucXVpY2tib2FyZA==,displayCompat,w
1154,Y29tLmdhbWVsb2Z0LmFuZHJvaWQuU0FNUy5HbG9mdERMU1M=,displayCompat,w
1155,Y29tLmhhbmFiYW5rLmViay5jaGFubmVsLmFuZHJvaWQuYml4YnliYW5r,displayCompat,w
1156,Y29tLndvb3JpYmFuay5zbWFydC5kcmVhbQ==,displayCompat,w
1157,Y29tLnNoaW5oYW4uc2JhbmttaW5pcGx1cw==,displayCompat,w
1158,Y29tLmdhbWVsb2Z0LmNhci50eWNvb24uZ2FtZQ==,displayCompat,w
1159,Y29tLmdhbWVsb2Z0LmFubXAuZGlzbmV5LmFkdmVudHVyZQ==,displayCompat,w
1160,Y29tLmdhbWVsb2Z0LmFuZHJvaWQuQU5NUC5HbG9mdERZSE0=,displayCompat,w
1161,Y29tLmdhbWVsb2Z0LmFuZHJvaWQuQU5NUC5HbG9mdERQTUY=,displayCompat,w
1162,Y29tLmdhbWVsb2Z0LmFubXAuZm9vZC5zb2NpYWw=,displayCompat,w
1163,Y29tLmdhbWVsb2Z0LmFuZHJvaWQuQU5NUC5HbG9mdEdHSE0=,displayCompat,w
1164,Y29tLmdhbWVsb2Z0LmFubXAubGVnby5oZXJvZXM=,displayCompat,w
1165,Y29tLmdhbWVsb2Z0LmFuZHJvaWQuQU5NUC5HbG9mdERNSE0=,displayCompat,w
1166,Y29tLmdhbWVsb2Z0LmFuZHJvaWQuQU5NUC5HbG9mdFBPSE0=,displayCompat,w
1167,Y29tLmdhbWVsb2Z0LmFuZHJvaWQuQU5NUC5HbG9mdFBDSE0=,displayCompat,w
1168,Y29tLmdhbWVsb2Z0LmFuZHJvaWQuQU5NUC5HbG9mdFcySE0=,displayCompat,w
1169,Y29tLmdhbWVsb2Z0LmFuZHJvaWQuR0FORC5HbG9mdEE4U1M=,displayCompat,w
1170,Y29tLnVwbHVzLmVzcG9ydHM=,displayCompat,w
1171,Y29tLmh0LmNjdHYycmVtb2Nvbg==,displayCompat,w
1172,Y29tLnNhbXN1bmcua2lkc3BsYXk=,displayCompat,w
1173,Y29tLnNhbXN1bmcuYW5kcm9pZC5hcHAuc3BhZ2U=,displayCompat,w
1174,Y29tLnNhbXN1bmcuYW5kcm9pZC5hcHAuc3BhZ2UuYmV0YQ==,displayCompat,w
1175,Y29tLmJhaWR1LkJhaWR1TWFw,displayCompat,w
1176,Y29tLm5ldGVhc2UuY2xvdWRtdXNpYw==,displayCompat,w
1177,Y29tLnNhbXN1bmcuYW5kcm9pZC5hcmRyYXdpbmc=,displayCompat,w
1178,Y29tLnNhbXN1bmcuYW5kcm9pZC5hcnpvbmU=,displayCompat,w
1179,Y29tLnNhbXN1bmcuYW5kcm9pZC5saXZlc3RpY2tlcnM=,displayCompat,w
1180,Y29tLnNhbXN1bmcuYW5kcm9pZC5hcmVtb2ppZWRpdG9y,displayCompat,w
1181,Y29tLnVjbW9iaWxlLmxpdGU=,displayCompat,w
1182,Y29tLmZlbmJpLmFuZHJvaWQuc29sYXI=,displayCompat,w
1183,Y29tLnNzLmFuZHJvaWQuYXJ0aWNsZS52aWRlbw==,displayCompat,w
1184,Y21iLnBi,displayCompat,w
1185,Y29tLnNpbmEud2VpYm9saXRl,displayCompat,w
1186,Zm0ucWluZ3RpbmcucXRyYWRpbw==,displayCompat,w
1187,Y29tLlF1bmFy,displayCompat,w
1188,Y29tLnFxZ2FtZS5obGRkeg==,displayCompat,w
1189,Y29tLm5ldGVhc2UuYnVmZg==,displayCompat,w
1190,Y29tLmMydmwua2dhbWVib3g=,displayCompat,w
1191,Y29tLmRpZGFwaW5jaGUuYm9va2luZw==,displayCompat,w
1192,Y29tLmluc3RhZ3JhbS5hbmRyb2lk,displayCompat,w
1193,Y29tLmN1YmljLmF1dG9ob21l,displayCompat,w
1194,Y29tLnRtb2JpbGUuZWNob2xvY2F0ZQ==,displayCompat,w
1195,Y29tLmhhbmRzZ28uamlha2FvLmFuZHJvaWQ=,displayCompat,w
1196,Y29tLmF1dG9uYXZpLm1pbmltYXA=,displayCompat,w
1197,Y29tLnRlbmNlbnQud2Vpc2hp,displayCompat,w
1198,Y29tLmh1YXhpYW96aHUucmlkZXI=,displayCompat,w
1199,Y29tLmJhaWR1LmlucHV0,displayCompat,w
1200,Y29tLm50dGRvY29tby5hbmRyb2lkLm1zZw==,displayCompat,w
1201,Y29tLmdvb2dsZS5hbmRyb2lkLmdvb2dsZXF1aWNrc2VhcmNoYm94,displayCompat,w
1202,Y24uc291bGFwcC5hbmRyb2lk,displayCompat,w
10001,Y29tLnNlYy5hbmRyb2lkLmFwcC5zYnJvd3Nlcg==,multiResume
10002,Y29tLnNhbXN1bmcuYW5kcm9pZC52aWRlb2xpc3Q=,multiResume
10003,Y29tLnNhbXN1bmcuYW5kcm9pZC5tZXNzYWdpbmc=,multiResume
10004,Y29tLnNlYy5hbmRyb2lkLmFwcC52b2ljZW5vdGU=,multiResume
10005,Y29tLmZhY2Vib29rLmthdGFuYQ==,multiResume
10006,Y29tLmFtYXpvbi5hdm9kLnRoaXJkcGFydHljbGllbnQ=,multiResume
10007,Y29tLndoYXRzYXBw,multiResume
20001,Y29tLm5vbm8uYW5kcm9pZA==,fixedAspectRatio
20002,Y29tLmRpZGlsYWJzLmthYXZlZmFsaQ==,fixedAspectRatio
20003,Y29tLmFwcy5jcmF6eS50cmlja3kudHJhaWwubWVnYS5iaWtlLm1hc3Rlcg==,fixedAspectRatio
20004,a3IuY28uZGdiLmRnYnA=,fixedAspectRatio
20005,Y29tLnN0ZWFtLnBob3RvZWRpdG9y,fixedAspectRatio
20006,Y29tLm91dHBsYXlsYWIuVmlkZW9EaWV0Mg==,fixedAspectRatio
20007,Y29tLmdvb2dsZS5hbmRyb2lkLmFwcHMuYW5kcm9pZGlmeQ==,fixedAspectRatio
20008,Y29tLmxtLnBvd2Vyc2VjdXJpdHk=,fixedAspectRatio
20009,Y29tLnJldG93bi5yZWFsbWFuYWdl,fixedAspectRatio
20010,Y29tLmJsaXp6YXJkLnd0Y2cuaGVhcnRoc3RvbmU=,fixedAspectRatio
20011,Y29tLm1pbXVzaWNwbGF5ZXI=,fixedAspectRatio
20012,Y29tLmVhc3luLkVhc3lOX1A=,fixedAspectRatio
20013,Y29tLm5va25vay5tYXJ0,fixedAspectRatio
20014,Y29tLmNyc2guZmx5aW5nbW90by5yb2JvdGJpa2U=,fixedAspectRatio
20015,Y29tLm93bC5wcmVkaWN0b3IubWFuaWE=,fixedAspectRatio
20016,Y29tLmZseWluZ3BpZy5xdWl6aHVtb3VyMDA=,fixedAspectRatio
20017,Y29tLmZseWluZ3BpZy5xdWl6Zmlyc3R3b3JkMDA=,fixedAspectRatio
20018,Y29tLnRldHJveC5ib3ds,fixedAspectRatio
20019,Y29tLm13LkFuZHJvaWRfS2lkc0xvdmUy,fixedAspectRatio,4:03
20020,Y29tLm5ldG1hcmJsZS5zdG9uZW1tb2di,fixedAspectRatio,4:03
20021,Y29tLmdyYXZpdHkucmFnbmFyb2tvcmlnaW4uYW9z,fixedAspectRatio,4:03
20022,Y29tLndpdGhwcml6ZS5qaWdzYXc=,fixedAspectRatio,4:03
20023,Y29tLmRvb3Nhbi5uZXdlYnNmbQ==,fixedAspectRatio
20024,Y29tLnJpb3RnYW1lcy5sZWFndWUudGVhbWZpZ2h0dGFjdGljcw==,fixedAspectRatio
20025,S2FsLkZsaWdodEluZm8=,fixedAspectRatio
20026,Y29tLm1lZ2FicmFpbi5tb2RhZ2k=,fixedAspectRatio
20027,Y29tLmFydGlmeWFwcC50aW1lc3RhbXA=,fixedAspectRatio
20028,a3IuY29tLmVmdW4ua29rLmdvb2dsZQ==,fixedAspectRatio
20031,Y29tLndiYzR1Lnd3dy5zYW1zdW5nd2VsbGJlaW5n,fixedAspectRatio
20032,Y29tLmhhcHB5cG9pbnRjYXJkLmhhcHB5b3JkZXI=,fixedAspectRatio
20033,Y29tLnN1bmRheXRvei5rYWthby53YmI=,fixedAspectRatio
20034,Y29tLnNtYWxsZ2lhbnRnYW1lcy5lbXBpcmVz,fixedAspectRatio
20035,dlN0dWRpby5BbmRyb2lkLkNhbWVyYTM2MA==,fixedAspectRatio
20036,Y29tLmpkLmptd29ya3N0YXRpb24=,fixedAspectRatio
20037,Y29tLmxpbmVjb3JwLkxHUEtQSw==,fixedAspectRatio
20038,Y29tLmFhc3RvY2tzLmR6aA==,fixedAspectRatio
20039,Y29tLmdhbWVwdWIueXQuZw==,fixedAspectRatio,4:03
20040,Y29tLmFnLmx3a3I=,fixedAspectRatio
20041,a3IuY28uZmV2ZXJzdHVkaW8uYXBwcy5ldmVyeXRvd24=,fixedAspectRatio
20042,Y29tLmluc3RhZml0,fixedAspectRatio
20043,Y29tLmJhbmtvZmJlaWppbmcubW9iaWxlYmFua2luZw==,fixedAspectRatio
20044,Y29tLmZ1c2VlLk1lcmdlTWFzdGVy,fixedAspectRatio
20045,Y29tLmx1ZG8ua2luZw==,fixedAspectRatio
20046,a3IuZ28uY2RjLm5pcC5hbmRyb2lk,fixedAspectRatio,18.5:9
20047,Y28ua3Iud2FsZGx1c3QubWVnYWNvZmZlZQ==,fixedAspectRatio
20048,a3Iub3IuYWpvdW1j,fixedAspectRatio,4:03
20049,Y29tLmF4ai5zbWFydGhvbWU=,fixedAspectRatio
20050,Y29tLmJibC5tb2JpbGViYW5raW5n,fixedAspectRatio
20051,anAua29uYW1pLnBlc2Ft,fixedAspectRatio
20052,Y29tLm1hZi5pZGxlLmhhbXN0ZXIuZmFjdG9yeS5tYW5hZ2VyLmNvb2tpZS50eWNvb24=,fixedAspectRatio
20053,Y29tLnplZ2FtZS5kaWdpdGdyb3dpbmc=,fixedAspectRatio
20054,Y29tLmhhcHB5YWRkYS5qYWxlYmk=,fixedAspectRatio
20055,YXQubmVyLmxlcHNXb3JsZDI=,fixedAspectRatio
20056,Y29tLm0xLmNsZWFuaW5nLmhvdXNlLmJlYXIuZ2FtZQ==,fixedAspectRatio
20057,Y29tLnRoZy5iYXR0bGVvcHMuc2hvb3RpbmcuZ2FtZQ==,fixedAspectRatio
20058,Y29tLm9nLnNvY2Nlci5nYW1l,fixedAspectRatio
20059,Y29tLmFyY3N5cy50aWN0YWN0b2U=,fixedAspectRatio
20060,Y29tLm1vYmlyaXgucGFya2luZ2tpbmc=,fixedAspectRatio
20061,Y29tLnRyb2Nob2kuY29uc3RydWN0aW9udmVoaWNsZXM=,fixedAspectRatio
20062,Y29tLmdhbWUuU2thdGVyQm95,fixedAspectRatio
20063,Y29tLm1vYmlyaXguZHJpdmVraW5n,fixedAspectRatio
20064,Y29tLnJvb21zdHVkaW9zLmFuaW1ldGhlbXVsdGl2ZXJzZXdhcg==,fixedAspectRatio
20065,a3IuZW5jb20uZ29zdG9wX3A=,fixedAspectRatio
20066,Y29tLmlsZXZpdC5hbHdheXouYW5kcm9pZA==,fixedAspectRatio
20067,Y29tLnNlb3VsbGFuZC5teXNlb3VsbGFuZA==,fixedAspectRatio,16:09
20068,dml2aW5vLndlYi5hcHA=,fixedAspectRatio,16:09
20069,a3Iuc3R1ZHltYXguc3BlYWtpbmdtYXguYWQ=,fixedAspectRatio,16:09
20070,bmV0LmFuZHJvaWQud3pkd29ya3MubWFnaWNkYXk=,fixedAspectRatio,16:09
20071,Y29tLmdvcmdlb3VzLmxpdGVpbnRlcm5hdGlvbmFs,fixedAspectRatio,4:03
20072,Y29tLnNpbmd1bGFyaXR5LnRpYW5nb25n,fixedAspectRatio,16:09
20073,Y29tLmppby53ZWI=,fixedAspectRatio,16:09
20074,Y29tLnRlcmFyb3NhLnRlcmFjYWZl,fixedAspectRatio,16:09
20075,Y29tLnNreS5mcmVlLm11c2lj,fixedAspectRatio,4:03
20079,Y29tLm10aw==,fixedAspectRatio,16:09
20111,Y29tLmJhaWR1LnNlYXJjaGJveA==,scrollFilter
20112,Y29tLmVuY2FyLmVuY2FyTW9iaWxlQXBw,scrollFilter
20113,Y29tLm5obi5hbmRyb2lkLm5hdmVydHY=,scrollFilter
20114,Y29tLm1jcHJvaG9zdGluZy5iZWFt,scrollFilter
20115,Y29tLmxpb25tb2JpLnBvd2VyY2xlYW4=,scrollFilter
20116,Y29tLmtha2FvLnBhZ2U=,scrollFilter
20117,Y29tLnh2aWRlb3N0dWRpby52aWRlb2VkaXRvcg==,scrollFilter
20118,Y29tLmFnb2RhLm1vYmlsZS5jb25zdW1lcg==,scrollFilter
20119,Y29tLmpvYXJhLm1vYmlsZQ==,scrollFilter
20120,Y29tLndhc2hpbmd0b25wb3N0LmFuZHJvaWQ=,scrollFilter
20121,dHYudHdpdGNoLmFuZHJvaWQuYXBw,scrollFilter
20122,Y29tLnBzYWZlLm1zdWl0ZQ==,scrollFilter
20123,Y29tLmludHNpZy5jYW1zY2FubmVy,scrollFilter
20124,Y29tLm1pY3Jvc29mdC5za3lkcml2ZQ==,scrollFilter
20125,Z2cub3AubG9sLmFuZHJvaWQ=,scrollFilter
20126,Y29tLm15Zml0bmVzc3BhbC5hbmRyb2lk,scrollFilter
20127,Y29tLnNob3d0aW1lLnN0YW5kYWxvbmU=,scrollFilter
20128,bWUubXljYWtl,scrollFilter
20129,Y29tLm1pY3Jvc29mdC5vZmZpY2UuZXhjZWw=,scrollFilter
20130,Y3RyaXAuZW5nbGlzaA==,scrollFilter
20131,Y29tLmVnLmFuZHJvaWQuYWxpcGF5R3Bob25l,scrollFilter
20132,Y29tLmNndi5hbmRyb2lkLm1vdmllYXBw,scrollFilter
20133,Y29tLm5obi5hbmRyb2lkLnNlYXJjaA==,scrollFilter
20134,Y29tLnNlYy5hbmRyb2lkLmFwcC5zYnJvd3Nlcg==,scrollFilter
20135,Y29tLmtha2FvLnRhbGs=,scrollFilter
20136,anAubmF2ZXIubGluZS5hbmRyb2lk,scrollFilter
20137,Y29tLnRhZ2dlZGFwcA==,scrollFilter
20138,aW0udGhlYm90Lm1lc3Nlbmdlcg==,scrollFilter
20139,Y29tLmFuZHJvaWQuY2hyb21l,scrollFilter
20140,Y29tLm5obi5hbmRyb2lkLndlYnRvb24=,scrollFilter
30001,Y29tLm5ldGZsaXgubWVkaWFjbGllbnQ=,fullScreen
30002,Y29tLnpob25nZHVvbWVpLnJybWouc29jaWV0eQ==,fullScreen
30003,Y29tLmdvdG9rZWVwLmtlZXA=,fullScreen
30004,Y29tLmRhbmdkYW5nLmJ1eTI=,fullScreen
30005,Y29tLnNkdS5kaWRpLnBzbmdlcg==,fullScreen
30006,Y29tLmF1dG9uYXZpLm1pbmltYXA=,fullScreen
30007,Y29tLmh1YXhpYW96aHUucmlkZXI=,fullScreen
30008,Y29tLm10Lm10eHgubXR4eA==,fullScreen
30009,Y29tLm1laXR1Lm1laXlhbmNhbWVyYQ==,fullScreen
30010,Y29tLmxpbmdhbi5zZWV5b3U=,fullScreen
30011,Y29tLmNtYmMuY2MubWJhbms=,fullScreen
30012,Y29tLmdvcmdlb3VzLmxpdGU=,fullScreen
30013,Y29tLnN6emM=,fullScreen
30014,Y29tLnNvaHUuaW5wdXRtZXRob2Quc29nb3U=,fullScreen
30015,Y29tLmN0Zy5pdHJkYy5jbG91ZGRlc2s=,fullScreen
30017,Y29tLm5ldGVhc2UuY2xvdWRtdXNpYw==,fullScreen
30018,Y29tLnRlbmNlbnQud2Vpc2hp,fullScreen
30019,Y29tLnNzLmFuZHJvaWQuYXJ0aWNsZS52aWRlbw==,fullScreen
30020,Y29tLnhpbmdpbi54aHM=,fullScreen
30022,Y29tLmNoYW94aW5nLm1vYmlsZQ==,fullScreen
30023,Y29tLmViYW5rLmNyZWRpdGNhcmQ=,fullScreen
30024,Y29tLnlpY2hlLmF1dG9lYXN5,fullScreen
30025,Y29tLmZlbmJpLmFuZHJvaWQuc29sYXI=,fullScreen
30026,Y29tLmxlbW9uLmZhY2V1,fullScreen
30027,Y29tLnlpY2hlLnByaWNl,fullScreen
30028,Y29tLnl1YW50aWt1LnR1dG9y,fullScreen
30029,Y29tLmxhbmppbmdyZW4uaXZ3ZW4=,fullScreen
30030,Y29tLmJhaWR1LmlucHV0,fullScreen
30031,Y29tLmJhaWR1LkJhaWR1TWFw,fullScreen
30032,Y29tLnRlbmNlbnQudG1ncC5zcGVlZG1vYmlsZQ==,fullScreen
30033,Y29tLmNjdHYueWFuZ3NoaXBpbi5hcHAuYW5kcm9pZHA=,fullScreen
30034,Zm0ucWluZ3RpbmcucXRyYWRpbw==,fullScreen
30035,Y29tLmJhaWR1LmNhcmxpZmU=,fullScreen
30036,Y24uamo=,fullScreen
30037,Y29tLmN6Yi5jaGV6aHViYW5n,fullScreen
30038,Y29tLnBlb3BsZWRhaWx5Y2hpbmEuYWN0aXZpdHk=,fullScreen
30039,Y24uY29tLmhrZ3QuZ2FzYXBw,fullScreen
30040,Y29tLmp4ZWR0,fullScreen
30041,Y29tLnNzLmFuZHJvaWQuaG9tZWQ=,fullScreen
30042,Y29tLmhhaWRpbGFv,fullScreen
30043,Y29tLmxldHYuYW5kcm9pZC5jbGllbnQ=,fullScreen
30044,Y29tLnh1bm1lbmcubWVyY2hhbnQ=,fullScreen
30045,Y29tLnd4a2oucmVseC5yZWx4,fullScreen
30046,Y29tLmxpdWxpc2h1by5lbmd6bw==,fullScreen
30047,Y29tLmRpYW5zaGlqaWEudHZsaXZl,fullScreen
30048,Y29tLnNkaHMuZWFzeS5oaWdoLnJvYWQ=,fullScreen
30049,Y29tLmxlMTIzLnlzZHE=,fullScreen
30050,Y29tLmNtY2MuaGViYW8=,fullScreen
30051,Y29tLndvZGkud2hv,fullScreen
30052,Y29tLmNuMjEuZWNsb3Vk,fullScreen
30053,Y29tLmloYW96aHVvLnlvdWppYW5rYW5n,fullScreen
30054,Y29tLm1laXR1Lm1laXBhaW12,fullScreen
30055,Y29tLmZlbmJpLmFuZHJvaWQuemVuZ2xpc2g=,fullScreen
30056,Y29tLnN1cGVyY2VsbC5jbGFzaG9mY2xhbnMudWM=,fullScreen
30057,Y29tLnhpbnRpYW90aW1lLnlveQ==,fullScreen
30058,Y29tLmtzLmthaXNodXN0b3J5,fullScreen
30059,Y29tLmlmbHl0ZWsuZWxwbW9iaWxlLnNtYXJ0bGVhcm5pbmc=,fullScreen
30060,Y29tLmludHNpZy5CaXpDYXJkUmVhZGVy,fullScreen
30061,Y29tLmppZmVuLnF1a2Fu,fullScreen
30062,Y29tLm1vc29pbmsudGVhY2g=,fullScreen
30063,Y29tLnJlbnJlbmNoZS5jYXJhcHA=,fullScreen
30064,Y29tLmR1b2thbi5waG9uZS5yZW1vdGVjb250cm9sbGVy,fullScreen
30065,Y29tLnRlbmNlbnQubXhkbA==,fullScreen
30066,Y29tLm1mcC5qZWxseS5zYW1zdW5n,fullScreen
30067,Y29tLnhlcy5qYXpoYW5naHVpLmFjdGl2aXR5,fullScreen
30068,Y29tLmppbmdjYWkuYXBwcy5xdWFsaXR5ZGV2,fullScreen
30069,Y29tLmNhbWVyYXNpZGVhcy5pbnN0YXNob3Q=,fullScreen
30070,Y29tLm5ldGVhc2UucGVz,fullScreen
30071,Y29tLnRlbGVjb20udmlkZW8=,fullScreen
30072,Y29tLnNlZXdvLmVhc2ljYXJlLnBybw==,fullScreen
30073,Y29tLm9waG9uZS5yZWFkZXIudWk=,fullScreen
30074,Y29tLmVhLnNpbWNpdHltb2JpbGUuc2Ftc3VuZw==,fullScreen
30075,Y29tLmJsaW5rLmFjYWRlbXkubm9tbw==,fullScreen
30076,Y29tLnpoZW5haS5hbmRyb2lk,fullScreen
30077,Y29tLnN1cGVyY2VsbC5jbGFzaHJveWFsZS51Yw==,fullScreen
30078,Y29tLmhvbmdlbi5hcHAud29yZA==,fullScreen
30079,Y29tLnlheWEubW1iYW5n,fullScreen
30080,Y29tLm11YnUuYXBw,fullScreen
30081,Y29tLmtpZHN3YW50LnNz,fullScreen
30082,Y29tLnNob3VqaWR1b2R1by5kag==,fullScreen
30083,Y29tLnN1cGVyY2VsbC5ib29tYmVhY2gudWM=,fullScreen
30084,Y29tLmppYW5rZWNvbS5qaWFua2VtYWxs,fullScreen
30085,Y29tLmx1LmFzaGlvbndlYXRoZXI=,fullScreen
30086,Y29tLmhhcHB5dGVhbS5kdWJiaW5nc2hvdw==,fullScreen
30087,Y29tLm5pbmV4aXUuc2l4bmluZXhpdQ==,fullScreen
30088,Y29tLnRlbmNlbnQubHljcTI=,fullScreen
30089,Y29tLmNvcnAyMWNuLm1haWwxODk=,fullScreen
30090,Y29tLnRlbmNlbnQuZmlmYW1vYmlsZQ==,fullScreen
30091,Y29tLnN1aXJ1aS56aHVtdQ==,fullScreen
30092,Y29tLnhpYW9iYW5sb25nLm1haW4=,fullScreen
30093,Y24uZWVvLmNsYXNzaW4=,fullScreen
30094,Y29tLnRlbmNlbnQudG1ncC5iaDM=,fullScreen
30095,Y29tLmxlZG91Lm1oankuc2Ftc3VuZw==,fullScreen
30096,Y29tLmJva2VjYy5kYW5jZQ==,fullScreen
30097,Y24ueGRmLndveHVlLnN0dWRlbnQ=,fullScreen
30098,aW8ubW9yZWxlc3MudGlkZQ==,fullScreen
30099,Y29tLmYxMDAuYW5kcm9pZA==,fullScreen
30100,Y29tLnN1bmluZy5tb2JpbGUuZXBh,fullScreen
30101,Y29tLnFpaG9vLmRy,fullScreen
30102,Y29tLnJ0Lm1hcmtldC5mcmVzaA==,fullScreen
30103,Y29tLmx1LmFzaGlvbndlYXRoZXJiYW5uZXI=,fullScreen
30104,Y29tLnBsYW4ua290MzIudG9tYXRvdGltZQ==,fullScreen
30105,Y29tLnNzLmFuZHJvaWQudWdjLmxpdmVsaXRl,fullScreen
30106,Y29tLmh1YXdlaS5oZWFsdGg=,fullScreen
30107,Y29tLmRyY3VpeXV0YW8uYmFieWhlYWx0aA==,fullScreen
30110,Y29tLmhhb2RmLmFuZHJvaWQ=,fullScreen
30111,Y29tLmNoaW5hbXdvcmxkLm1haW4=,fullScreen
30112,Y29tLmhhcHB5ZWxlbWVudHMuQW5kcm9pZEFuaW1hbA==,fullScreen
30113,Y29tLmhhcHB5ZWxlbWVudHMuQW5kcm9pZEFuaW1hbC5xcQ==,fullScreen
30114,Y29tLnRlbmNlbnQubW9iaWxlcXE=,fullScreen
30115,Y29tLmJlbnF1Lnd1dGE=,fullScreen
30116,Y29tLmxpYW5qaWEuYmVpa2U=,fullScreen
30117,Y29tLmh1YXlpLmNtZQ==,fullScreen
30118,Y29tLm5hdmVyY29ycC5uYXZlcnNob3BwaW5n,fullScreen
30118,Y29tLmluaXRpYWxjb21zLnJpZGk=,fullScreenHID
30119,Y29tLmdvb2dsZS5hbmRyb2lkLmFwcHMuZG9jcy5lZGl0b3JzLmRvY3M=,fullScreenHID
30120,Y24ud3BzLm1vZmZpY2VfZW5n,fullScreenHID
30121,b3JnLnRlbGVncmFtLm1lc3Nlbmdlcg==,fullScreenHID
30122,Y29tLmdvb2dsZS5hbmRyb2lkLnlvdXR1YmU=,fullScreenHID
30123,Y29tLmdvb2dsZS5hbmRyb2lkLmFwcHMueW91dHViZS5tdXNpYw==,fullScreenHID
30124,Y29tLmhvZ2FuZ25vbm8uaG9nYW5nbm9ubw==,fullScreenHID
30125,Y29tLnRlbmNlbnQubW0=,fullScreenHID
30126,anAubmF2ZXIubGluZS5hbmRyb2lk,fullScreenHID
30127,Y29tLnlvdWt1LnBob25l,fullScreenHID
30128,Y29tLmNvb2xhcGsubWFya2V0,fullScreenHID
30129,Y29tLnFxZ2FtZS5obGRkeg==,fullScreenHID
30130,Y29tLmtvZGF0Z2ZtLmty,fullScreenHID
30131,Y29tLmRpc25leS5kaXNuZXlwbHVz,fullScreenHID
30132,ZGppLmdvLnY1,fullScreenHID
30133,aW8ud2FsbHBhcGVyZW5naW5lLndlY2xpZW50,fullScreenHID
30134,Y29tLmRpc2NvcmQ=,fullScreenHID
30135,a3IuY28uc2JzLnZpZGVvcGxheWVy,fullScreenHID
30136,Y29tLm5obi5hbmRyb2lkLm5ib29rcw==,fullScreenHID
30137,Y29tLm1pcmFlYXNzZXQudHJhZGU=,fullScreenHID
30138,Y29tLndvb3Jpd20udHhzbWFydA==,fullScreenHID
30139,Y29tLmF0b21jemFrLm5vdGVwYXQ=,fullScreenHID
30140,YWlyLm1hbmh3YQ==,fullScreenHID
30141,Y29tLnRydWVmcmllbmQubmVvc21hcnRhcmVuZXdhbA==,fullScreenHID
30142,Y29tLmp1c2hpbmUuY3N0YW5kYXJk,fullScreenHID
30143,Y29tLmtic2VjLm10cy5pcGx1c3Rhcm5nbTI=,fullScreenHID
30144,Y29tLmhhbmFzZWMuc3RvY2s=,fullScreenHID
30145,a3IuY28uY2FwdHYucG9vcVYy,fullScreenHID
30146,Y29tLmZhY2Vib29rLm9yY2E=,fullScreenHID
30147,bGFmdGVsLm5ldC5sYWZ0ZWw=,fullScreenHID
30148,Y29tLmtic3Rhci5rYmJhbms=,fullScreenHID
30149,Y29tLnNrdC5za2FmLk9BMDAwMjY5MTA=,fullScreenHID
30150,Y29tLndvb3JpYmFuay5zbWFydC5ucGli,fullScreenHID
30151,Y29tLmtlYmhhbmEuaGFuYXB1c2g=,fullScreenHID
30152,Y29tLnRyYWNlcm9mZmljaWFs,fullScreenHID
30153,Y29tLmliay5hbmRyb2lkLmlvbmViYW5r,fullScreenHID
30154,a3IuZ28ubWlud29uLm0=,fullScreenHID
30155,Y29tLm9sbGVoLmFuZHJvaWQub2My,fullScreenHID
30156,bmguc21hcnQubmhhbGxvbmVwYXk=,fullScreenHID
30157,a3IuY28uY3Uub25iYW5r,fullScreenHID
30158,cGkuYnJvd3Nlcg==,fullScreenHID
30159,Y29tLmJsb2NrY2hhaW52YXVsdA==,fullScreenHID
30160,Y29tLmRoby5tb2JpbGVmYXg=,fullScreenHID
30161,Y29tLmxndXBsdXMuaG9tZWlvdA==,fullScreenHID
30162,a3IuY28uZGdiLmRnYm0=,fullScreenHID
30163,Y29tLmJnZmN1Lm1lbWJlcnNoaXA=,fullScreenHID
30164,Y28ua3Iud2FsZGx1c3QubWVnYWNvZmZlZQ==,fullScreenHID
40001,Y29tLmxpbmVjb3JwLmI2MTIuYW5kcm9pZA==,flexModeApp,flip
40002,Y29tLnNub3djb3JwLnNvZGEuYW5kcm9pZA==,flexModeApp,flip
40003,Y29tLmNhbXBtb2JpbGUuc25vdw==,flexModeApp,flip
40004,Y29tLmdvb2dsZS5hbmRyb2lkLmFwcHMudGFjaHlvbg==,flexModeApp
40005,Y29tLnNrdC5wcm9kLnRvZ2V0aGVy,flexModeApp
40006,Y29tLmZyb2dyYW1zLndwbGF5,flexModeApp,fold
40007,a3IuY28uY2FwdHYucG9vcVYy,flexModeApp
40008,Y29tLmdvb2dsZS5hbmRyb2lkLnlvdXR1YmU=,flexModeApp
40009,Y29tLm5lb3dpei5hbmRyb2lkLmJ1Z3M=,flexModeApp
40010,Y29tLmt0bXVzaWMuZ2VuaWVtdXNpYw==,flexModeApp
40011,Y29tLmpvZXdhcmUuYW5kcm9pZC5ncHVsdW1lcmE=,flexModeApp
40012,Y29tLnNhbXN1bmcuYW5kcm9pZC50dnBsdXM=,flexModeApp
40013,Y29tLnNlYy5hbmRyb2lkLmdhbGxlcnkzZA==,flexModeApp
40014,Y29tLnNlYy5hbmRyb2lkLmFwcC5jbG9ja3BhY2thZ2U=,flexModeApp,fold
40015,Y29tLnNhbXN1bmcuYW5kcm9pZC5jYWxlbmRhcg==,flexModeApp
40016,Y29tLnNlYy5hbmRyb2lkLmFwcC5wb3B1cGNhbGN1bGF0b3I=,flexModeApp,fold
40017,Y29tLnNlYy5hbmRyb2lkLmFwcC5jYW1lcmE=,flexModeApp
40018,Y29tLnNhbXN1bmcuYW5kcm9pZC52aWRlbw==,flexModeApp
40019,Y29tLnNlYy5hbmRyb2lkLmFwcC5zYnJvd3Nlcg==,flexModeApp
40020,Y29tLnNlYy5hbmRyb2lkLmFwcC5zYnJvd3Nlci5iZXRh,flexModeApp
40021,Y29tLnNhbXN1bmcuYW5kcm9pZC5pbmNhbGx1aQ==,flexModeApp
40022,Y29tLnNhbXN1bmcuYW5kcm9pZC5hcHAuc3BhZ2U=,flexModeApp
40023,Y29tLnNlYy5hbmRyb2lkLmFwcC5zaGVhbHRo,flexModeApp,fold
40024,Y29tLnNhbXN1bmcuYW5kcm9pZC5hcmVtb2pp,flexModeApp
40025,Y29tLnNhbXN1bmcuYW5kcm9pZC5saXZlc3RpY2tlcnM=,flexModeApp
40026,Y29tLnNhbXN1bmcuYW5kcm9pZC5hcmRyYXdpbmc=,flexModeApp
40027,Y29tLnNhbXN1bmcuYW5kcm9pZC5kaWFsZXI=,flexModeApp,fold
40028,Y29tLmR1b3dhbi5raXdp,flexModeApp
40029,YWlyLnR2LmRvdXl1LmFuZHJvaWQ=,flexModeApp,fold
40030,Y29tLnFpeWkudmlkZW8=,flexModeApp,fold
40031,Y29tLmt0Lm90dg==,flexModeApp,flip
40032,Y29tLmJhbnF1LnNhbXN1bmcubXVzaWM=,flexModeApp
40034,Y24ud3BzLm1vZmZpY2VfZW5n,flexModeApp,fold
40035,c2twbGFuZXQubXVzaWNtYXRl,flexModeApp
40036,dXMuem9vbS52aWRlb21lZXRpbmdz,flexModeApp
40037,Y29tLnNrdC5wcm9kLmRpYWxlcg==,flexModeApp,flip
40038,Y29tLmt0LnN0cmVhbWdhbWU=,flexModeApp,fold
40039,Y29tLnVwbHVzLm9ucGhvbmU=,flexModeApp
40040,Y29tLmRpc25leS5kaXNuZXlwbHVz,flexModeApp,fold
40041,Y29tLmNhbXBtb2JpbGUuc25vd2NhbWVyYQ==,flexModeApp,flip
40042,Y29tLnRlbmNlbnQud2RxeQ==,flexModeApp,fold
40043,Y29tLmp1cGhvb24uanVzdGFsaw==,flexModeApp,flip
40044,Y29tLm1pY3Jvc29mdC50ZWFtcw==,flexModeApp,fold
40045,Y29tLnFpeWkudmlkZW8ucGFk,flexModeApp,fold
40046,Y29tLmlsb2VuLm1lbG9u,flexModeApp
40047,Y29tLmNvb2xhcGsubWFya2V0,flexModeApp,fold
40048,Y29tLmp1cGhvb24uanVzdGFsaw==,flexModeApp,fold
40049,Y29tLnNlYy5hbmRyb2lkLm1pbWFnZS5waG90b3JldG91Y2hpbmc=,flexModeApp
40050,Y29tLnNlYy5hbmRyb2lkLmFwcC52ZXByZWxvYWQ=,flexModeApp
40051,Y29tLnRlbmNlbnQubW9iaWxlcXE=,flexModeApp,fold
40052,Y29tLmxlMTIzLnlzZHE=,flexModeApp,fold
40053,Y29tLnNhbXN1bmcuYW5kcm9pZC5hcHAuZ2FsYXh5cmF3,flexModeApp,fold
40054,Y29tLmh1bmFudHYuaW1nby5zYW1zdW5n,flexModeApp,fold
40055,Y29tLm5ldGZsaXgubWVkaWFjbGllbnQ=,flexModeApp,fold
40056,Y29tLmFsaWJhYmEuYW5kcm9pZC5yaW1ldA==,flexModeApp,fold
40057,Y29tLnh1bmxlaS5kb3dubG9hZHByb3ZpZGVy,flexModeApp,fold
40058,Y29tLndoYXRzYXBw,flexModeApp
40059,b3JnLnZpZGVvbGFuLnZsYw==,flexModeApp
40060,Y29tLmJhaWR1Lmhhb2thbg==,flexModeApp,fold
40061,Y29tLmJlbnF1Lnd1dGE=,flexModeApp,flip
40062,Y29tLnlvdWt1LnBob25l,flexModeApp,fold
40063,Y29tLmluc3RhZ3JhbS5hbmRyb2lk,flexModeApp,flip
40064,Y29tLmZhY2Vib29rLm9yY2E=,flexModeApp
40065,Y29tLmZhY2Vib29rLmthdGFuYQ==,flexModeApp
40066,Y29tLmNpc2NvLndlYmV4Lm1lZXRpbmdz,flexModeApp
40067,Y24ueHVleGkuYW5kcm9pZA==,flexModeApp,fold
40068,Y29tLnNrdC5udWd1LmFwb2xsbw==,flexModeApp,flip
40069,Y29tLm9uZXN0b3JlLm9uZXN0b3J5,flexModeApp,fold
40070,Y29tLnNrdC5za2FmLk9BMDAwNTAwMTc=,flexModeApp,fold
40071,Y29tLmNvZmZlZS5sb3ZlX2NvZmZlZQ==,flexModeApp
40072,Y29tLm1heGluY29tZS5mbWNybQ==,flexModeApp
40073,Y29tLmh1bmFudHYuaW1nby5hY3Rpdml0eQ==,flexModeApp,fold
40074,Y29tLnNvaHUubmV3c2NsaWVudA==,flexModeApp,fold
40075,Y29tLnRlbmNlbnQucXFsaXZl,flexModeApp,fold
40076,Y29tLnh5aGouaGFuanU=,flexModeApp,fold
40077,Y29tLnNzLmFuZHJvaWQubGFyaw==,flexModeApp,fold
40078,Y29tLnNvaHUuc29odXZpZGVv,flexModeApp,fold
40079,bmV0LmNqLmNqaHYuZ3MudHZpbmc=,flexModeApp
50001,Y29tLmh1bHUucGx1cw==,ignoreAppRotation
50002,Y29tLnViZXJjYWI=,ignoreAppRotation
50003,Y29tLnp6a2tv,ignoreAppRotation
50004,b3JnLnp3YW5vby5hbmRyb2lkLnNwZWVkdGVzdA==,ignoreAppRotation
50005,Y29tLmZpdGJpdC5GaXRiaXRNb2JpbGU=,ignoreAppRotation
50006,Y29tLmJsb2NrY2hhaW52YXVsdA==,ignoreAppRotation
50007,Y29tLnNob3BpZnkuYXJyaXZl,ignoreAppRotation
50008,Y29tLmdyYWJ0YXhpLnBhc3Nlbmdlcg==,ignoreAppRotation
50009,Y29tLmJpdHN0cmlwcy5pbW9qaQ==,ignoreAppRotation
50010,Z3NzaG9wLm1vYmlsZS52Mg==,ignoreAppRotation
50011,a3IuYmFja3BhY2tyLm1lLmlkdXM=,ignoreAppRotation
50012,Y29tLmN1bHRzb3RyeS55YW5vbGphLm5hdGl2ZWFwcA==,ignoreAppRotation
50013,Y29tLmNyb3F1aXMuemlnemFn,ignoreAppRotation
50014,Y29tLmV2ZXJ5dGltZS52Mg==,ignoreAppRotation
50015,bmguc21hcnQubmhjb2s=,ignoreAppRotation
50016,Y29tLnN0YXJidWNrcy5jbw==,ignoreAppRotation
50017,Y29tLmhtYWxsYXBw,ignoreAppRotation
50018,a3IuY28uc3Nn,ignoreAppRotation
50019,Y29tLm5leG9uLm54cGxheQ==,ignoreAppRotation
50020,Y28uc3Bvb25tZQ==,ignoreAppRotation
50021,Y29tLmtzY2Muc2N4Yi5tYmw=,ignoreAppRotation
50022,Y29tLmlzY3JlYW1tZWRpYS5hcHAuaGljbGFzcy5hbmRyb2lk,ignoreAppRotation
50023,Y29tLmNndi5hbmRyb2lkLm1vdmllYXBw,ignoreAppRotation
50024,Y29tLnNhbXN1bmcuZmFtaWx5bmV0bWFsbA==,ignoreAppRotation
50025,Y29tLm1vbnB1Yi5uYW11d2lraQ==,ignoreAppRotation
50026,Y29tLmdvbGZ6b24uYW5kcm9pZC5HRFI=,ignoreAppRotation
50027,Y29tLmtvcmVhbmFpci5wYXNzZW5nZXI=,ignoreAppRotation
50028,Y29tLnJvYm9yb2NrLnNtYXJ0,ignoreAppRotation
50029,Y29tLmhjb20uYW5kcm9pZA==,ignoreAppRotation
50030,Y29tLm1vb25hY3RpdmUuY29pbm1hc3Rlcg==,ignoreAppRotation
50031,Y29tLmFjdGl2aXNpb24uY2FsbG9mZHV0eS5zaG9vdGVy,ignoreAppRotation
50032,Y29tLnRpbmRlcg==,ignoreAppRotation
50033,Y29tLmdyaW5kcmFwcC5hbmRyb2lk,ignoreAppRotation
50034,Y29tLmJhZG9vLm1vYmlsZQ==,ignoreAppRotation
50035,Y29tLnBpY3NhcnQuc3R1ZGlv,ignoreAppRotation
50036,Y29tLmJpbmFuY2UuZGV2,ignoreAppRotation
50037,Y29tLnBpeGVsLmFydC5jb2xvcmluZy5jb2xvci5udW1iZXI=,ignoreAppRotation
50038,Y29tLnRvcGdhbWVzaW5jLmV2b255,ignoreAppRotation
50039,cHV6emxlLmJsb2NrcHV6emxlLmN1YmUucmVsYXg=,ignoreAppRotation
50040,Y29tLnBlb3BsZWZ1bi53b3JkY3Jvc3M=,ignoreAppRotation
50041,Y29tLmltby5hbmRyb2lkLmltb2lt,ignoreAppRotation
50042,bmV0LnBlYWtnYW1lcy50b29uYmxhc3Q=,ignoreAppRotation
50043,Y29tLmVsZXgudHdkc2F3Lmdw,ignoreAppRotation
50044,Y29tLmdtYS53YXRlci5zb3J0LnB1enpsZQ==,ignoreAppRotation
50045,Y29tLm9zLmFpcmZvcmNl,ignoreAppRotation
50046,Y29tLmhpZ2dzLnRpbGVtYXN0ZXIzZA==,ignoreAppRotation
50047,bmV0LnBlYWtnYW1lcy5hbXk=,ignoreAppRotation
50048,Y29tLmZ1bnRvbWljLm1hdGNobWFzdGVycw==,ignoreAppRotation
50049,Y29tLmNvdXBhbmcubW9iaWxlLmVhdHM=,ignoreAppRotation
50050,Y29tLnN0cmF2YQ==,ignoreAppRotation
50051,Y29tLm91dGZpdDcubXl0YWxraW5ndG9tMg==,ignoreAppRotation
50052,Y29tLm5mbHlzdHVkaW8uSW5maW5pdGVTdGFpcmNhc2U=,ignoreAppRotation
50053,Y29tLmhtLmdvZQ==,ignoreAppRotation
50054,dGlsZS5tYXN0ZXIuY29ubmVjdC5tYXRjaGluZy5nYW1l,ignoreAppRotation
50055,Y29tLnN0YXJtYWtlcmludGVyYWN0aXZlLnN0YXJtYWtlcg==,ignoreAppRotation
50056,ZnJlZXBsYXkuY3Jvd2RydW4uY29t,ignoreAppRotation
50057,Y29tLmNhbmR5d3JpdGVyLmJpdGxpZmU=,ignoreAppRotation
50058,Y29tLmFsaWVuLnNob290ZXIuZ2FsYXh5LmF0dGFjaw==,ignoreAppRotation
50059,Y29tLnRmZ2NvLmdhbWVzLnNwb3J0cy5mcmVlLnRlbm5pcy5jbGFzaA==,ignoreAppRotation
50060,Y29tLmV1cm9wb3NpdC5waXhlbGNvbG9yaW5n,ignoreAppRotation
50061,Y29tLm91dGZpdDcubXl0YWxraW5nYW5nZWxhMg==,ignoreAppRotation
50062,Y29tLnNwb3J0cy5yZWFsLmdvbGYucml2YWwub25saW5l,ignoreAppRotation
50063,Y28uaGluZ2UuYXBw,ignoreAppRotation
50064,Y29tLmhhYmJ5LmFyY2hlcm8=,ignoreAppRotation
50065,ZnJlZS50dWJlLnByZW1pdW0uYWR2YW5jZWQudHViZXI=,ignoreAppRotation
50066,aW0udGhlYm90Lm1lc3Nlbmdlcg==,ignoreAppRotation
50067,bmV0LnplZGdlLmFuZHJvaWQ=,ignoreAppRotation
50068,Y29tLmdsb2JhbC56dG1zbGc=,ignoreAppRotation
50069,Y29tLm1hdHRlbDE2My5waGFzZTEw,ignoreAppRotation
50070,Y29tLnN3bS5saXZl,ignoreAppRotation
50071,Y29tLmJyaWNrc2JyZWFrZXIuYmFsbHMuY3J1c2hlci5icmlja3M=,ignoreAppRotation
50072,c2luZXQuc3RhcnR1cC5pbkRyaXZlcg==,ignoreAppRotation
50073,Y29tLmplbGx5YnRuLmJvYXJka2luZ3M=,ignoreAppRotation
50074,Y29tLmx1bWJlci5pbmM=,ignoreAppRotation
50075,Y29tLlVwcGVycGlrLkhhaXJDaGFsbGVuZ2U=,ignoreAppRotation
50076,Y29tLnp5bmdhLnBvdHRlcm1hdGNo,ignoreAppRotation
50077,Y29tLnNtdWxlLnNpbmdhbmRyb2lk,ignoreAppRotation
50078,YXBwLnplbmx5LmxvY2F0b3I=,ignoreAppRotation
50079,dmlkZW8ubGlrZQ==,ignoreAppRotation
50080,Y29tLmdhcm1pbi5hbmRyb2lkLmFwcHMuY29ubmVjdG1vYmlsZQ==,ignoreAppRotation
50081,Y29tLmdvb2dsZS5hbmRyb2lkLmFwcHMueW91dHViZS5jcmVhdG9y,ignoreAppRotation
50082,Y29tLmNvaW5iYXNlLmFuZHJvaWQ=,ignoreAppRotation
50083,aW8uc3RhdGUuZmlnaHQ=,ignoreAppRotation
50084,Y29tLmVhLmdhbWUuc2ltY2l0eW1vYmlsZV9yb3c=,ignoreAppRotation
50085,Y29tLnp5bmdhLndvcmRzMw==,ignoreAppRotation
50086,Y29tLmNyb3dkc3Rhci5jb3ZldEhvbWU=,ignoreAppRotation
50087,Y29tLm15bnRyYS5hbmRyb2lk,ignoreAppRotation
50088,Y29tLnlvdW11c2ljLm1hZ2ljdGlsZXM=,ignoreAppRotation
50089,Y28ubW9uYS5hbmRyb2lk,ignoreAppRotation
50090,Y29tLm1vb25mcm9nLmx1ZG8uY2x1Yg==,ignoreAppRotation
50091,bWUubHlmdC5hbmRyb2lk,ignoreAppRotation
50092,dmlkZW8ucmVmYWNlLmFwcA==,ignoreAppRotation
50093,Y29tLmZsdWZmeWZhaXJ5Z2FtZXMuaWRsZW1pbmVydHljb29u,ignoreAppRotation
50094,Y29tLnN0YXJidWNrcy5tb2JpbGVjYXJk,ignoreAppRotation
50095,Y29tLmF1eGJyYWluLmVnZ2luYw==,ignoreAppRotation
50096,Y29tLnN0YXIudW5pb24ucGxhbmV0YW50,ignoreAppRotation
50097,ZmkucmV3b3Jrcy5yZWRlY29y,ignoreAppRotation
50098,Y29tLm91dGZpdDcudGFsa2luZ3RvbWdvbGRydW4=,ignoreAppRotation
50099,Y29tLmFkZGljdGl2ZS5zdHJhdGVneS5hcm15,ignoreAppRotation
50100,Y29tLmdhbWUuc3BhY2Uuc2hvb3RlcjI=,ignoreAppRotation
50101,Y29tLmV4cGVkaWEuYm9va2luZ3M=,ignoreAppRotation
50102,Y29tLm1pbmljbGlwLmZvb3RiYWxsc3RyaWtl,ignoreAppRotation
50103,Y29tLnlvdHRhZ2FtZXMuZ2FtZW9mbWFmaWE=,ignoreAppRotation
50104,Y29tLmR5d3gubGFya3BsYXllcg==,ignoreAppRotation
50105,Y29tLmJhbmRhaW5hbWNvZW50LmRibGVnZW5kc193dw==,ignoreAppRotation
50106,Y29tLm1hcnMuYXZnY2hhcHRlcnM=,ignoreAppRotation
50107,Y29tLkdhcmF3ZWxsLkJyaWRnZVJhY2U=,ignoreAppRotation
50108,Y29tLm5pa2Uub21lZ2E=,ignoreAppRotation
50109,Y29tLnJlZGNlbGwuZ29sZGFuZGdvYmxpbnM=,ignoreAppRotation
50110,Y29tLm91dGZpdDcuaGVyb2Rhc2g=,ignoreAppRotation
50111,Y29tLnppbmcuemFsbw==,ignoreAppRotation
50112,Y29tLm15LmRlZmVuc2U=,ignoreAppRotation
50113,Y29tLmlnZy5hbmRyb2lkLmRyZXNzdXB0aW1lcHJpbmNlc3M=,ignoreAppRotation
50114,Y29tLmNhbWVyYXNpZGVhcy50cmltbWVy,ignoreAppRotation
50115,Y29tLmRvcm90aGVlYnJvbmRlcy5ib3VuY2VhbmRjb2xsZWN0,ignoreAppRotation
50116,Y29tLnN1cGVyYm94LmFvcy5maXJlMjA0OA==,ignoreAppRotation
50117,Y29tLmRyZWFtZS5yZWFkZXI=,ignoreAppRotation
50118,aW8uZmFjZWFwcA==,ignoreAppRotation
50119,Y29tLmZ0d19hbmRfY28uaGFwcG4=,ignoreAppRotation
50120,Y29tLmF6dXJlLmF1dGhlbnRpY2F0b3I=,ignoreAppRotation
50121,Y29tLnBsYXlkZW1pYy5nb2xmLmFuZHJvaWQ=,ignoreAppRotation
50122,Y29tLmxvb3AubWF0Y2h0aWxlM2Q=,ignoreAppRotation
50123,Y29tLm1lcmNhcmlhcHAubWVyY2FyaQ==,ignoreAppRotation
50124,Y29tLkxpZ2h0bmVlci5CYXpvb2thQm95,ignoreAppRotation
50125,Y29tLnByb25ldGlzLmlyb25iYWxsMg==,ignoreAppRotation
50126,bXVzaWNwbGF5ZXIubXVzaWNhcHBzLm11c2ljLm1wM3BsYXllcg==,ignoreAppRotation
50127,Y29tLmh1YXdlaS5oZWFsdGg=,ignoreAppRotation
50128,Y29tLkZpZGdldFRyYWRpbmczRC5nYW1l,ignoreAppRotation
50130,Y29tLm91dGZpdDcubXl0YWxraW5nYW5nZWxhZnJlZQ==,ignoreAppRotation
50131,c29ydC53YXRlci5wdXp6bGUucG91ci5jb2xvci50dWJlcy5zb3J0aW5nLmdhbWU=,ignoreAppRotation
50132,Y29tLmF6YXJsaXZlLmFuZHJvaWQ=,ignoreAppRotation
50134,Y29tLnBlcmNlbnQucm95YWxkaWNl,ignoreAppRotation
50135,Z2FtZXMub25lYnV0dG9uLmdvbGZiYXR0bGU=,ignoreAppRotation
50136,Y29tLm9zLmZhbGNvbi5mbmYuYmF0dGxlLmZyaWRheS5uaWdodC5mdW5raW4=,ignoreAppRotation
50137,Y29tLmdsb3Zv,ignoreAppRotation
50138,c3Vkb2t1LnB1enpsZS5mcmVlLmdhbWUuYnJhaW4=,ignoreAppRotation
50139,Y29tLkZvbGxvd0NpcmNsZXMuVHJhZGluZ01hc3Rlcg==,ignoreAppRotation
50140,ZnIuZ291di5hbmRyb2lkLnN0b3Bjb3ZpZA==,ignoreAppRotation
50141,Y29tLmltbWVkaWFzZW1pLmFuZHJvaWQuYmxpbms=,ignoreAppRotation
50142,Y29tLmFtYW5vdGVzLmJlYXRob3BwZXI=,ignoreAppRotation
50143,Y29tLmZhbmF0ZWUuY29keQ==,ignoreAppRotation
50144,Y29tLnRyYW56bWF0ZQ==,ignoreAppRotation
50145,Y29tLnRldHJveC5ib3ds,ignoreAppRotation
50146,Y29tLnNtYWxsZ2lhbnRnYW1lcy5lbXBpcmVz,ignoreAppRotation
50147,Y29tLnNjb3BlbHkueXV4,ignoreAppRotation
50148,Y29tLnRhbGFiYXQ=,ignoreAppRotation
50149,Y29tLmtpbmcuY3Jhc2g=,ignoreAppRotation
50150,Y29tLmdtYS53YXRlci5jb25uZWN0LnB1enpsZQ==,ignoreAppRotation
50151,Y29tLmJ0Y2tvcmVhLmJpdGh1bWI=,ignoreAppRotation
50152,Y29tLnZpbmNlbnRiLk1vYkNvbnRyb2w=,ignoreAppRotation
50153,Y29tLmpvb20=,ignoreAppRotation
50154,Y29tLmFwcGxlLm1vdmV0b2lvcw==,ignoreAppRotation
50155,Y29tLnJvb3QuY2xlYW4uYm9vc3QuZXhwbG9yZXIuZmlsZW1hbmFnZXI=,ignoreAppRotation
50156,Y29tLnNrb3V0LmFuZHJvaWQ=,ignoreAppRotation
50157,Y29tLmdhbWViaWxpdHkub25ldA==,ignoreAppRotation
50158,Y29tLnJvbGxpYy50YW5nbGVtYXN0ZXIzRA==,ignoreAppRotation
50159,Y29tLnRwbGluay5pb3Q=,ignoreAppRotation
50160,Z3JpdC5zdG9yeXRlbC5hcHA=,ignoreAppRotation
50161,Y29tLmNsZWFudGVhbS5vbmVzZWN1cml0eQ==,ignoreAppRotation
50162,Y29tLmltZ3VyLm1vYmlsZQ==,ignoreAppRotation
50163,Y29tLmV6dml6,ignoreAppRotation
50164,Y29tLnBpY2FkaWxsYS5iZWVwYmVlcHZyb29t,ignoreAppRotation
50165,Z2FtZXMubm9oby5ndW5nYW5n,ignoreAppRotation
50166,ZXMuc29jaWFscG9pbnQud29yZGxpZmU=,ignoreAppRotation
50167,Y29tLnBsYXlnZW5kYXJ5LnRvbQ==,ignoreAppRotation
50168,Y29tLnZyYm8uYW5kcm9pZA==,ignoreAppRotation
50169,Y29tLmNhdHdhbGsuZmFzaGlvbi5zdGFy,ignoreAppRotation
50170,Y29tLmx1ZGlhLmp3Mg==,ignoreAppRotation
50171,Y29tLmNhbWVsZ2FtZXMuYW96,ignoreAppRotation
50172,cGhvdG8uZWRpdG9yLnBob3RvZWRpdG9yLnBob3RvZWRpdG9ycHJv,ignoreAppRotation
50173,Y29sb3JpbmcuY29sb3IubnVtYmVyLmhhcHB5LnBhaW50LmFydC5kcmF3aW5nLnB1enpsZQ==,ignoreAppRotation
50174,Y29tLmludGVyZm9jdXNsbGMucGF0cGF0,ignoreAppRotation
50175,Y29tLnB1enpsZTFzdHVkaW8uZ28uYnViYmxlcG9wb3JpZ2lucHV6emxlZ2FtZQ==,ignoreAppRotation
50176,Y29tLmNoaWNrZmlsYS5jZmFmbGFnc2hpcA==,ignoreAppRotation
50177,Y29tLmpveWNpdHkuZ3c=,ignoreAppRotation
50178,Y29tLmt0Yi5jdXN0b21lci5xcg==,ignoreAppRotation
50179,Y29tLm1pbmQucXVpei5icmFpbi5vdXQ=,ignoreAppRotation
50180,c2EuZ292Lm5pYy50YXdha2thbG5h,ignoreAppRotation
50181,Y29tLmFkaWRhcy5hcHA=,ignoreAppRotation
50182,Y29tLnF1b3JhLmFuZHJvaWQ=,ignoreAppRotation
50183,Y29tLmxlYW4uc2VoaGF0eQ==,ignoreAppRotation
50184,Z29nb2xvb2suY2FsbGdvZ29sb29rMg==,ignoreAppRotation
50185,Y29tLm1hcm9pZXFyd2xrLnVucGlu,ignoreAppRotation
50186,Y29tLmxzemVubGFtenIucGFya2luZ2phbQ==,ignoreAppRotation
50187,Y29tLm1vYmlyaXguc3dpcGVicmljazI=,ignoreAppRotation
50188,Y29tLmFub3RoZXJwbGFjZXByb2R1Y3Rpb25zLmZhdDJmaXQ=,ignoreAppRotation
50189,Y29tLmdsb2JhbC56dG1zbGdrcg==,ignoreAppRotation
50190,Y29tLmNkZ2FtZXMuZmlkZ2V0M2Q=,ignoreAppRotation
50191,Y29tLnBsYXRvLmFuZHJvaWQ=,ignoreAppRotation
50192,Y29tLmh1dGNoZ2FtZXMuZm9ybXVsYXJhY2luZw==,ignoreAppRotation
50193,Y29tLnJlc2N1ZS5hZ2VudA==,ignoreAppRotation
50194,Y29tLm9obWdhbWVzLnJpY2h0b3Bvb3I=,ignoreAppRotation
50195,dHIuY29tLmFwcHMuZmFzaGlvbi5iYXR0bGU=,ignoreAppRotation
50196,Y29tLmFwcC50Z3Rn,ignoreAppRotation
50197,Y29tLmRhbmNpbmcuc21hc2guaG9wLmdhbWUudGlsZXMuY2lyY2xlcy5iZWF0LnBhaW5v,ignoreAppRotation
50198,Y29tLmV2ZXJieXRlc3R1ZGlvLmludGVyYWN0aXZlLnRleHQuY2hhdC5zdG9yeS5ycGcuY3lvYS5kdXNrd29vZA==,ignoreAppRotation
50199,Y29tLmhhbmRtYXJrLmV4cHJlc3N3ZWF0aGVy,ignoreAppRotation
50200,Y29tLmFsaWdodGNyZWF0aXZlLm1vdGlvbg==,ignoreAppRotation
50201,Y29tLmR1bmtpbmJyYW5kcy5vdGdv,ignoreAppRotation
50202,Y29tLnJ5YW5haXIuY2hlYXBmbGlnaHRz,ignoreAppRotation
50203,Y29tLmNhc3NldHRlLmFxdWFwYXJr,ignoreAppRotation
50204,Y2MubGlvbnN0dWRpb3MubWVyZ2VsaWZl,ignoreAppRotation
50205,Y29tLnN0ZWFsdGhnYW1lLm1hc3Rlcg==,ignoreAppRotation
50206,Y29tLnRoZWNhcm91c2VsbC5DYXJvdXNlbGw=,ignoreAppRotation
50207,Y29tLm5ldG1hcmJsZS5uYW5hZ2I=,ignoreAppRotation
50208,Y29tLnNlZW5heC5IaWRlQW5kU2Vlaw==,ignoreAppRotation
50209,c21hcnQudHYud2lmaS5yZW1vdGUuY29udHJvbC5zYW1jb250cm9s,ignoreAppRotation
50210,Y29tLmNvc3Rjby5hcHAuYW5kcm9pZA==,ignoreAppRotation
50211,Y29tLndhbGxhcG9w,ignoreAppRotation
50212,Y29tLmJvdW5kbGVzcy5qYXdha2Vy,ignoreAppRotation
50213,Y29tLnZvdmEuYW5kcm9pZA==,ignoreAppRotation
50214,Y29tLmxpdHRsZWVuZ2luZS53b3JkcGFs,ignoreAppRotation
50215,Y29tLmVhc3licmFpbi5maW5kLnRoZS5kaWZmZXJlbmNl,ignoreAppRotation
50216,Y29tLnlhaG9vLm1vYmlsZS5jbGllbnQuYW5kcm9pZC55YWhvbw==,ignoreAppRotation
50218,Y29tLnR1bW15Z2FtZXMuc2xpY2VpdA==,ignoreAppRotation
50219,Y29tLmVtYWdyb3Vwcy5jcw==,ignoreAppRotation
50220,Y29tLnBsYXlzdHJvbS5ib2I=,ignoreAppRotation
50221,Y29tLnRyaXZpYS5zdGFyLmFuZHJvaWQ=,ignoreAppRotation
50222,ZGUuc3RvY2FyZC5zdG9jYXJk,ignoreAppRotation
50223,Y29tLmJyYWluZG9tMnJpZGRsZQ==,ignoreAppRotation
50224,Y29tLm1pY3JvYmxpbmsucGhvdG9tYXRo,ignoreAppRotation
50225,Y29tLmJpZ2R1Y2tnYW1lcy5mbG93,ignoreAppRotation
50226,c2l4cGFjay5zaXhwYWNrYWJzLmFic3dvcmtvdXQ=,ignoreAppRotation
50227,Y29tLmdtYS5iYWxsLnNvcnQuY29sb3Iud2F0ZXIucHV6emxl,ignoreAppRotation
50228,Y29tLnRlbmNlbnQud2VzaW5n,ignoreAppRotation
50229,Y29tLnlvdWRhby5oaW5kaWN0,ignoreAppRotation
50230,Y29tLnNlZ2Euc29uaWNkYXNo,ignoreAppRotation
50231,Y29tLnVuaWNvc3R1ZGlvLmJyYWludGVzdA==,ignoreAppRotation
50232,Y29tLmtvbmdyZWdhdGUubW9iaWxlLmFkdmVudHVyZWNhcGl0YWxpc3QuZ29vZ2xl,ignoreAppRotation
50233,Y29tLmJpdHNtZWRpYS5hbmRyb2lkLm11c2xpbXBybw==,ignoreAppRotation
50234,Y29tLnFpZGlhbi5JbnQucmVhZGVy,ignoreAppRotation
50235,Y29tLmRoZ2F0ZS5idXllcm1vYg==,ignoreAppRotation
50236,ZGUuaGFmYXMuYW5kcm9pZC5kYg==,ignoreAppRotation
50237,Y29tLmtvaGxzLm1jb21tZXJjZS5vcGFs,ignoreAppRotation
50238,Y29tLnJlYWQuZ29vZG5vdmVs,ignoreAppRotation
50239,Y29tLmF6dXJnYW1lcy5zdGFja2JhbGw=,ignoreAppRotation
50240,Y29tLnRoZXRyYWlubGluZQ==,ignoreAppRotation
50241,Y29tLnNkcGdhbWVzLnNjdWxwdHBlb3BsZQ==,ignoreAppRotation
50242,Y29tLmN2cy5sYXVuY2hlcnMuY3Zz,ignoreAppRotation
50243,Y29tLm1hY3lzLmFuZHJvaWQ=,ignoreAppRotation
50244,Y29tLmtheWFjLmJhbGxfcnVu,ignoreAppRotation
50245,Y29tLmZyZWVwbGF5LnJ1bmFuZGZpZ2h0,ignoreAppRotation
50246,Y29tLmFzaWFpbm5vLnVwbGl2ZQ==,ignoreAppRotation
50247,Y29tLm92ZWxpbi5ndWl0YXJ0dW5h,ignoreAppRotation
50248,Y29tLmx1dXRpbmhpdC5pb3NsYXVuY2hlcg==,ignoreAppRotation
50249,aXIucmVtb3RlLnNtZy50dg==,ignoreAppRotation
50250,Y29tLmZlb2Z1bi5lbGVtZW50YWxtYXN0ZXI=,ignoreAppRotation
50251,Y29tLmNyYXp5bGFicy50aWUuZHllLmFydA==,ignoreAppRotation
50252,Y29tLm1lcmt1cnlpbm5vdmF0aW9ucy5nZWVuaQ==,ignoreAppRotation
50253,Y29tLmloZXJi,ignoreAppRotation
50254,dGguaW4ucm9iaW5ob29k,ignoreAppRotation
50255,Y29tLmthZGthLmZvcmtuc2F1c2FnZQ==,ignoreAppRotation
50256,Y29tLnZvZC52b2RjeQ==,ignoreAppRotation
50257,Y29tLmh1eWEubmltbw==,ignoreAppRotation
50258,Y29tLmF5bm92ZWwudml4cw==,ignoreAppRotation
50259,bWVyZ2UudmlsbGE=,ignoreAppRotation
50260,Y29tLm5hZ2FzdHVkaW8uZ2lhbnQubW9uc3Rlci5ydW4=,ignoreAppRotation
50261,Y29tLmRpc25leS5lbW9qaW1hdGNoX2dvbw==,ignoreAppRotation
50262,ZnJlZS52cG4udW5ibG9jay5wcm94eS50dXJib3Zwbg==,ignoreAppRotation
50263,Y29tLmlzY29vbGVudGVydGFpbm1lbnQuc25j,ignoreAppRotation
50264,Y29tLkthdWVSb3NhLkNpdHlUYWtlb3Zlcg==,ignoreAppRotation
50265,Y29tLlNhcmVwdGEuTXlDaGlsZA==,ignoreAppRotation
50266,Y29tLnRhbmdyYW1nYW1lcy5nb3VyZGRvbGwud29yZGNydXNo,ignoreAppRotation
50267,Y29tLmJhc2UuanVtcC5nbGlkaW5n,ignoreAppRotation
50268,Y29tLmZpZGdldHRyYWRpbmcuZ2FtZQ==,ignoreAppRotation
50269,Y29tLnNhZHB1cHB5LmxlbW1pbmdz,ignoreAppRotation
50270,bGlua2Rlc2tzLnBvcC5idWJibGVnYW1lcy5idWJibGVzaG9vdGVy,ignoreAppRotation
50271,Y29tLnNhaXl1bi5hdmdjaGFwdGVycy5lcGlzb2Rlc3Rvcmllcy5yb21hbmNl,ignoreAppRotation
50272,Y29tLnlvZG8xLnJvZGVvLnNhZmFyaQ==,ignoreAppRotation
50273,dm4udnR2LnZ0dmdv,ignoreAppRotation
50274,ZGUuYXV0b2RvYy5nbWJo,ignoreAppRotation
50275,Y29tLmZpcnN0c2NyZWVuLndlYXRoZXI=,ignoreAppRotation
50276,Y29tLm9jdWx1cy50d2lsaWdodA==,ignoreAppRotation
50278,Y29tLm1lZXNoby5zdXBwbHk=,ignoreAppRotation
50279,Y29tLnVsdGltYXRlZ3VpdGFyLnRhYnM=,ignoreAppRotation
50280,Y29tLmhlbGxvZnJlc2guYW5kcm9pZGFwcA==,ignoreAppRotation
50281,Y29tLmJyYWluZG9t,ignoreAppRotation
50282,Y29tLm11c2NsZS5ydXNo,ignoreAppRotation
50283,Y29tLmdlYXIyLmdyb3dzbGF5ZXI=,ignoreAppRotation
50284,Y29tLnlvcmZzdHVkaW8uc2Vh,ignoreAppRotation
50285,Y29tLmNvZGlnYW1lcy5pZGxlLnByaXNvbi5lbXBpcmUubWFuYWdlci50eWNvb24=,ignoreAppRotation
50286,Y29tLmNhcmRpbmFsYmx1ZS5waWNjb2xsYWdlLmdvb2dsZQ==,ignoreAppRotation
50287,Y29tLkppbmRvQmx1LkFudGlzdHJlc3M=,ignoreAppRotation
50288,Y29tLmJsdWVkLmludGVybmF0aW9uYWw=,ignoreAppRotation
50289,Y29tLm9zLnNwYWNlLmZvcmNlLmdhbGF4eS5hbGllbg==,ignoreAppRotation
50290,Y29tLmdldHNvbWVoZWFkc3BhY2UuYW5kcm9pZA==,ignoreAppRotation
50291,Y29tLnRhcmVrbW9uZ3kuUnVub2ZMaWZl,ignoreAppRotation
50292,Y29tLm1lbG9kaXMubWlkb21pTXVzaWNJZGVudGlmaWVyLmZyZWVtaXVt,ignoreAppRotation
50293,Y24uZGFuYXRlY2gueGluZ3NldXM=,ignoreAppRotation
50294,Y29tLnJ1bnRhc3RpYy5hbmRyb2lk,ignoreAppRotation
50295,Y29tLmJpZ3dpbmVwb3Qubndkbi5pbnRlcm5hdGlvbmFs,ignoreAppRotation
50296,d29ya3MuanViaWxlZS50aW1ldHJlZQ==,ignoreAppRotation
50297,Y29tLnBsYXlzdHJvbS5kb3Ay,ignoreAppRotation
50298,Y29tLmJsdWVmbGFtaW5nby5oZXJvbGFi,ignoreAppRotation
50299,Y29tLkJhbGxHYW1lcy5Xb29kdHVybmluZw==,ignoreAppRotation
50300,Y29tLmM2YmFuay5hcHA=,ignoreAppRotation
50301,Y29tLkJvcm4yUGxheS5TdGFja3lEYXNo,ignoreAppRotation
50302,bXkuZ292Lm9uZWdvdmFwcHN0b3JlLm15c2VqYWh0ZXJh,ignoreAppRotation
50303,Y28uYnJhaW5seQ==,ignoreAppRotation
50304,Y29tLm1hbWJldC50dg==,ignoreAppRotation
50305,Y29tLmxpaHVodS53b29kYmxvY2ttZXJnZXI=,ignoreAppRotation
50306,Y29tLmxiZS5wYXJhbGxlbC5pbnRs,ignoreAppRotation
50307,Y29tLmdqZy5jb2xvcmZpbGwzZA==,ignoreAppRotation
50308,Y29tLnVuaWNvc3R1ZGlvLmJyYWludGVzdDJuZXc=,ignoreAppRotation
50309,Y29tLmdsdS5iYXNlYmFsbDIx,ignoreAppRotation
50310,Y24ueGVuZGVy,ignoreAppRotation
50311,Y28uaGFwcHliaXRzLm1hcmNvcG9sbw==,ignoreAppRotation
50312,Y29tLmNvbG9ib2xvLmNoYWluYmFsbA==,ignoreAppRotation
50313,Y29tLndvbWJvYWkud29tYm8=,ignoreAppRotation
50314,Y29tLmF1ZGlvbWFjaw==,ignoreAppRotation
50315,YXUuZ292LnZpYy5zZXJ2aWNlLmRpZ2l0YWx3YWxsZXQuY2l0aXplbg==,ignoreAppRotation
50316,Y29tLnN1c2hpcm9sbHMuYXBw,ignoreAppRotation
50317,Y29tLmJpdG1hbmdvLmdvLmJ1YmJsZXBvcA==,ignoreAppRotation
50319,Y29tLnNhbXN1bmdwb3AuYW5kcm9pZC5tcG9w,ignoreAppRotation
50320,Y29tLmtha2FvLnBhZ2U=,ignoreAppRotation
50321,Y29tLmJhbmhhbGEuYW5kcm9pZA==,ignoreAppRotation
50322,Y29tLndlbWFrZXByaWNl,ignoreAppRotation
50323,Y29tLmRicy5rdXJseS5tMg==,ignoreAppRotation
50324,Y29tLndvcmRwdXp6bGUua3I=,ignoreAppRotation
50325,a3IuZ29vZGNob2ljZS5hYm91dGhlcmU=,ignoreAppRotation
50326,a3IuY28uc2Ftc3VuZ2NhcmQubXBvY2tldA==,ignoreAppRotation
50327,Y29tLnN1bmRheXRvei5rYWthby5hbmlwYW5nNA==,ignoreAppRotation
50328,Y29tLm5leG9uLmZvNG0=,ignoreAppRotation
50330,Y29tLm5hdmVyLnZhcHA=,ignoreAppRotation
50331,Y29tLnNvcHQubWFmaWE0Mi5jbGllbnQ=,ignoreAppRotation
50332,a3IuY28uZW1hcnQuZW1hcnRtYWxs,ignoreAppRotation
50333,bmguc21hcnQuYWxsb25lYmFuaw==,ignoreAppRotation
50334,Y29tLnRpbWVzcHJlYWQuVGltZXRhYmxlMg==,ignoreAppRotation
50335,Y29tLmhvbWVwbHVzLm15aG9tZXBsdXM=,ignoreAppRotation
50336,a3IuY28uaGFuYW1lbWJlcnMuaG1zY3VzdG9tZXI=,ignoreAppRotation
50338,c2hvdy5ncmlw,ignoreAppRotation
50339,Y29tLndvb3JpY2FyZC5zbWFydGFwcA==,ignoreAppRotation
50340,Z2cub3AubG9sLmFuZHJvaWQ=,ignoreAppRotation
50341,a3IuY28uc2luY2V0aW1lcy5neGhnbmV3,ignoreAppRotation
50342,Y29tLm5obi5hbmRyb2lkLm5hdmVydHY=,ignoreAppRotation
50343,Y29tLmtiY2FyZC5rYXQubGlpdm1hdGU=,ignoreAppRotation
50344,Y29tLmtha2FvZ2FtZXMuZnJpZW5kc0tpbmc=,ignoreAppRotation
50345,Y29tLnhtb2JpbGUud293cmFkaW8=,ignoreAppRotation
50347,Y29tLnNvY2lhbC5tZWRpYS5wb3AuZw==,ignoreAppRotation
50348,Y29tLm5obi5hbmRyb2lkLmNhbGVuZGFy,ignoreAppRotation
50349,Y29tLnZhdWx0bWljcm8ua2lkc25vdGU=,ignoreAppRotation
50350,Y29tLmppbnNpdC5zYWZlcGFzcw==,ignoreAppRotation
50351,Y29pbm9uZS5jby5rci5vZmZpY2lhbA==,ignoreAppRotation
50352,a3IuY28uc3BvdHZub3cuYXBw,ignoreAppRotation
50353,Y29tLmtha2FvLm11c2lj,ignoreAppRotation
50354,Y29tLmNvd29uLmRyYWdvbnJhamFFWA==,ignoreAppRotation
50355,a3IuY28ua29yZWFzdG9jay5tdHMuYW5kcm9pZA==,ignoreAppRotation
50356,Z292Lmd5ZW9uZ2dpLmdnY2FyZA==,ignoreAppRotation
50357,Y29tLnNxdWFyZXVwLmNhc2g=,ignoreAppRotation
50358,Y29tLnViZXJjYWIuZWF0cw==,ignoreAppRotation
50359,Y29tLnJpbmdhcHA=,ignoreAppRotation
50360,Y29tLnJvYmluaG9vZC5hbmRyb2lk,ignoreAppRotation
50361,Y29tLnRhcmdldC51aQ==,ignoreAppRotation
50362,Y29tLmJ1bWJsZS5hcHA=,ignoreAppRotation
50363,Y29tLm1jZG9uYWxkcy5hcHA=,ignoreAppRotation
50364,Y29tLnBvZi5hbmRyb2lk,ignoreAppRotation
50365,Y29tLnBvc2htYXJrLmFwcA==,ignoreAppRotation
50366,Y29tLmdydWJodWIuYW5kcm9pZA==,ignoreAppRotation
50367,Y29tLnRoZWhvbWVkZXBvdA==,ignoreAppRotation
50368,Y29tLmluc3RhY2FydC5zaG9wcGVy,ignoreAppRotation
50369,Y29tLmRvbWlub3NwaXp6YQ==,ignoreAppRotation
50370,Y29tLmtyb2dlci5tb2JpbGU=,ignoreAppRotation
50371,dHYuZnViby5tb2JpbGU=,ignoreAppRotation
50372,Y29tLmF0dC5teVdpcmVsZXNz,ignoreAppRotation
50373,Y29tLmhvbWUuZW1vdGljb24uZW1vamk=,ignoreAppRotation
50374,Y29tLmNhbGxhcHAuY29udGFjdHM=,ignoreAppRotation
50375,Y29tLnBhcGF5YS5zb2xpdGFpcmVjYXNo,ignoreAppRotation
50376,Y29tLmhvbWUuYmlibGUudmVyc2UucHJheWVy,ignoreAppRotation
50377,Y29tLnNvbmljLnNvbmljZHJpdmVpbg==,ignoreAppRotation
50378,Y29tLnRtb2JpbGUudHVlc2RheXM=,ignoreAppRotation
50379,Y29tLmJsZWFjaGVycmVwb3J0LmFuZHJvaWQudGVhbXN0cmVhbQ==,ignoreAppRotation
50381,Y29tLnVzYmFuay5tb2JpbGViYW5raW5n,ignoreAppRotation
50382,Y29tLmFtZXJpY2FuZXhwcmVzcy5hbmRyb2lkLmFjY3RzdmNzLnVz,ignoreAppRotation
50383,Y29tLmNoZXd5LmFuZHJvaWQ=,ignoreAppRotation
50384,Y29tLmRpc25leS53ZHcuYW5kcm9pZA==,ignoreAppRotation
50385,Y29tLmNoYW1iZXJsYWluLmFuZHJvaWQubGlmdG1hc3Rlci5teXE=,ignoreAppRotation
50386,Y29tLmJyaWdodGhvdXNlLm15Ymhu,ignoreAppRotation
50387,Y29tLmhpbHRvbi5hbmRyb2lkLmhob25vcnM=,ignoreAppRotation
50388,Y29tLm1hdGNoLmFuZHJvaWQubWF0Y2htb2JpbGU=,ignoreAppRotation
50389,Y29tLndlYXRoZXJwb3J0LmFuZHJvaWQ=,ignoreAppRotation
50390,Y29tLmdydWJodWIuZHJpdmVy,ignoreAppRotation
50391,Y29tLmFmZmluaXR5YXBwcy5ibGs=,ignoreAppRotation
50392,Y29tLnN1YndheS5tb2JpbGUuc3Vid2F5YXBwMDM=,ignoreAppRotation
50393,Y29tLmR4bS5ub3B1enpsZQ==,ignoreAppRotation
50394,Y29tLnRtb2JpbGUucHIubXl0bW9iaWxl,ignoreAppRotation
50395,Y29tLnRvdWNodHVuZXMuYW5kcm9pZA==,ignoreAppRotation
50396,Y29tLnNjb3BlbHkud2hlZWxvZmZvcnR1bmU=,ignoreAppRotation
50397,Y29tLm1pbnQ=,ignoreAppRotation
50398,Y29tLmhvcHBlci5tb3VudGFpbnZpZXcucGxheQ==,ignoreAppRotation
50399,Y29tLnBsYW5ldGZpdG5lc3M=,ignoreAppRotation
50400,c3Awbi5jaXRpemVu,ignoreAppRotation
50401,Y29tLnBuYy5lY29tbWVyY2UubW9iaWxl,ignoreAppRotation
50402,Y29tLnN0YXNoLnN0YXNoaW52ZXN0,ignoreAppRotation
50403,c2gud2hpc3Blcg==,ignoreAppRotation
50404,Y29tLnBhcGFqb2hucy5hbmRyb2lk,ignoreAppRotation
50405,Y29tLmJidW1nYW1lcy5zcGFkZXNyb3lhbGU=,ignoreAppRotation
50406,Y29tLnJlbGF5cmlkZXMuYW5kcm9pZC5yZWxheXJpZGVz,ignoreAppRotation
50407,Y29tLndlaWdodHdhdGNoZXJzLm1vYmlsZQ==,ignoreAppRotation
50408,Y29tLnBzYWZlLm1zdWl0ZQ==,ignoreAppRotation
50409,Y29tLnBob25ldmFsbGV5LnByb2dyZXNzaXZl,ignoreAppRotation
50410,Y29tLnByaWNlbGluZS5hbmRyb2lkLm5lZ290aWF0b3I=,ignoreAppRotation
50411,Y29tLnF1YWRwYXkucXVhZHBheQ==,ignoreAppRotation
50412,Y29tLmdvb2dsZS5hbmRyb2lkLmFwcHMubmJ1LnBhaXNhLnVzZXI=,ignoreAppRotation
50413,Y29tLnJ1bWJsZS5iYXR0bGVz,ignoreAppRotation
50414,Y29tLmdsb2JhbC5kemdxcS5nb29nbGU=,ignoreAppRotation
50415,Y29tLmFtYw==,ignoreAppRotation
50416,Y29tLnVwc2lkZS5jb25zdW1lci5hbmRyb2lk,ignoreAppRotation
50417,Y29tLmxpdHRsZWNhZXNhcnM=,ignoreAppRotation
50418,Y29tLmNoaXBvdGxlLm9yZGVyaW5n,ignoreAppRotation
50419,Y29tLmZpdG5vdy5sb3NlaXQ=,ignoreAppRotation
50420,Y29tLnlhaG9vLm1vYmlsZS5jbGllbnQuYW5kcm9pZC5mYW50YXN5Zm9vdGJhbGw=,ignoreAppRotation
50421,Y29tLmV4b3RpY21hdGNoLmdhbWU=,ignoreAppRotation
50422,Y29tLmFjb3Jucy5hbmRyb2lk,ignoreAppRotation
50423,Y29tLnBhdHJlb24uYW5kcm9pZA==,ignoreAppRotation
50424,Y29tLmNhcnMuYW5kcm9pZA==,ignoreAppRotation
50425,Y29tLmJpbmFuY2UudXM=,ignoreAppRotation
50426,Y29tLnBsYXllci5vb3R2bw==,ignoreAppRotation
50427,Y29tLmhlYi5teWhlYg==,ignoreAppRotation
50428,Y29tLnNnbi5wYW5kYXBvcC5ncA==,ignoreAppRotation
50429,YWkucmVwbGlrYS5hcHA=,ignoreAppRotation
50430,Y29tLnBsYXlzdHVkaW9zLm15dmVnYXMuYmluZ28=,ignoreAppRotation
50431,Y29tLm9wZXJhLmFwcC5uZXdzLnVz,ignoreAppRotation
50432,Y29tLnNjaGlic3RlZC5ib21uZWdvY2lvLmFuZHJvaWRBcHA=,ignoreAppRotation
50433,Y29tLm51LnByb2R1Y3Rpb24=,ignoreAppRotation
50434,YnIuY29tLmdhYmJhLkNhaXhh,ignoreAppRotation
50435,Y29tLmIydy5hbWVyaWNhbmFz,ignoreAppRotation
50436,Y29tLnBpY3BheQ==,ignoreAppRotation
50437,Y29tLm1lcmNhZG9wYWdvLndhbGxldA==,ignoreAppRotation
50438,YnIuY29tLmRhZml0aQ==,ignoreAppRotation
50439,YnIuY29tLmxvamFzcmVubmVy,ignoreAppRotation
50440,Y29tLmludGVsYnJhcy5pc2ljbGl0ZQ==,ignoreAppRotation
50441,YnIuY29tLmVuam9laS5hcHA=,ignoreAppRotation
50442,YnIuY29tLm1vYml0cy5jYXJ0b2xhZmM=,ignoreAppRotation
50443,Y29tLmhvdG1hcnQuc3BhcmtsZQ==,ignoreAppRotation
50444,YnIuY29tLm5ldHNob2VzLmFwcA==,ignoreAppRotation
50445,Y29tLmZhY2lseQ==,ignoreAppRotation
50446,YnIuY29tLnNlcmFzYWV4cGVyaWFuLmNvbnN1bWlkb3I=,ignoreAppRotation
50447,YnIuY29tLnhwLmNhcnRlaXJh,ignoreAppRotation
50448,YnIuY29tLmJhbmNvcGFuLmNhcnRvZXM=,ignoreAppRotation
50449,YnIuY29tLnRlbGVjaW5lcGxheS5hbmRyb2lk,ignoreAppRotation
50450,YnIuY29tLnNiZi5jZW50YXVybw==,ignoreAppRotation
50451,Y29tLm1jZG8ubWNkb25hbGRz,ignoreAppRotation
50452,YnIuY29tLnVvbC5iYXRlcGFwbw==,ignoreAppRotation
50453,YnIuY29tLnBvcnRvc2VndXJvLmV4cGVyaWVuY2lhY2xpZW50ZS5tdW5kb3BvcnRv,ignoreAppRotation
50454,YnIuZ292LmRhdGFzdXMuY25zZGlnaXRhbA==,ignoreAppRotation
50455,Y29tLmlxb3B0aW9u,ignoreAppRotation
50456,YnIuY29tLmJyYWRlc2NvLm5ldGVtcHJlc2E=,ignoreAppRotation
50457,YnIuY29tLm51dHJvci5hcHA=,ignoreAppRotation
50458,Y29tLnNjb3JlczM2NQ==,ignoreAppRotation
50459,YnIuY29tLm5lb24=,ignoreAppRotation
50460,YnIuY29tLm1hcmlzYS5hbmRyb2lk,ignoreAppRotation
50461,Y29tLnpvb20uem9vbWFuZHJvaWQ=,ignoreAppRotation
50462,YnIuY29tLnphdHRpbmk=,ignoreAppRotation
50463,Y29tLmdsb2JvLmdlLmFwcA==,ignoreAppRotation
50464,YnIuY29tLnNpY3JlZGltb2JpLnNtYXJ0,ignoreAppRotation
50465,YnIuY29tLmNhcnJlZm91ci5jYXJ0YW9jYXJyZWZvdXI=,ignoreAppRotation
50466,Y29tLnZhbnVhdHUuYWlxZm9tZQ==,ignoreAppRotation
50467,Y29tLmNyZWRpY2FyZC5hcHA=,ignoreAppRotation
50468,Y29tLm5vdmFwb250b2NvbS5leHRyYQ==,ignoreAppRotation
50469,YnIuY29tLnF1aW50b2FuZGFyLmlucXVpbGlub3M=,ignoreAppRotation
50470,YnIuY29tLmFtaWwuYmVuZWZpY2lhcmlvcw==,ignoreAppRotation
50471,Y29tLmhvcm5ldC5hbmRyb2lk,ignoreAppRotation
50472,YnIuY29tLnphcC5pbW92ZWlz,ignoreAppRotation
50473,Y29tLnByb2plY3Qudml2YXJlYWw=,ignoreAppRotation
50474,cGwucHJhY3VqLmFuZHJvaWQuam9ic2VhcmNoZXI=,ignoreAppRotation
50475,Y29tLnNreWNhc2guYmV0YQ==,ignoreAppRotation
50476,cGwubmFzay5tb2J5d2F0ZWw=,ignoreAppRotation
50477,Y29tLmRtLnRpbWJlcg==,ignoreAppRotation
50478,Y29tLnBsYXkucGxheTI0bQ==,ignoreAppRotation
50479,cGwubmVwdGlzLnlhbm9zaWsubW9iaS5hbmRyb2lk,ignoreAppRotation
50480,Y29tLmNpdHluYXYuamFrZG9qYWRlLnBsLmFuZHJvaWQ=,ignoreAppRotation
50481,Y29tLmVtcGlrLmVtcGlrZ28=,ignoreAppRotation
50482,cGwuaW5wb3N0LmlubW9iaWxl,ignoreAppRotation
50483,cGwudmludGVk,ignoreAppRotation
50484,cGwubGlicnVzLnN5bmVyZ2lhRHJ1Mg==,ignoreAppRotation
50485,cGwuc29kZXhvLmRsYWNpZWJpZTIuYXBw,ignoreAppRotation
50486,cGwucHJlc3NwdWJsaWNhLnJ6ZWN6cG9zcG9saXRh,ignoreAppRotation
50487,cGwucmFzcC5uZXdzd2Vlaw==,ignoreAppRotation
50488,cGwuc3BvcnQubGl2ZQ==,ignoreAppRotation
50489,cGwub25ldC5mb3JiZXM=,ignoreAppRotation
50490,Y29tLmxpZGwuZWNpLmxpZGxwbHVz,ignoreAppRotation
50491,Y29tLmtmY19wb2xza2E=,ignoreAppRotation
50492,cGwuYmllZHJvbmth,ignoreAppRotation
50493,cGwuY2FycmVmb3VyLmNhcnJlZm91cm1vYmlsZQ==,ignoreAppRotation
50494,Y29tLmV1cm9jYXNoLmRlbGlrYXRlc3ljZW50cnVt,ignoreAppRotation
50495,cGwubGV3aWF0YW4ubW9qbGV3aWF0YW4=,ignoreAppRotation
50496,cGwuaGViZS5hcHA=,ignoreAppRotation
50497,cGwuY29tLnJvc3NtYW5uLmNlbnRhdXJvcw==,ignoreAppRotation
50498,cGwudG9wYXoyNC5Ub3Bheg==,ignoreAppRotation
50499,cGwub3JsZW4udml0YXk=,ignoreAppRotation
50500,cGwub3JhbmdlLm1vamVvcmFuZ2U=,ignoreAppRotation
50501,Y29tLmVtcGlrLmVtcGlrYXBw,ignoreAppRotation
50502,Y29tLnZvZ3VlLnBvbHNrYQ==,ignoreAppRotation
50503,cGwuaXRha2EuaXRha2E=,ignoreAppRotation
50504,Y29tLnNvZnRoaXMudHVp,ignoreAppRotation
50505,cGwuZmFrdDI0,ignoreAppRotation
50506,cGwuci5wbGFuZXI=,ignoreAppRotation
50507,ZGUuemFsYW5kby5tb2JpbGU=,ignoreAppRotation
50508,ZGsuZHNnLm5ldHRv,ignoreAppRotation
50509,Y29tLmJldGNsaWNfbGl2ZS5wbA==,ignoreAppRotation
50510,ZXUuY2NjLm1vYmlsZQ==,ignoreAppRotation
50511,Y29tLm1lYy5sZXJveQ==,ignoreAppRotation
50512,cGwuZW9idXdpZS5lb2J1d2llYXBw,ignoreAppRotation
50513,cGwuemlrby5tb2JpbGU=,ignoreAppRotation
50514,Y29tLnNpbXBsaWNpdHkuamFudXN6,ignoreAppRotation
50515,cGwuZ29saW5za2kucGlvdHIuYXBnLmphbnVzemNsaWNrZXI=,ignoreAppRotation
50516,cGwubG9va3NvZnQuZG96,ignoreAppRotation
50517,Y29tLnBnbmlnX2Jvaw==,ignoreAppRotation
50518,cGwuemFia2EuYXBiMmM=,ignoreAppRotation
50519,cGwuZ3JhdGthLnRlY2hub2xvZ2llLmFuZHJvaWQuY3p5dG5paw==,ignoreAppRotation
50520,Y29tLmdydXBhcm1mLnJtZm1heHh4,ignoreAppRotation
50521,Y29tLmdydXBhcm1mLnJtZmNsYXNzaWM=,ignoreAppRotation
50522,cGwuZXNrYXJvY2s=,ignoreAppRotation
50523,cGwuYW50eXJhZGlvMjA=,ignoreAppRotation
50524,cGwudm94Zm0=,ignoreAppRotation
50525,cGwucG9sc2tpZXJhZGlvLm1vYmlsZQ==,ignoreAppRotation
50526,Y29tLmFwbGlrYWNqYV9tb2JpbG5hX2plZHlua2E=,ignoreAppRotation
50527,cGwub25ldC5zeW1wYXRpYQ==,ignoreAppRotation
50528,Y29tLnNteWsuYXBw,ignoreAppRotation
50529,cGwubHV4bWVkLnBw,ignoreAppRotation
50530,cGwuZ3JhdGthLnRlY2hub2xvZ2llLmFuZHJvaWQuY3p5dG5pay5nYXpldGFrcmFrb3dza2E=,ignoreAppRotation
50531,cGwuZ3JhdGthLnRlY2hub2xvZ2llLmFuZHJvaWQuY3p5dG5pay5nYXpldGF3cm9jbGF3c2th,ignoreAppRotation
50532,cGwubG9va3NvZnQuY2FzdG9yYW1h,ignoreAppRotation
50533,Y29tLnVuaWJhaWwuYXJrYWRpYQ==,ignoreAppRotation
50534,Y29tLnN3bWFuc2lvbi5kYWpzcGlzYWM=,ignoreAppRotation
50535,cGwubngua3RyLnZpcA==,ignoreAppRotation
50536,cGwudHZuLmFuZHJvaWQuZmFrdHk=,ignoreAppRotation
50537,Y29tLnVuaWJhaWwubW9rb3Rvdw==,ignoreAppRotation
50538,cGwuYW1pc3RhZC5hbmRyb2lkLmdhbGVyaWFrcmFrb3dza2E=,ignoreAppRotation
50539,cGwudHZuLmtvbnRha3QyNA==,ignoreAppRotation
50540,Y29tLmluZm9waWd1bGE=,ignoreAppRotation
50541,cGwuZ29vZGllLnByZA==,ignoreAppRotation
50542,cGwucGF5YmFjaw==,ignoreAppRotation
50543,Y29tLmt1Ymkua3Vjb2lu,ignoreAppRotation
50544,bmV0LmJpdGJheS5iaXRjb2lu,ignoreAppRotation
50545,ZXhwcmVzcy5ieWRnb3NraS53aWFkb21vc2NpLmluZm9ybWFjamUuZmFrdHk=,ignoreAppRotation
50546,cGwuZ3JhdGthLnRlY2hub2xvZ2llLmFuZHJvaWQuY3p5dG5pay5kemllbm5pa2xvZHpraQ==,ignoreAppRotation
50547,cGwuZ3JhdGthLnRlY2hub2xvZ2llLmFuZHJvaWQuY3p5dG5pay5rdXJpZXJsdWJlbHNraQ==,ignoreAppRotation
50548,Y29tLmNoMjQuYW5kcm9pZA==,ignoreAppRotation
50549,Y29tLmtpa3MuY2xpZW50,ignoreAppRotation
50550,cGwuZ2R5bmlhLmFwcA==,ignoreAppRotation
50551,Y29tLm1lY29tLnBvcmFubnkucGw=,ignoreAppRotation
50552,Y29tLm1lY29tLmdzMjQucGw=,ignoreAppRotation
50553,Y3oubmV3c2xhYi50ZWxlbWFnYXp5bg==,ignoreAppRotation
50554,cGwucG9sc2thcHJlc3MuYW5kcm9pZC5ncmF0a2E=,ignoreAppRotation
50555,cGwucG9sc2thcHJlc3NlLm5hc3plbWlhc3Rv,ignoreAppRotation
50556,Y29tLm1lY29tLm5vd2lueTI0LnBs,ignoreAppRotation
50557,cGwuZ3JhdGthLnRlY2hub2xvZ2llLmFuZHJvaWQuY3p5dG5pay5nbG9zd2llbGtvcG9sc2tp,ignoreAppRotation
50558,cGwubHVrb2suZHJhdWdodHM=,ignoreAppRotation
50559,Y29tLmJhcmNsYXlzLmFuZHJvaWQuYmFyY2xheXNtb2JpbGViYW5raW5n,ignoreAppRotation
50560,Y29tLmRlbGl2ZXJvby5vcmRlcmFwcA==,ignoreAppRotation
50561,Y29tLnJicy5tb2JpbGUuYW5kcm9pZC5uYXR3ZXN0,ignoreAppRotation
50562,Y29tLmd1bXRyZWUuYW5kcm9pZA==,ignoreAppRotation
50563,ZnIudmludGVk,ignoreAppRotation
50564,dWsuY28uc2FudGFuZGVyLnNhbnRhbmRlclVL,ignoreAppRotation
50565,Y29tLndpbGxpYW1oaWxsLnNwb3J0cy5hbmRyb2lk,ignoreAppRotation
50566,dWsuY28uaHNiYy5oc2JjdWttb2JpbGViYW5raW5n,ignoreAppRotation
50567,Y28udWsuZ2V0bW9uZG8=,ignoreAppRotation
50568,Y29tLndldGhlcnNwb29uLm9yZGVyYW5kcGF5,ignoreAppRotation
50569,Y29tLmJyYXZlaXNsYW5kLmFwcHMucGV0bWFzdGVy,ignoreAppRotation
50570,Y29tLm15a2xhcm5hbW9iaWxl,ignoreAppRotation
50571,Y29tLnJldm9sdXQucmV2b2x1dA==,ignoreAppRotation
50572,Y29tLnBvcXN0dWRpby5hcHAucGxhdGZvcm0uYm9vaG9v,ignoreAppRotation
50573,Y29tLm15dm9kYWZvbmVhcHA=,ignoreAppRotation
50574,Y29tLmFmdGVycGF5bW9iaWxlLnVr,ignoreAppRotation
50575,Y29tLmdyZWVuZWtpbmcub3JkZXJhbmRwYXk=,ignoreAppRotation
50576,Y29tLnRlc2NvLmNsdWJjYXJkbW9iaWxl,ignoreAppRotation
50577,dWsuY28ubzIuYW5kcm9pZC5teW8y,ignoreAppRotation
50578,Y29tLnN0YXJsaW5nYmFuay5hbmRyb2lk,ignoreAppRotation
50579,Y29tLmJza3liLnNreXNlcnZpY2U=,ignoreAppRotation
50580,Y29tLmRlcG9w,ignoreAppRotation
50581,dWsuY28udHNiLm5ld21vYmlsZWJhbms=,ignoreAppRotation
50582,dWsuY28uZWUubXllZQ==,ignoreAppRotation
50583,dWsuY28uZm9jdXNtbS5EVFNDb21ibw==,ignoreAppRotation
50584,Y29tLmJvb3RzLmZsYWdzaGlwLmFuZHJvaWQ=,ignoreAppRotation
50585,Y29tLmNsZWFyc2NvcmUubW9iaWxl,ignoreAppRotation
50586,Y29tLmJsdWVsaWdodGNhcmQudXNlcg==,ignoreAppRotation
50587,Y29tLnZpZC52aWRtYW4=,ignoreAppRotation
50588,Y29tLmh1dGNoaXNvbjNnLnBsYW5ldDM=,ignoreAppRotation
50589,Y29tLmdhLmxveWFsdHkuYW5kcm9pZC5uZWN0YXIuYWN0aXZpdGllcw==,ignoreAppRotation
50590,Y29tLmRlbGl2ZXJvby5kcml2ZXJhcHA=,ignoreAppRotation
50591,dWsuY28uY2x1Yi5jb3N0YS5jb3N0YQ==,ignoreAppRotation
50592,Y29tLnBsYW5ldGFydC5mcHVr,ignoreAppRotation
50593,Y29tLmZ1c2Vib3hnYW1lcy5sb3ZlaXNsYW5k,ignoreAppRotation
50594,Y28udWsucmluZ2dvLmFuZHJvaWQ=,ignoreAppRotation
50595,Y29tLmNpdHltYXBwZXIuYXBwLnJlbGVhc2U=,ignoreAppRotation
50596,Y29tLnBvcXN0dWRpby5hcHAucGxhdGZvcm0uc3R1ZGlv,ignoreAppRotation
50597,Y29tLmRwZC55b3VyZHBk,ignoreAppRotation
50598,Y29tLmFubWVkaWEud293Y2hlci51aQ==,ignoreAppRotation
50599,Y29tLmZpcnN0Z3JvdXAuZmlyc3QuYnVz,ignoreAppRotation
50600,bmV0LmlsaXVzLmFuZHJvaWQubWF0Y2g=,ignoreAppRotation
50601,Y29tLnQycy5mb29kaHVi,ignoreAppRotation
50602,Y29tLnl1bS5jb2xvbmVsc2NsdWI=,ignoreAppRotation
50603,Y29tLnNhaW5zYnVyeXMuc3Nh,ignoreAppRotation
50604,Y29tLnBvcXN0dWRpby5hcHAucGxhdGZvcm0ucGx0,ignoreAppRotation
50605,Y29tLm5lb25wbGF5LmNhc3VhbGdvbGZjbHVidHljb29u,ignoreAppRotation
50606,Y29tLnNhcmFtYXJ0LmFuZHJvaWQ=,ignoreAppRotation
50607,Y29tLnJicy5tb2JpbGUuYW5kcm9pZC5yYnM=,ignoreAppRotation
50608,Y29tLnN0YWdlY29hY2guc3RhZ2Vjb2FjaGJ1cw==,ignoreAppRotation
50609,Y29tLmJnbW9iaWxlbmdh,ignoreAppRotation
50610,Y28ueWVsbHcueWVsbG93YXBw,ignoreAppRotation
50611,Y29tLnNhaW5zYnVyeXMuZ29s,ignoreAppRotation
50612,Y29tLnBsLnByZW1pZXJsZWFndWU=,ignoreAppRotation
50613,Y29tLndob2xlZQ==,ignoreAppRotation
50614,Y29tLnNreWJldC5hcHAuc2t5dmVnYXM=,ignoreAppRotation
50615,Y29tLmZ1bmNyYWZ0LndvcmRncmFtcw==,ignoreAppRotation
50616,Y29tLnBheWJ5cGhvbmU=,ignoreAppRotation
50617,Y29tLm10dG5vdy5kcm9pZC5lYXN5amV0,ignoreAppRotation
50618,Y29tLmdhbWVzeXMudmlyZ2luZ2FtZXNzbG90cw==,ignoreAppRotation
50619,Y29tLmJhcmNsYXlzLmJjYQ==,ignoreAppRotation
50620,dWsuY28ubmF0aW9uYWxyYWlsLmdvb2dsZQ==,ignoreAppRotation
50621,Y29tLmhlcm1lcy5oZXJjdWxlcw==,ignoreAppRotation
50622,aW8uZnJlZXRyYWRlLmFuZHJvaWQ=,ignoreAppRotation
50623,Y29tLmFzZGEuU2NhbmFuZEdvTW9iaWxl,ignoreAppRotation
50624,Y29tLnBrdG1ueS5tb2JpbGU=,ignoreAppRotation
50625,Y29tLnJva3UucmVtb3Rl,ignoreAppRotation
50626,Y29tLmllLnZhbnF1aXMuaW50ZXJhY3Quc2hlbGw=,ignoreAppRotation
50627,Y29tLmhvbWVyZXRhaWxncm91cC5teWFyZ29zY2FyZA==,ignoreAppRotation
50628,Y29tLmdvb2dsZS5hbmRyb2lkLnByb2plY3Rpb24uZ2VhcmhlYWQ=,ignoreAppRotation
50629,ZGUuYXBwdGl2LmJ1c2luZXNzLmFuZHJvaWQuYWxkaV91aw==,ignoreAppRotation
50630,Y29tLndpenphaXIuV2l6ekFpckFwcA==,ignoreAppRotation
50631,Y29tLm9saW9leC5hbmRyb2lk,ignoreAppRotation
50632,Y29tLmJpdG1hbmdvLmdvLndvcmRjb29raWVz,ignoreAppRotation
50633,Y29tLnRpZ2Vyc3Bpa2UubmV3bG9vaw==,ignoreAppRotation
50634,Y29tLm1vcnJpc29ucy5tYXRjaGFuZG1vcmUuYXBw,ignoreAppRotation
50635,Y29tLnN1YndheS5zdWJ3YXk=,ignoreAppRotation
50636,Y29tLnJveWFsbWFpbC5hcHAuZHJvaWQ=,ignoreAppRotation
50637,dWsuY28udHNvLmN0dA==,ignoreAppRotation
50638,Y29tLmpldDIuaG9saWRheXM=,ignoreAppRotation
50639,aXQuc3ViaXRv,ignoreAppRotation
50640,cG9zdGVpdGFsaWFuZS5wb3N0ZWFwcC5hcHBwb3N0ZXBheQ==,ignoreAppRotation
50641,cG9zdGVpdGFsaWFuZS5wb3N0ZWFwcC5hcHBwb3N0ZWlk,ignoreAppRotation
50642,Y29tLnVuaWNyZWRpdA==,ignoreAppRotation
50643,aXQubWluaXN0ZXJvZGVsbGFzYWx1dGUuaW1tdW5p,ignoreAppRotation
50644,aXQuZG92ZWNvbnZpZW5lLmFuZHJvaWQ=,ignoreAppRotation
50645,aXQuaWNicGkubW9iaWxl,ignoreAppRotation
50646,aXQucmVsYXhiYW5raW5n,ignoreAppRotation
50647,Y29tLnNhdGlzcGF5LmN1c3RvbWVy,ignoreAppRotation
50648,YXBwLnFvZGE=,ignoreAppRotation
50649,aXQucXVhZHJvbmljYS5sZWdoZQ==,ignoreAppRotation
50650,Y29tLmRlY2F0aGxvbi5hcHA=,ignoreAppRotation
50651,aXQuZXNzZWx1bmdhLm1vYmlsZS5lY29tbWVyY2U=,ignoreAppRotation
50652,aXQuZnJvZ2d5bWVkaWEuc3BvcnRtZWRpYXNldA==,ignoreAppRotation
50653,c2UubWFnaW50ZXJhY3RpdmUucnVtYmxlLmZyZWU=,ignoreAppRotation
50654,Y29tLmZpbmVjby5pdA==,ignoreAppRotation
50655,ZnIudmVzdGlhaXJlY29sbGVjdGl2ZQ==,ignoreAppRotation
50656,ZGUud2VzdHdpbmcuYW5kcm9pZA==,ignoreAppRotation
50657,Y29tLnNvZnR0b3dlbGdhbWVzLndvcmRtb25nZXIuYW5kcm9pZA==,ignoreAppRotation
50658,Y29tLmlzY29vbGVudGVydGFpbm1lbnQuc3Rhci5vZi53b3Jkcy53b3JkLnN0YWNrLmdhbWU=,ignoreAppRotation
50659,Y29tLmVkZW5yZWQubW9iaWxldHI=,ignoreAppRotation
50660,Y29tLmxhdHVhYmFuY2FwZXJhbmRyb2lkLmludmVzdGltZW50aQ==,ignoreAppRotation
50661,Y29tLmlzY29vbGVudGVydGFpbm1lbnQud2w=,ignoreAppRotation
50662,aXQucGhvZW5peHNwYS5pbmJhbms=,ignoreAppRotation
50663,Y29tLmZhbmF0ZWUuc3RvcA==,ignoreAppRotation
50664,Y29tLnZvbG90ZWEuZHJvaWQ=,ignoreAppRotation
50665,aXQuaW5nZGlyZWN0LmFwcA==,ignoreAppRotation
50666,Y29tLnBsYW5ldHJvbWVvLmFuZHJvaWQuYXBw,ignoreAppRotation
50667,aXQuaXRhbG90cmVubw==,ignoreAppRotation
50668,Y29tLmRpZ2lkdXN0LmVsb2tlbmNlLmFraW5hdG9yLmZyZWVtaXVt,ignoreAppRotation
50669,Y29tLmNhdGFsaW5hZ3JvdXAuY2FsbHJlY29yZGVy,ignoreAppRotation
50670,Y29tLndpbGRiZXJyaWVzLnJ1,ignoreAppRotation
50671,cnUuc2JlcmJhbmttb2JpbGU=,ignoreAppRotation
50672,cnUueWFuZGV4LnRheGk=,ignoreAppRotation
50673,Y29tLmlkYW1vYi50aW5rb2ZmLmFuZHJvaWQ=,ignoreAppRotation
50674,Y29tLmFsbGdvcml0bS55b3VsYQ==,ignoreAppRotation
50675,cnUudGlua29mZi5pbnZlc3Rpbmc=,ignoreAppRotation
50676,cnUuYmVydS5hbmRyb2lk,ignoreAppRotation
50677,cnUueWFuZGV4LnViZXI=,ignoreAppRotation
50678,cnUubXRzLm15bXRz,ignoreAppRotation
50679,Y29tLmNpdHltb2JpbA==,ignoreAppRotation
50680,cnUuZmlsaXQubXZpZGVvLmIyYw==,ignoreAppRotation
50681,Y29tLnRheHNlZS50YXhzZWU=,ignoreAppRotation
50682,cnUuZm9vZGZveC5jbGllbnQ=,ignoreAppRotation
50683,cnUuZG9tY2xpY2subW9ydGdhZ2U=,ignoreAppRotation
50684,Yml6Lmdyb3dhcHAud2lubGluZQ==,ignoreAppRotation
50685,Y29tLnlvdXJzdG9yeWludGVyYWN0aXZlLnNhaWxzLnBpcmF0ZS5hZHZlbnR1cmU=,ignoreAppRotation
50686,Y29tLm9wZW5teWdhbWUuZ2FtZXMuYW5kcm9pZC53b3JkcGl6emE=,ignoreAppRotation
50687,cnUudmt1c3ZpbGw=,ignoreAppRotation
50688,cnUudGVsZTIubXl0ZWxlMg==,ignoreAppRotation
50689,Y29tLmRpZGlnbG9iYWwucGFzc2VuZ2Vy,ignoreAppRotation
50690,cnUubGVyb3ltZXJsaW4ubW9iaWxl,ignoreAppRotation
50691,Y29tLmljZW1vYmlsZS5sZW50YS5wcm9k,ignoreAppRotation
50692,Y29tLnByb2dyYW1taXN0eS5lbWlhc2FwcA==,ignoreAppRotation
50693,Y29tLmNhcnNoZXJpbmc=,ignoreAppRotation
50694,Y29tLmNsb3VkeWNhc3RsZWdhbWVzLndvcmRsaW5l,ignoreAppRotation
50695,cnUuc2JlcmJhbmsuc3Bhc2libw==,ignoreAppRotation
50696,cnUuaG9tZWNyZWRpdC5teWNyZWRpdA==,ignoreAppRotation
50697,cnUua2ZjLmtmY19kZWxpdmVyeQ==,ignoreAppRotation
50698,Z29sZGFwcGxlLnJ1LmdvbGRhcHBsZS5jdXN0b21lcnM=,ignoreAppRotation
50699,Y29tLnp2b29xLm9wZW5wbGF5,ignoreAppRotation
50700,cnUub2subGl2ZQ==,ignoreAppRotation
50701,cnUuc2Jlci5pbnZlc3Rvcg==,ignoreAppRotation
50702,cnUuc2VyZWJyeWFrb3Zhcy5sdWtvaWxtb2JpbGVhcHA=,ignoreAppRotation
50703,cnUubXZtLmVsZG8=,ignoreAppRotation
50704,Y29tLmluZm9zaGVsbC5yZWNyYWRpbw==,ignoreAppRotation
50705,cnUudHV0dS50dXR1X2VtcA==,ignoreAppRotation
50706,Y29tLnJ1LmRpeHk=,ignoreAppRotation
50707,cnUubXlhdWNoYW4uZHJvaWQ=,ignoreAppRotation
50708,cnUuYWVyb2Zsb3Q=,ignoreAppRotation
50709,Y29tLnBob25lcGUuYXBw,ignoreAppRotation
50710,Y29tLmppby5qaW9wbGF5LnR2,ignoreAppRotation
50711,Y29tLnplcm9kaGEua2l0ZTM=,ignoreAppRotation
50712,Y29tLmV0ZXJubw==,ignoreAppRotation
50713,Y29tLmdhYW5h,ignoreAppRotation
50714,Y29tLm5leHQuaW5ub3ZhdGlvbi50YWthdGFr,ignoreAppRotation
50715,Y29tLmZzbi5ueWthYQ==,ignoreAppRotation
50716,Y29tLmRpdnVtLk1vbmV5Q29udHJvbA==,ignoreAppRotation
50718,Y29tLnNiaS5sb3R1c2ludG91Y2g=,ignoreAppRotation
50719,Y3Jpcy5vcmcuaW4ucHJzLmltYQ==,ignoreAppRotation
50720,Y29tLmRyZWFtcGx1Zy5hbmRyb2lkYXBw,ignoreAppRotation
50721,bmljLmdvaS5hYXJvZ3lhc2V0dQ==,ignoreAppRotation
50722,Y29tLm5leHRiaWxsaW9uLmdyb3d3,ignoreAppRotation
50723,Y29tLmppby5tZWRpYS5qaW9iZWF0cw==,ignoreAppRotation
50724,ZmMuYWRtaW4uZmNleHByZXNzYWRtaW4=,ignoreAppRotation
50725,aW4udXBzdG94LnBybw==,ignoreAppRotation
50726,Y29tLmF4aXMubW9iaWxl,ignoreAppRotation
50727,Y2RpLnZpZGVvc3RyZWFtaW5nLmFwcA==,ignoreAppRotation
50728,Y29tLmhlYWx0aGlmeW1lLmJhc2lj,ignoreAppRotation
50729,Y29tLmppby5tZWRpYS5vbmRlbWFuZA==,ignoreAppRotation
50730,Y29tLndyeC53YXppcng=,ignoreAppRotation
50731,Y29tLkRvbWlub3M=,ignoreAppRotation
50732,Y29tLm1zZi5rYmFuay5tb2JpbGU=,ignoreAppRotation
50733,Y29tLm5pcy5hcHA=,ignoreAppRotation
50734,dHYuYWNjZWRvLmFpcnRlbC53eW5r,ignoreAppRotation
50735,Y29tLnVuYWNhZGVteWFwcA==,ignoreAppRotation
50736,bmF1a3JpQXBwLmFwcE1vZHVsZXMubG9naW4=,ignoreAppRotation
50737,Y29tLm12ZW50dXMuc2VsZmNhcmUuYWN0aXZpdHk=,ignoreAppRotation
50738,Y29tLnVyYmFuY2xhcC51cmJhbmNsYXA=,ignoreAppRotation
50739,Y29tLndoZXJlaXNteXRyYWluLmFuZHJvaWQ=,ignoreAppRotation
50740,Y29tLnJhZGlvLnBvY2tldGZt,ignoreAppRotation
50741,Y29tLnVyYmFuaWM=,ignoreAppRotation
50742,Y29tLnBheXRtbW9uZXk=,ignoreAppRotation
50743,Y29tLnNiaS5TQklGcmVlZG9tUGx1cw==,ignoreAppRotation
50744,b3JnLmFsdHJ1aXN0LkJhamFqRXhwZXJpYQ==,ignoreAppRotation
50745,Y29tLm95by5jb25zdW1lcg==,ignoreAppRotation
50746,aW4ub3JnLm5wY2kudXBpYXBw,ignoreAppRotation
50747,Y29tLmNvaW5zd2l0Y2gua3ViZXI=,ignoreAppRotation
50748,Y29tLmJhbmtvZmJhcm9kYS5tY29ubmVjdA==,ignoreAppRotation
50749,Y29tLmRpZ2lsb2NrZXIuYW5kcm9pZA==,ignoreAppRotation
50750,Y29tLmppby5qb2lu,ignoreAppRotation
50751,Y29tLmdlLmNhcGl0YWwua29ueXNiaWFwcA==,ignoreAppRotation
50752,Y29tLmN2LmRvY3NjYW5uZXI=,ignoreAppRotation
50753,Y29tLm14dGVjaC52aWRlb3BsYXllci5vbmxpbmU=,ignoreAppRotation
50754,Y29tLnRvaS5yZWFkZXIuYWN0aXZpdGllcw==,ignoreAppRotation
50755,Y29tLmxpY2lvdXM=,ignoreAppRotation
50756,Y29tLnRpbWVzZ3JvdXAubWFnaWNicmlja3M=,ignoreAppRotation
50757,Y29tLmNhcmRmZWVkLnZpZGVvX3B1YmxpYw==,ignoreAppRotation
50758,Y29tLmluZnJhc29mdC51Ym9p,ignoreAppRotation
50759,Y29tLmN1dm9yYS5jYXJpbmZv,ignoreAppRotation
50760,Y29tLnBob25lZ2FwLnJ4cGFs,ignoreAppRotation
50761,Y29tLnByYXRpbGlwaS5tb2JpbGUuYW5kcm9pZA==,ignoreAppRotation
50762,Y29tLm5pYy5tcGFyaXZhaGFu,ignoreAppRotation
50763,Y29tLnZhaWJoYXZrYWxwZS5hbmRyb2lkLmtoYXRhYm9vaw==,ignoreAppRotation
50764,Y29tLnBheXRtLmJ1c2luZXNz,ignoreAppRotation
50765,Y29tLnRpY25vLm9seW1wdHJhZGU=,ignoreAppRotation
50766,Y29tLmFrLnRhLmRhaW5pa2JoYXNrYXIuYWN0aXZpdHk=,ignoreAppRotation
50767,Y29tLnNoYWFkaS5hbmRyb2lk,ignoreAppRotation
50768,Y29tLnRhdGF1bmlzdG9yZS5sdXh1cnk=,ignoreAppRotation
50769,Y29tLmR1bnpvLnVzZXI=,ignoreAppRotation
50770,Y29tLmplZXZhbnNhdGhpLmFuZHJvaWQ=,ignoreAppRotation
50771,Y29tLmljaWNpc2VjdXJpdHk=,ignoreAppRotation
50772,Y29tLmljaWNpYmFuay5pYml6eg==,ignoreAppRotation
50773,Y29tLnN1cHIuc3VwcmRhaWx5,ignoreAppRotation
50774,Y29tLnJibC5yYmxteWNhcmQ=,ignoreAppRotation
50775,Y29tLmZ1bm55cHVyaS5jbGllbnQ=,ignoreAppRotation
50776,Y29tLlZlcnNpb24x,ignoreAppRotation
50777,Y29tLmV4Y2VsbGlhbmNlLm11bHRpYWNjb3VudHM=,ignoreAppRotation
50778,Y29tLnNob3d0aW1lYXBw,ignoreAppRotation
50779,aW4uZG1hcnQ=,ignoreAppRotation
50780,Y29tLmZzcy5pbmR1cw==,ignoreAppRotation
50781,Y29tLnNub3djb3JwLnZpdGE=,ignoreAppRotation
50782,Y29tLmdvb2dsZS5hbmRyb2lkLmFwcHMubmJ1LnBhaXNhLm1lcmNoYW50,ignoreAppRotation
50783,Y29tLmFwcGxpY2F0aW9ucy5tYXg=,ignoreAppRotation
50784,Y29tLmRyZWFtZ2FtZXMucm95YWxtYXRjaA==,ignoreAppRotation
50785,Y29tLnJhaW5jYW4uYW5kcm9pZC5oeWJyaWQ=,ignoreAppRotation
50786,Y29tLm5hbXNoaS5hbmRyb2lk,ignoreAppRotation
50787,Y29tLnN0ZWRvci5pbnN0YXNob3A=,ignoreAppRotation
50788,Y29tLmZvcmRlYWwuYW5kcm9pZA==,ignoreAppRotation
50789,Y29tLmFkY2IuYmFuaw==,ignoreAppRotation
50790,Y29tLmFkaWIubW9iaWxl,ignoreAppRotation
50791,YWUuZ292Lm1vbA==,ignoreAppRotation
50792,Y29tLnNlY3VyaXR5Lnh2cG4uejM1a2I=,ignoreAppRotation
50793,Y29tLmFsb2hhLmJyb3dzZXI=,ignoreAppRotation
50794,Y29tLmZhYi5wZXJzb25hbGJhbmtpbmc=,ignoreAppRotation
50795,YWUuZ292LmFkcG9saWNl,ignoreAppRotation
50796,Y29tLnNzc3BvcnRzLnNzc3BvcnRz,ignoreAppRotation
50797,Y29tLm1hZi5zaGFyZQ==,ignoreAppRotation
50798,Y29tLnNwb3J0cy5saXZlLmNyaWNrZXQudHY=,ignoreAppRotation
50799,Y29tLm1hc2hyZXEuTmVvQXBw,ignoreAppRotation
50800,Y29tLmx1bHUuY29tbWVyY2U=,ignoreAppRotation
50801,Y29tLmhpNS5hcHA=,ignoreAppRotation
50802,bW9iaWxhcHAub3BlbmNhcnQuZG9kdWFl,ignoreAppRotation
50803,Y29tLnZpcmdpbm1vYmlsZS51YWU=,ignoreAppRotation
50804,YWUuZmF6YWE=,ignoreAppRotation
50805,Y29tLnJhaw==,ignoreAppRotation
50806,Y29tLmhlcmUuYXBwLm1hcHM=,ignoreAppRotation
50807,Y29tLmRld2EuYXBwbGljYXRpb24=,ignoreAppRotation
50808,Y29tLm1vdmVmYXN0Y29tcGFueS5ib3Jh,ignoreAppRotation
50809,Y29tLm1vdXJqYW4uY2xhc3NpZmllZHM=,ignoreAppRotation
50810,Y29tLmFsb2hhbW9iaWxlLmJyb3dzZXI=,ignoreAppRotation
50811,YWUuY29tLm1jZG9uYWxkcy5kZWxpdmVyeQ==,ignoreAppRotation
50812,Y29tLnZwbl90dWJlLnZwbnR1YmU=,ignoreAppRotation
50813,YWUuY2xldmVsYW5kY2xpbmljYWJ1ZGhhYmkuaGVhbHRocG9ydGFs,ignoreAppRotation
50814,Y29tLml0Yy50b2xsR2F0ZQ==,ignoreAppRotation
50815,Y29tLmZyZXNodG9ob21l,ignoreAppRotation
50816,Y29tLmZsaXBrYXJ0LmFuZHJvaWQ=,ignoreAppRotation
50817,Y29tLmltby5hbmRyb2lkLmltb2ltaGQ=,ignoreAppRotation
50818,Y29tLnN0eWxpc2hvcC5zdHlsaQ==,ignoreAppRotation
50819,Y29tLnBzaXBob24zLnN1YnNjcmlwdGlvbg==,ignoreAppRotation
50820,dHJhbnNhZC5hYnVkaGFiaS50YXhp,ignoreAppRotation
50821,Y29tLmNpdGliYW5rLm1vYmlsZS5jaXRpdWFlUEFU,ignoreAppRotation
50822,Y29tLmN1dGllLm1lcmdlLmdhcmRlbg==,ignoreAppRotation
50823,Y29tLnN0YXJsaW5rZQ==,ignoreAppRotation
50824,bmV0LmFyYW1leA==,ignoreAppRotation
50825,Y24uZ292LnRheC5pdHM=,ignoreAppRotation
50826,Y29tLnhpbWFsYXlhLnRpbmcuYW5kcm9pZA==,ignoreAppRotation
50827,Y29tLnRlbmNlbnQubmV3cw==,ignoreAppRotation
50828,Zm0ucWluZ3RpbmcuY3VzdG9taXplLnNhbXN1bmc=,ignoreAppRotation
50829,Y29tLnNuZGEud2lmaWxvY2F0aW5n,ignoreAppRotation
50830,Y29tLm5ldGVhc2UubmV3c3JlYWRlci5hY3Rpdml0eQ==,ignoreAppRotation
50831,Y29tLlF1bmFy,ignoreAppRotation
50832,Y29tLnpob25nZHVvbWVpLnJybWouc29jaWV0eQ==,ignoreAppRotation
50833,Y29tLnNob3VqaWR1b2R1by5yaW5ndG9uZQ==,ignoreAppRotation
50835,Y29tLmlmbHl0ZWsuaW5wdXRtZXRob2Q=,ignoreAppRotation
50836,Y29tLmhpY29yZW5hdGlvbmFsLmFudGlmcmF1ZA==,ignoreAppRotation
50837,Y29tLmxhbGFtb3ZlLmh1b2xhbGEuY2xpZW50,ignoreAppRotation
50838,Y24uVHVIdS5hbmRyb2lk,ignoreAppRotation
50839,Y29tLnRlbmNlbnQud2VyZWFk,ignoreAppRotation
50840,Y29tLnRlbmNlbnQudG9rZW4=,ignoreAppRotation
50841,Y29tLnN0YXJidWNrcy5jbg==,ignoreAppRotation
50842,Y29tLm5ldGVhc2UudXU=,ignoreAppRotation
50843,Y29tLnhpYWNodWZhbmc=,ignoreAppRotation
50844,Y29tLmRpZGFwaW5jaGUuYm9va2luZw==,ignoreAppRotation
50845,Y29tLmt1Z291LmFuZHJvaWQucmluZ3RvbmU=,ignoreAppRotation
50846,Y29tLmFuZHJvaWQuaWNyZWRpdA==,ignoreAppRotation
50847,Y29tLnBpbmdhbi5saWZlaW5zdXJhbmNl,ignoreAppRotation
50848,Y29tLmJhaWR1LmlucHV0,ignoreAppRotation
50849,Y29tLmFwcC5zaGFuZ2hhaS5tZXRybw==,ignoreAppRotation
50850,Y21jY3dtLm1vYmlsZW11c2lj,ignoreAppRotation
50851,Y29tLmNtaWMubW1uZXM=,ignoreAppRotation
50852,Y29tLmdhbmppLmFuZHJvaWQuaGFvY2hlX2M=,ignoreAppRotation
50853,Y29tLmpvYi5hbmRyb2lk,ignoreAppRotation
50854,Y29tLnh0Yy53YXRjaA==,ignoreAppRotation
50855,Y29tLnlheWEuem9uZQ==,ignoreAppRotation
50856,Y29tLmh1cHUuZ2FtZXM=,ignoreAppRotation
50857,Y29tLnRwbGluay5jbG91ZHJvdXRlcg==,ignoreAppRotation
50858,Y29tLmp6enMuUGFyZW50c0hlbHBlcg==,ignoreAppRotation
50860,Y29tLmJsYWNrLnVuaXF1ZQ==,ignoreAppRotation
50861,Y29tLm1pZGVhLmFpLmFwcGxpYW5jZXM=,ignoreAppRotation
50862,Zm0ucWluZ3RpbmcucXRyYWRpbw==,ignoreAppRotation
50863,Y29tLmRkbmFwYWxvbi5jYWxjdWxhdG9yLmdw,ignoreAppRotation
50864,Y29tLmhhbndlYi5hbmRyb2lkLnpoZWppYW5nLmFjdGl2aXR5,ignoreAppRotation
50865,Y29tLnN6emM=,ignoreAppRotation
50866,Y29tLmVhc3Rtb25leS5hbmRyb2lkLmZ1bmQ=,ignoreAppRotation
50867,Y29tLnNuZGEubGFudGVybi53aWZpbG9jYXRpbmc=,ignoreAppRotation
50868,Y29tLnlna2ouY2hlbGFpbGUuc3RhbmRhcmQ=,ignoreAppRotation
50869,Y24uZXRvdWNoLmVjYWxlbmRhcg==,ignoreAppRotation
50870,YW5kcm9pZC56aGlibzg=,ignoreAppRotation
50871,Y29tLnRlbmNlbnQuZ2FsbGVyeW1hbmFnZXI=,ignoreAppRotation
50872,Y29tLnhzLmZt,ignoreAppRotation
50873,Y29tLmNoaW5hbW9iaWxlLm1jbG91ZA==,ignoreAppRotation
50874,Y29tLmNoYW5nYmE=,ignoreAppRotation
50875,Y29tLmV4Y2Vhbi5nc3BhY2U=,ignoreAppRotation
50876,Y24uY2FvY2Fva2VqaS51c2Vy,ignoreAppRotation
50877,Y29tLmFudHV0dS5BQmVuY2hNYXJr,ignoreAppRotation
50878,Y24uaXNoYW5zb25n,ignoreAppRotation
50879,aW8uZHVzaHUuZmFuZGVuZ3JlYWRlcg==,ignoreAppRotation
50881,Y29tLmZlbmJpLmFuZHJvaWQuc2VydmFudA==,ignoreAppRotation
50882,Y29tLmRvbmdxaXVkaS5uZXdz,ignoreAppRotation
50883,YnViZWkudGluZ3NodQ==,ignoreAppRotation
50884,Y29tLmNsb3Zlci5kYXlzbWF0dGVy,ignoreAppRotation
50885,Y29tLmV4YW1wbGUuYnVzaW5lc3NoYWxs,ignoreAppRotation
50886,Y29tLm5qaC5iaXViaXU=,ignoreAppRotation
50887,Y24uY29tLnNpbmEuZmluYW5jZQ==,ignoreAppRotation
50888,Y29tLmt1YWlrYW4uY29taWM=,ignoreAppRotation
50889,Y29tLnlsbWYuYW5kcm9pZGNsaWVudA==,ignoreAppRotation
50890,Y29tLmFuZHJvaWRlc2s=,ignoreAppRotation
50891,Y29tLmhlbmd5ZS5zaGFyZQ==,ignoreAppRotation
50892,Y29tLnlpY2hlLnByaWNl,ignoreAppRotation
50893,Y29tLmlmZW5nLm5ld3My,ignoreAppRotation
50894,Y29tLmNoYW96aC5pUmVhZGVyRnJlZTE1LnN0b3Jl,ignoreAppRotation
50895,Y29tLndhbmRhZmlsbS5hcHA=,ignoreAppRotation
50896,Y29tLmNhaWN0LnhpbmdjaGVuZ2th,ignoreAppRotation
50897,Y29tLmh1YXdpZmkud2lmaWtleXlz,ignoreAppRotation
50898,cGx1cy5INUE4NEY5NTk=,ignoreAppRotation
50899,Y24uaHNhLmFwcA==,ignoreAppRotation
50900,Y29tLnpjYmwuYmpqal9kcml2aW5n,ignoreAppRotation
50901,Y29tLmRvdWRvdS5jYWxjdWxhdG9y,ignoreAppRotation
50902,Y29tLnFpaG9vLmJyb3dzZXI=,ignoreAppRotation
50903,Y29tLnRlbmNlbnQuZ2FtZXJldmE=,ignoreAppRotation
50904,Y29tLnNoYW5naGFpb25zdGFy,ignoreAppRotation
50905,Y24uZGFuYXRlY2gueGluZ3NlYXBw,ignoreAppRotation
50906,Y29tLmxlY2h1YW4ubWR4cw==,ignoreAppRotation
50907,Y29tLnh3dGVjLnNkLm1vYmlsZWNsaWVudA==,ignoreAppRotation
50908,Y29tLmdoLmdhbWVjZW50ZXI=,ignoreAppRotation
50909,Y29tLm5ldGVhc2UuY2Jn,ignoreAppRotation
50910,cnUuemRldnMuemFyY2hpdmVy,ignoreAppRotation
50911,Y29tLnJ0Lm1hcmtldC5mcmVzaA==,ignoreAppRotation
50912,Y29tLnNhbmt1YWkubWVpdHVhbi5tZWl0dWFud2FpbWFpYnVzaW5lc3M=,ignoreAppRotation
50913,Y29tLnN1bnJpc2Uuc2NtYmhj,ignoreAppRotation
50914,Y29tLnVtaWFvLmFwcA==,ignoreAppRotation
50915,Y29tLnNtYXJ0aXNhbi5ub3Rlcw==,ignoreAppRotation
50916,Y29tLnFpaG9vLmNsZWFuZHJvaWRfY24=,ignoreAppRotation
50917,Y29tLmhpcHUueWlkaWFu,ignoreAppRotation
50918,Y24uZmlnaHRpbmcucnJtZWlqdXR2LmNsYXNzaWM=,ignoreAppRotation
50919,Y29tLmdvcGxheWNuLmdvb2dsZWluc3RhbGw=,ignoreAppRotation
50920,Y29tLmhwLmFuZHJvaWQucHJpbnRzZXJ2aWNl,ignoreAppRotation
50921,Y29tLmJlaWppbmdzaGl5b3UuQVBQMTIz,ignoreAppRotation
50922,Y29tLmlnb21hc3NhZ2U=,ignoreAppRotation
50923,Y24uZWRhaWppYS5hbmRyb2lkLmNsaWVudA==,ignoreAppRotation
50924,Y29tLnd1YmEuYmFuZ2pvYg==,ignoreAppRotation
50925,Y29tLmJlc3RtaW5kLmFudGlmcmF1ZA==,ignoreAppRotation
50926,Y29tLmx1ZGFzaGkuYmVuY2htYXJr,ignoreAppRotation
50927,Y29tLnRlbmNlbnQubXA=,ignoreAppRotation
50928,Y29tLmZpcmViZWFyLmFuZHJvaWw=,ignoreAppRotation
50929,Y29tLnlpYmFzYW4ubGl6aGlmbQ==,ignoreAppRotation
50930,Y29tLmZlbmJpLmFuZHJvaWQuemVuZ2xpc2g=,ignoreAppRotation
50931,Y29tLnN6emMudWNhci5waWxvdA==,ignoreAppRotation
50932,Y29tLnRpYW5sdXRlY2guZWJ1cw==,ignoreAppRotation
50933,ZGUuYm13LmNvbm5lY3RlZC5tb2JpbGUyMC5jbg==,ignoreAppRotation
50934,Y29tLmV4Y2VsbGlhbmNlLmR1YWxhaWQ=,ignoreAppRotation
50935,Y29tLnNsa2oucGFvdHVpLmN1c3RvbWVy,ignoreAppRotation
50936,Y29tLnNhbmt1YWkubWVpdHVhbi5kaXNwYXRjaC5jcm93ZHNvdXJjZQ==,ignoreAppRotation
50937,Y24ubmluZWJvdC5uaW5lYm90,ignoreAppRotation
50938,Y29tLnhpbWFsYXlhLnRpbmcubGl0ZQ==,ignoreAppRotation
50939,Y29tLmJhaWR1LnRpZWJhX21pbmk=,ignoreAppRotation
50940,Y29tLmlmbHl0ZWsuZWxwbW9iaWxlLnNtYXJ0bGVhcm5pbmc=,ignoreAppRotation
50941,Y29tLm1zem1hcHAuZGV0ZWN0aXZl,ignoreAppRotation
50942,Y29tLmNua2kuY2xpZW50,ignoreAppRotation
50943,Y29tLnRlbmNlbnQuc3RhcnQ=,ignoreAppRotation
50944,Y29tLnhpbnRpYW90aW1lLnlveQ==,ignoreAppRotation
50945,Y29tLm5ldGVhc2UueHlxY2Jn,ignoreAppRotation
50946,Y29tLmR1b2R1by5jaGlsZC5zdG9yeQ==,ignoreAppRotation
50947,Y29tLnJlbnJlbmNoZS5jYXJhcHA=,ignoreAppRotation
50948,Y29tLmR0cy5mcmVlZmlyZXRo,ignoreAppRotation
50949,Y29tLmdvb2dsZS5hbmRyb2lkLmFwcHMueW91dHViZS5raWRz,ignoreAppRotation
50950,Y29tLm1vamFuZy5taW5lY3JhZnRwZQ==,ignoreAppRotation
50951,Y29tLnBsYXlyaXguaG9tZXNjYXBlcw==,ignoreAppRotation
50952,Y29tLm1pSG9Zby5HZW5zaGluSW1wYWN0,ignoreAppRotation
50953,Y29tLnBsYXlyaXgudG93bnNoaXA=,ignoreAppRotation
50954,Y29tLnBsYXlyaXguZmlzaGRvbWRkLmdwbGF5,ignoreAppRotation
50955,Y29tLmJnZy5qdW1w,ignoreAppRotation
50956,Y29tLmlubmVyc2xvdGguc3BhY2VtYWZpYQ==,ignoreAppRotation
50957,Y29tLnBsYXlyaXguZ2FyZGVuc2NhcGVz,ignoreAppRotation
50958,Y29tLnJpb3RnYW1lcy5sZWFndWUud2lsZHJpZnQ=,ignoreAppRotation
50959,Y29tLnRvY2Fib2NhLnRvY2FsaWZld29ybGQ=,ignoreAppRotation
50960,Y29tLmlnZy5hbmRyb2lkLmxvcmRzbW9iaWxl,ignoreAppRotation
50961,Y29tLnN1cGVyY2VsbC5oYXlkYXk=,ignoreAppRotation
50962,Y29tLmNhbWVyYXNpZGVhcy5pbnN0YXNob3Q=,ignoreAppRotation
50963,Y29tLnBhbm9yYW1pay5taWdodHlwYXJ0eQ==,ignoreAppRotation
50964,Y29tLnBsYXJpdW0ucmFpZGxlZ2VuZHM=,ignoreAppRotation
50965,Y29tLm5leHRlcnMuaGVyb3dhcnM=,ignoreAppRotation
50966,Y29tLk1lbHNvZnRHYW1lcy5GYW1pbHlJc2xhbmRGYXJt,ignoreAppRotation
50967,Y29tLmlxaXlpLmkxOG4=,ignoreAppRotation
50968,Y29tLm5leG9uLmthcnQ=,ignoreAppRotation
50969,Y29tLnR1bWJscg==,ignoreAppRotation
50970,Y29tLm1vdmlsZS5wbGF5a2lkcy5wa3hk,ignoreAppRotation
50971,Y29tLm1hdHRlbGp2LnVubw==,ignoreAppRotation
50972,Y29tLmRldnNpc3RlcnMuY2s=,ignoreAppRotation
50973,Y29tLmdzbi5hbmRyb2lkLnRyaXBlYWtz,ignoreAppRotation
50974,Y29tLmdhbWVsb2Z0LmFuZHJvaWQuQU5NUC5HbG9mdEE5SE0=,ignoreAppRotation
50975,Y29tLmVhLmdhbWUubmZzMTRfcm93,ignoreAppRotation
50976,Y29tLmZhcm1hZHZlbnR1cmUuZ2xvYmFs,ignoreAppRotation
50977,Y29tLnNvY2Nlci5zY29yZS5zdGFy,ignoreAppRotation
50978,bmV0Lndvb2dhLmp1bmVzX2pvdXJuZXlfaGlkZGVuX29iamVjdF9teXN0ZXJ5X2dhbWU=,ignoreAppRotation
50979,Y29tLmV2ZXJ5d2Vhci5nYW1lNQ==,ignoreAppRotation
50980,Y29tLm91dGZpdDcubXl0YWxraW5ndG9tZnJpZW5kcw==,ignoreAppRotation
50981,Y29tLmxpbGl0aGdhbWUucm9jLmdw,ignoreAppRotation
50982,Y29tLnNjb3BlbHkuc3RhcnRyZWs=,ignoreAppRotation
50983,Y29tLmhhZWdpbi5wbGF5dG9nZXRoZXI=,ignoreAppRotation
50984,Y29tLmZveG5leHRnYW1lcy5tMw==,ignoreAppRotation
50985,Y29tLmJpZ2Zpc2hnYW1lcy5tZXJnZXRhbGVzZ29vZw==,ignoreAppRotation
50986,Y29tLnBsYXkucm9zZWE=,ignoreAppRotation
50987,Y29tLm9semhhcy5jYXJwYXJraW5nLm11bHR5cGxheWVy,ignoreAppRotation
50988,Y29tLnJ1bW1pa3ViZnJlZQ==,ignoreAppRotation
50989,Y29tLmNvY29wbGF5LmZhc2hpb24uc3R5bGU=,ignoreAppRotation
50990,Y29tLnRlbmNlbnQuYmFpeWVpbnQ=,ignoreAppRotation
50991,Y29tLmhlcm9nYW1lLmdwbGF5LnB1bmlzaGluZy5ncmF5cmF2ZW4ua3I=,ignoreAppRotation
50992,Y29tLndpbGRzcGlrZS53b3Jtc3pvbmU=,ignoreAppRotation
50993,Y29tLm1pbmljbGlwLm1pbmlmb290YmFsbA==,ignoreAppRotation
50994,Y29tLmFjY3V3ZWF0aGVyLmFuZHJvaWQ=,ignoreAppRotation
50995,YWlyLmNvbS5sdW5pbWUuZ2FjaGFjbHVi,ignoreAppRotation
50996,Y29tLmRyYWdvbnNjYXBlcy5nbG9iYWw=,ignoreAppRotation
50997,ZGsudGFjdGlsZS5tYW5zaW9uc3Rvcnk=,ignoreAppRotation
50998,Y29tLndpemFyZHMubXRnYQ==,ignoreAppRotation
50999,YWlyLmNvbS5sdW5pbWUuZ2FjaGFsaWZl,ignoreAppRotation
51000,Y29tLnRpbnljby5wb3R0ZXI=,ignoreAppRotation
51001,Y29tLmRpYW5kaWFuLmdvZw==,ignoreAppRotation
51002,Y29tLnRlbnNxdWFyZWdhbWVzLmxldHNmaXNoMg==,ignoreAppRotation
51003,Y29tLnBpeGVsLmd1bjNk,ignoreAppRotation
51004,Y29tLmtpbmcuY2FuZHljcnVzaDQ=,ignoreAppRotation
51005,Y29tLndpbGRsaWZlLmdhbWVzLmJhdHRsZS5yb3lhbGUuZnJlZS56b29iYQ==,ignoreAppRotation
51006,ZXUubm9yZGV1cy50b3BlbGV2ZW4uYW5kcm9pZA==,ignoreAppRotation
51007,ZGsudGFjdGlsZS5saWx5c2dhcmRlbg==,ignoreAppRotation
51008,em9tYmllLnN1cnZpdmFsLmNyYWZ0Lno=,ignoreAppRotation
51009,Y29tLmZ1bnBsdXMua2luZ29mYXZhbG9u,ignoreAppRotation
51010,Y29tLnBpeG9uaWMud3dy,ignoreAppRotation
51011,Y29tLmdhbWVkZXZsdGQud3do,ignoreAppRotation
51012,a2p2LmJpYmxlLmtpbmdqYW1lc2JpYmxl,ignoreAppRotation
51013,Y29tLmthYmFtLm1hcnZlbGJhdHRsZQ==,ignoreAppRotation
51014,Y29tLm5ldG1hcmJsZS5taGVyb3NnYg==,ignoreAppRotation
51015,Y29tLmFsYmlvbm9ubGluZQ==,ignoreAppRotation
51016,Y29tLlBveGVsU3R1ZGlvcy5EdWRlVGhlZnRBdXRv,ignoreAppRotation
51017,Y29tLmhpZ2hicm93LmdhbWVzLmR2eA==,ignoreAppRotation
51018,Y29tLmxvY2t3b29kcHVibGlzaGluZy5hdmFraW5saWZl,ignoreAppRotation
51019,Y29tLmVhLmdhbWVzLnIzX3Jvdw==,ignoreAppRotation
51020,Y29tLm15dG9uYS5jb29raW5nZGlhcnkuYW5kcm9pZA==,ignoreAppRotation
51021,Y29tLkNoaWxseVJvb20uRHVuZ2VvblNob290ZXI=,ignoreAppRotation
51022,Y29tLnp1dWtzLmJ1cy5zaW11bGF0b3IudWx0aW1hdGU=,ignoreAppRotation
51023,bmV0LndhcmdhbWluZy53b3QuYmxpdHo=,ignoreAppRotation
51024,Y29tLmR0cy5mcmVlZmlyZW1heA==,ignoreAppRotation
51025,Y29tLmF4bGVib2x0LnN0YW5kb2ZmMg==,ignoreAppRotation
51026,Y29tLm4zdHdvcmsudGV0cmlz,ignoreAppRotation
51027,Y29tLmhpdGFwcHMubG9naWNncmFtLmdhbWU=,ignoreAppRotation
51028,Y29tLlNob290ZXIuTW9kZXJuV2Fyc2hpcHM=,ignoreAppRotation
51029,Y29tLm5la2tpLnNoYWRvd2ZpZ2h0Mw==,ignoreAppRotation
51030,Y29tLnNwYWNlZ2FtZS5ob21lZGVzaWdu,ignoreAppRotation
51031,Y29tLnByb2R1Y3RtYWRuZXNzLmxpZ2h0bmluZ2xpbms=,ignoreAppRotation
51032,Y29tLm5pbnRlbmRvLnphY2E=,ignoreAppRotation
51033,Y29tLmRpZ2l0YWxraW5nZG9tLm1ha2VvdmVy,ignoreAppRotation
51034,Y29tLnBhcmFkeW1lLnNvbGFyc21hc2g=,ignoreAppRotation
51035,Y29tLk5ldXJvbm9uZmlyZS5TdXByZW1lRHVlbGlzdA==,ignoreAppRotation
51036,Y29tLm1taXJjaWwuY25iMg==,ignoreAppRotation
51037,Y29tLnViaXNvZnQuaHVuZ3J5c2hhcmt3b3JsZA==,ignoreAppRotation
51038,Y29tLmZ1bmdhbWVzLmJhdHRsZXRhbmtzYmV0YQ==,ignoreAppRotation
51039,ZGUuY3VsdHVyZTRsaWZlLmx1Y2E=,ignoreAppRotation
51040,Y29tLnBpeGVsZmVkZXJhdGlvbi50czI=,ignoreAppRotation
51041,Y29tLnRlbnNxdWFyZWdhbWVzLmh1bnRpbmcuY2xhc2gud2lsZC5odW50ZXIuZGVlcg==,ignoreAppRotation
51042,Y29tLmtpdGthZ2FtZXMuZmFsbGJ1ZGRpZXM=,ignoreAppRotation
51043,Y29tLm1vamFuZy5taW5lY3JhZnR0cmlhbHBl,ignoreAppRotation
51044,Y29tLnByb3hpbWFiZXRhLmdhbWUuY29udHJh,ignoreAppRotation
51045,Y29tLmdsdS56YnM=,ignoreAppRotation
51046,Y29tLmFxdXBlcGdhbWVzLnByb2plY3RwZXBl,ignoreAppRotation
51047,Y29tLnZpZGlvLmFuZHJvaWQ=,ignoreAppRotation
51048,Y29tLmJlc3RidXkuYW5kcm9pZA==,ignoreAppRotation
51049,Y29tLnNtYXJ0ZnVuYXBwcy5jcmF6eWRpbmVy,ignoreAppRotation
51050,Y29tLm1heGdhbWVzLnN0aWNrd2FybGVnYWN5,ignoreAppRotation
51051,Y29tLm5la2tpLnNoYWRvd2ZpZ2h0YXJlbmE=,ignoreAppRotation
51052,Y29tLnFqemo0Mzk5a3IuZ29vZ2xl,ignoreAppRotation
51053,Y29tLnpha2cuc2Nhcnl0ZWFjaGVyLmhlbGxnYW1l,ignoreAppRotation
51054,anAuZ2FydWQuc3NpbXVsYXRvcg==,ignoreAppRotation
51055,bGV5aS53ZXN0Z2FtZQ==,ignoreAppRotation
51056,Y29tLmx1ZGlhLmp1cmFzc2ljd29ybGQ=,ignoreAppRotation
51057,Y29tLnNxdWFyZV9lbml4LmFuZHJvaWRfZ29vZ2xlcGxheS5uaWVyc3B3dw==,ignoreAppRotation
51058,Y29tLm9oYmliaS5mcHM=,ignoreAppRotation
51059,Y29tLnNreW1vb25zLmtpdHRlbm1hdGNo,ignoreAppRotation
51060,Y29tLmxpbGl0aGdhbWUuaGdhbWUuZ3A=,ignoreAppRotation
51061,Y29tLnN0b3ZlLmVwaWM3Lmdvb2dsZQ==,ignoreAppRotation
51062,Y29tLnRpbnlidWlsZGdhbWVzLmhlbGxvbmVpZ2hib3I=,ignoreAppRotation
51063,Y29tLmJ1ZGdlc3R1ZGlvcy5nb29nbGVwbGF5LkJhcmJpZURyZWFtaG91c2U=,ignoreAppRotation
51064,dXMua3IuYmFzZWJhbGxuaW5l,ignoreAppRotation
51065,Y29tLm1hY3JvdmlkZW8udjM4MHBybw==,ignoreAppRotation
51066,Y29tLm1jdS5oaWxvb2s=,ignoreAppRotation
51067,ZnJlZS5vcy5qdW1wLnN1cGVyYnJvcy5hZHZlbnR1cmUud29ybGQ=,ignoreAppRotation
51068,Y29tLmR2bG9wZXIuZ3Jhbm55,ignoreAppRotation
51069,Y29tLmZpcnN0dG91Y2hnYW1lcy5zdG9yeQ==,ignoreAppRotation
51070,Y29tLmh5cGVyYmVhcmQuYWRvcmFibGVob21l,ignoreAppRotation
51071,Y29tLm1pbmljbGlwLmNhcnJvbQ==,ignoreAppRotation
51072,Y29tLm9yYW5nZS5raWRzcGlhbm8ubXVzaWMuc29uZ3M=,ignoreAppRotation
51073,Y29tLm9yY2Fjb3JwLndhcmdhbWU=,ignoreAppRotation
51074,Y29tLnZuZy5nNi5hLnpvbWJpZQ==,ignoreAppRotation
51075,Y29tLm5leG9uLm5zYy5tYXBsZW0=,ignoreAppRotation
51076,Y29tLmdhbWVkZXZsdGQubW9kZXJuc3RyaWtl,ignoreAppRotation
51077,Y29tLnNvdXRod2VzdGFpcmxpbmVzLm1vYmlsZQ==,ignoreAppRotation
51078,Y29tLnBsYXJpdW0ubWVjaGxlZ2lvbg==,ignoreAppRotation
51079,Y29tLmRldXNjcmFmdC5UdXJib1RlYW0=,ignoreAppRotation
51080,Y29tLm5la2tpLnNoYWRvd2ZpZ2h0,ignoreAppRotation
51081,Y29tLmdvb2RnYW1lc3R1ZGlvcy5iaWdmYXJtbW9iaWxlaGFydmVzdA==,ignoreAppRotation
51082,Y29tLnRvY2Fib2NhLnRvY2FraXRjaGVuMg==,ignoreAppRotation
51083,b3JnLnhibWMua29kaQ==,ignoreAppRotation
51084,Y29tLndlcmVmaXZlZ2FtZXMudHJkcw==,ignoreAppRotation
51085,Y29tLnplcHRvbGFiLmNhdHMuZ29vZ2xl,ignoreAppRotation
51086,Y29tLndpbGRsaWZlc3R1ZGlvcy5mcmVlLm9ubGluZS5nYW1lcy5zdXNwZWN0cw==,ignoreAppRotation
51087,Y29tLmdyYW1nYW1lcy5tZXJnZW1hZ2lj,ignoreAppRotation
51088,Y29tLmd0YXJjYWRlLmlvZS5nbG9iYWw=,ignoreAppRotation
51089,Y29tLnR1cmJvcmlsbGEuYmlrZS5yYWNpbmcubWFkc2tpbGxzbW90b2Nyb3NzMw==,ignoreAppRotation
51090,Y29tLmdhbWVsb2Z0LmFuZHJvaWQuQU5NUC5HbG9mdERPSE0=,ignoreAppRotation
51091,Y29tLnVjb29sLmhlcm8=,ignoreAppRotation
51092,b2NlYW4ubm9tYWQuc3Vydml2YWwuc2ltdWxhdG9y,ignoreAppRotation
51093,Y29tLnJvdmlvLmFuZ3J5YmlyZHNmcmllbmRz,ignoreAppRotation
51094,YnIuY29tLnRhcHBzLmJpZHdhcnMy,ignoreAppRotation
51095,Y29tLnNob3BlZS5teQ==,ignoreAppRotation
51096,Y29tLmhhaWt1LmFkdmVudHVyZS5lc2NhcGUuZ2FtZS5teXN0ZXJ5LnN0b3JpZXM=,ignoreAppRotation
51097,Y29tLnJvdmlvLmFiY2FzdWFs,ignoreAppRotation
51098,Y29tLnByb3hpbWFiZXRhLmJhaXlldXM=,ignoreAppRotation
51099,bmV0Lmtlcm55cy5hb29uaQ==,ignoreAppRotation
51100,Y29tLmNsb3ZlcmdhbWVzLmxvcmRvZmhlcm9lcw==,ignoreAppRotation
51101,Y29tLk5ITkVudC5ORHVlbGdv,ignoreAppRotation
51102,Y29tLmNqZW5tLk1vZG9vTWFyYmxlS2FrYW8=,ignoreAppRotation
51103,Y29tLnBlYXJsYWJ5c3MuYmxhY2tkZXNlcnRt,ignoreAppRotation
51104,Y29tLnRodW1iYWdlLmRla2Fyb24uZ29vZ2xl,ignoreAppRotation
51105,Y29tLnRlbmNlbnQudG1ncC5rci5jb2Rt,ignoreAppRotation
51106,Y29tLm5obmVudC5RcG9rZXI=,ignoreAppRotation
51107,Y29tLmtha2FvZ2FtZXMuZ2R0c2ty,ignoreAppRotation
51108,Y29tLnFvb2trYWdhbWUuc2d6emxiLmdwLmty,ignoreAppRotation
51109,Y29tLmNvbTJ1cy5wcm9iYXNlYmFsbDNkLm5vcm1hbC5mcmVlZnVsbC5nb29nbGUuZ2xvYmFsLmFuZHJvaWQuY29tbW9u,ignoreAppRotation
51110,Y29tLmV5b3VnYW1lLm1vbmc=,ignoreAppRotation
51111,Y29tLmNhbmR5c29mdC5TQlpvbWJpZXM=,ignoreAppRotation
51112,YnIuY29tLnZpdm8=,ignoreAppRotation
51113,Y29tLnBvbnRvbW9iaS5zbWlsZXM=,ignoreAppRotation
51114,Y29tLm5hdGhuZXR3b3JrLnhjaXB0dg==,ignoreAppRotation
51115,Y29tLmNkcHJvamVrdHJlZC5nd2VudA==,ignoreAppRotation
51116,cGwubG9va3NvZnQubWVkaWNvdmVy,ignoreAppRotation
51117,cGwudHZuLnBsYXllcg==,ignoreAppRotation
51118,cGwuaW5zeXMudHJ3YW10dg==,ignoreAppRotation
51119,Y29tLnp5bmdhLmZhcm12aWxsZTM=,ignoreAppRotation
51120,Y29tLmpkLmpkc3BvcnRz,ignoreAppRotation
51121,Y29tLnZvbGNhbm9mb3JjZS5sb3N0Lmdsb2JhbA==,ignoreAppRotation
51122,aXQudGVsZWNvbWl0YWxpYS5jZW50b2RpY2lhbm5vdmU=,ignoreAppRotation
51123,Y29tLmdhbWViYXNpY3Mub3Nt,ignoreAppRotation
51124,aXQuaHlwZS5hcHA=,ignoreAppRotation
51125,Y29tLm1lZGlvbGFudW0uYW5kcm9pZC5mdWxsYmFuY2E=,ignoreAppRotation
51126,aXQuZmFzY2lub3BndC5hbmRyb2lkLndpdHR5,ignoreAppRotation
51127,Y29tLm90aGVyZ3V5cy5qb3VybmV5cw==,ignoreAppRotation
51128,aXQubWlsaWFyaXMuZXJzYWx1dGU=,ignoreAppRotation
51129,Y29tLmZhbmF0ZWUubm9vZGxlcw==,ignoreAppRotation
51130,Y29tLkxheGFydXMuVGlnZXJCYWxs,ignoreAppRotation
51131,Y29tLm15LmhjLnJwZy5raW5nZG9tLnNpbXVsYXRvcg==,ignoreAppRotation
51132,b3JnLmZpbmRteWtpZHMuYXBw,ignoreAppRotation
51133,Y29tLmh1dGNoZ2FtZXMuY2NjZw==,ignoreAppRotation
51134,cnUuc2Jjcy5zdG9yZQ==,ignoreAppRotation
51135,Y29tLmRlbGl2ZXJ5Y2x1Yg==,ignoreAppRotation
51136,cnUudnRiLmludmVzdA==,ignoreAppRotation
51137,Y29tLm1lZ2FsYWJzLm1lZ2Fmb24udHY=,ignoreAppRotation
51138,Y29tLnVucmVhbGdhbWVzLlJhY2luZ2luQ2FyMjAyMA==,ignoreAppRotation
51139,Y29tLmJzYnBvcnRhbC5tdXNpYw==,ignoreAppRotation
51140,Y29tLmZzbi5uZHM=,ignoreAppRotation
51141,Y29tLnVhZW1vaS5zbWFydHNlcnZpY2Vz,ignoreAppRotation
51142,Y29tLnRlbmNlbnQuaWdsaXRl,ignoreAppRotation
51143,Y29tLm5hdWtyaUd1bGYuYXBw,ignoreAppRotation
51144,Y29tLnBpbmdhbi5wYXBk,ignoreAppRotation
51145,Y29tLmRpc25leS5zaGFuZ2hhaWRpc25leWxhbmRfZ29v,ignoreAppRotation
51146,Y29tLmxpdWxpc2h1by5lbmd6bw==,ignoreAppRotation
51147,Y29tLnh1ZWVyc2kucGFyZW50c21lZXRpbmc=,ignoreAppRotation
51148,Y29tLnhpbmhhbmcubW9iaWxlY2xpZW50,ignoreAppRotation
51149,Y29tLnNlYmxvbmcuaWRyZWFt,ignoreAppRotation
51150,Y29tLmV4Y2Vhbi5tdWx0aWFpZA==,ignoreAppRotation
51151,Y29tLnNoYW5iYXkuc2VudGVuY2U=,ignoreAppRotation
51152,Y29tLnBwbGl2ZS5hbmRyb2lkcGhvbmUuc3BvcnQ=,ignoreAppRotation
51153,Y29tLnRlbmNlbnQueHJpdmVy,ignoreAppRotation
51154,Y29tLnRlbmNlbnQucXFtdXNpY3JlY29nbml0aW9u,ignoreAppRotation
51155,Y29tLnlpdGFudGVjaC5nYWlnYWk=,ignoreAppRotation
51156,YXBwLnNvdXJjZS5nZXRjb250YWN0,ignoreAppRotation
51157,Y29tLnBlb3BsZWZ1bi53b3Jkc2VhcmNo,ignoreAppRotation
51158,ZHJvb20uc2xlZXBJZlVDYW4=,ignoreAppRotation
51159,Y29tLmdldGly,ignoreAppRotation
51160,YnIuY29tLmludGVybWVkaXVt,ignoreAppRotation
51161,bmV0LndyaWdodGZseWVyLmxlLnJlYWxpdHk=,ignoreAppRotation
51162,Y29tLmVtYXJ0LnRvZGF5,ignoreAppRotation
51163,Y29tLnZlbm1v,ignoreAppRotation
51164,Y29tLnhmaW5pdHkuY2xvdWR0dnI=,ignoreAppRotation
51165,YnIuY29tLmJyYWlud2ViLmlmb29k,ignoreAppRotation
51166,YnIuY29tLnVvbC5wcy5teWFjY291bnQ=,ignoreAppRotation
51167,Y29tLmdtLmRlY29sYXI=,ignoreAppRotation
51168,YnIuY29tLnZvZWF6dWw=,ignoreAppRotation
51169,YnIuY29tLmNvcnJlaW9zLnByZWF0ZW5kaW1lbnRv,ignoreAppRotation
51170,Y29tLml0YXUuaXRp,ignoreAppRotation
51171,YnIuY29tLnNreS5zZWxmY2FyZQ==,ignoreAppRotation
51172,Y29tLmd2dC5taW5oYWd2dC5lbnRlcnByaXNl,ignoreAppRotation
51173,cGwuYXVkaW90b3VyLmdkYW5zaw==,ignoreAppRotation
51174,YWlyLklUVk1vYmlsZVBsYXllcg==,ignoreAppRotation
51175,Y29tLnZpcmdpbm1vbmV5LnVrLm1vYmlsZS5hbmRyb2lk,ignoreAppRotation
51176,aXQuc2t5LmFueXdoZXJl,ignoreAppRotation
51177,aXQuaXRhbGlhb25saW5lLm1haWw=,ignoreAppRotation
51178,aXQudGVsZWNvbWl0YWxpYS5jdWJvdmlzaW9u,ignoreAppRotation
51179,Y29tLmx5bnhzcGEucHJvbnRvdHJlbm8=,ignoreAppRotation
51180,aXQuZnJvZ2d5LnRnY29t,ignoreAppRotation
51181,aXQubWVkaWFtYXJrZXQubWVkaWF3b3JsZA==,ignoreAppRotation
51182,Y29tLmVuaS5lbmlsaXZl,ignoreAppRotation
51183,aXQubGVyb3ltZXJsaW4uZmVzdGFkZWxicmljb2xhZ2U=,ignoreAppRotation
51184,Y29tLmZ1dGJpbg==,ignoreAppRotation
51185,Y29tLmNoYXRpdW0uYXBw,ignoreAppRotation
51186,Y29tLmFwZWdyb3VwLm1jZG9uYWxkc3J1c3NpYQ==,ignoreAppRotation
51187,cnUuYnVyZ2Vya2luZw==,ignoreAppRotation
51188,cnUuZ29vZHMubWFya2V0cGxhY2U=,ignoreAppRotation
51189,cnUuczcuYW5kcm9pZA==,ignoreAppRotation
51190,bmV0Lm1iYy5zaGFoaWQ=,ignoreAppRotation
51191,YWUudWFlcGFzcy5tYWluYXBw,ignoreAppRotation
51192,Y29tLnNlY3VyZS5jcnlwdG92cG4=,ignoreAppRotation
51193,Y29tLm9wZW5zb29xLk9wZW5Tb29x,ignoreAppRotation
51194,Y29tLm5vcnEuc2hvcGV4LnNoYXJhZg==,ignoreAppRotation
51195,Y29tLmRlbGl2ZXJ5X3Nob3BfNWthMjQuZGVsaXZlcnlfc2hvcF81a2E=,ignoreAppRotation
51196,Y29tLmNoaW5hbXdvcmxkLm1haW4=,ignoreAppRotation
51197,Y29tLmx1Y2t5Lmx1Y2t5Y2xpZW50,ignoreAppRotation
51198,Y29tLmVoYWk=,ignoreAppRotation
51199,Y29tLm15bW9uZXk=,ignoreAppRotation
51200,Y29tLnR1bml1LmFwcC51aQ==,ignoreAppRotation
51201,Y29tLmt3YWkubTJ1,ignoreAppRotation
51202,c2luYS5tb2JpbGUudGlhbnFpdG9uZw==,ignoreAppRotation
51203,Y29tLnVubm9vLnF1YW4=,ignoreAppRotation
51204,Y29tLmZhbmxpLmFuZHJvaWQuYXBwcw==,ignoreAppRotation
51205,Y29tLmdhbGF4eS5zdG9jaw==,ignoreAppRotation
51206,cnd5LmJhb2FuLm5ldHN1cGVydmlzb3I=,ignoreAppRotation
51207,Y29tLnZjcmVkaXQuZGRjYXNo,ignoreAppRotation
51208,Y29tLmhhb2RmLmFuZHJvaWQ=,ignoreAppRotation
51209,Y29tLmhjYy5hcHA=,ignoreAppRotation
51210,Y29tLmNtY20uY2Z3YWxscGFwZXI=,ignoreAppRotation
51211,Y29tLmNwaWMuc3hieHhl,ignoreAppRotation
51212,Y29tLnl1YW50aWt1LnR1dG9y,ignoreAppRotation
51213,Y29tLnRhZHUucmVhZA==,ignoreAppRotation
51214,Y29tLm5lcHR1bmUudG1hcA==,ignoreAppRotation
51215,Y29tLmppZmVuLnF1a2Fu,ignoreAppRotation
51216,Y29tLnNodXF1LmJhbnlhbg==,ignoreAppRotation
51217,Y29tLnNoZW5naHVvcXVhbg==,ignoreAppRotation
51218,Y29tLmltbW9tby52Y2hhdA==,ignoreAppRotation
51219,Y29tLm1lbmd0dWlhcHAubWFsbA==,ignoreAppRotation
51220,Y29tLmVhcnRoLmJkc3BhY2U=,ignoreAppRotation
51221,Y29tLnFkdGV2Yy50ZWxkLmFwcA==,ignoreAppRotation
51222,Y29tLnF1bmhlLmRlc2lnbmVy,ignoreAppRotation
51223,Y29tLnBlb3BsZXRlY2gucGVvcGxlcGx1cw==,ignoreAppRotation
51224,Y29tLmNoYW96aC5pUmVhZGVyLmRq,ignoreAppRotation
51225,Y29tLm9jZWFuc29mdC5nenBvbGljZQ==,ignoreAppRotation
51226,Y29tLmh5dGNoLmZ0dGhlbWVwYXJr,ignoreAppRotation
51227,Y29tLnl1bmNoZWFwcC5hbmRyb2lkLnBlYXJs,ignoreAppRotation
51228,Y29tLnRpZ2VyYnJva2Vycy5zdG9jaw==,ignoreAppRotation
51229,Y24uY29tLmxhbmdlYXN5LkxhbmdFYXN5TGV4aXM=,ignoreAppRotation
51230,Y29tLm5pdS5jbG91ZA==,ignoreAppRotation
51231,Y29tLnRlbmNlbnQuZ2FtZWhlbHBlci5wZw==,ignoreAppRotation
51232,Y29tLnRmc215LmFwcHMuYW5kcm9pZC50ZnNteQ==,ignoreAppRotation
51233,Z292Lnp3Zncuc2Ftci5kanpj,ignoreAppRotation
51234,Y29tLm15Z29sYnMubXlidXM=,ignoreAppRotation
51235,Y24ubWlzc2ZyZXNoLmFwcGxpY2F0aW9u,ignoreAppRotation
51236,Y29tLnNzLmFuZHJvaWQuaG9tZWQ=,ignoreAppRotation
51238,Y29tLmR1b3NlY3VyaXR5LmR1b21vYmlsZQ==,ignoreAppRotation
51239,Y29tLmR4bS5ub3B1enpsZQ==,ignoreAppRotation
51240,Y29tLmZpdG5vdy5sb3NlaXQ=,ignoreAppRotation
51241,Y29tLmNhcnMuYW5kcm9pZA==,ignoreAppRotation
51242,Y29tLnViZXJjYWIuZHJpdmVy,ignoreAppRotation
51243,YnIuY29tLm51dHJvci5hcHA=,ignoreAppRotation
51244,Y29tLndpbGxpYW1oaWxsLnNwb3J0cy5hbmRyb2lk,ignoreAppRotation
51246,Y29tLmFsb2hhbW9iaWxlLmJyb3dzZXI=,ignoreAppRotation
51247,Y29tLmJhaWR1LkJhaWR1TWFw,ignoreAppRotation
51249,Y29tLmljYmM=,ignoreAppRotation
51250,Y29tLmNhaW5pYW8ud2lyZWxlc3M=,ignoreAppRotation
51251,Y29tLnNvaHUuaW5wdXRtZXRob2Quc29nb3U=,ignoreAppRotation
51252,Y29tLnRlbmNlbnQuZ2FtZWhlbHBlci5zbW9iYQ==,ignoreAppRotation
51253,Y29tLnRlbmNlbnQucXFwaW1zZWN1cmU=,ignoreAppRotation
51255,Y29tLnh0LnJldG91Y2g=,ignoreAppRotation
51256,Y29tLm1heC54aWFvaGVpaGU=,ignoreAppRotation
51257,Y29tLmpkZC5tb3RvcmZhbnM=,ignoreAppRotation
51258,Y24uamo=,ignoreAppRotation
51259,Y29tLnlvdWxvZnQuY2FsZW5kYXI=,ignoreAppRotation
51260,Y24ueGlhb2NodWFua2VqaS50aWViYQ==,ignoreAppRotation
51261,Y29tLmJhaWR1Lndlbmt1,ignoreAppRotation
51262,Y29tLnFpaG9vLmNhbWVyYQ==,ignoreAppRotation
51263,dHYuYWNmdW5kYW5tYWt1LnZpZGVv,ignoreAppRotation
51264,Y29tLnRwbGluay5pcGM=,ignoreAppRotation
51265,Y29tLmN6Yi5jaGV6aHViYW5n,ignoreAppRotation
51266,Y29tLnRhb3UubWFpbWFp,ignoreAppRotation
51267,Y29tLmpkLmFwcC5yZWFkZXI=,ignoreAppRotation
51268,Y29tLmh1bHV4aWEuZ2FtZXRvb2xz,ignoreAppRotation
51269,Y29tLnBlb3BsZWRhaWx5Y2hpbmEuYWN0aXZpdHk=,ignoreAppRotation
51270,ZW5mYy5tZXRybw==,ignoreAppRotation
51271,Y29tLnRlbmNlbnQucXFnYW1lLnhx,ignoreAppRotation
51272,Y29tLnlvdWRhby5ub3Rl,ignoreAppRotation
51273,Y29tLnRlc2xhbW90b3JzLnRlc2xh,ignoreAppRotation
51274,Y29tLmFpYmFuZy5ianRyYWZmaWM=,ignoreAppRotation
51275,Y29tLm1hbm1hbmJ1eS5iaWppYQ==,ignoreAppRotation
51276,Y29tLmdmLmNsaWVudA==,ignoreAppRotation
51277,Y29tLmdhbmppLmFuZHJvaWQ=,ignoreAppRotation
51278,Y29tLmF1dG9ob21lLnVzZWRjYXI=,ignoreAppRotation
51279,Y24ud2VueXUuYm9kaWFu,ignoreAppRotation
51280,Y29tLmFibGUud2lzZG9tdHJlZQ==,ignoreAppRotation
51281,Y29tLnRlbmNlbnQucG9ydGZvbGlv,ignoreAppRotation
51282,Y29tLmxlMTIzLnlzZHE=,ignoreAppRotation
51283,Y29tLnVjbW9iaWxlLmxpdGU=,ignoreAppRotation
51284,Y29tLmRhaW1sZXIucmlzLm1lcmNlZGVzbWUuY24uYW5kcm9pZA==,ignoreAppRotation
51285,Y29tLnBpbmd1by5lZGl0LnNkaw==,ignoreAppRotation
51286,b3JnLnhpbmtiLmJsYWNrYm9hcmQuYW5kcm9pZA==,ignoreAppRotation
51287,Y29tLmJpbGliaWxpLnN0dWRpbw==,ignoreAppRotation
51288,Y29tLndvbmRlcnRlay5wYXBlcg==,ignoreAppRotation
51289,Y29tLmppbmRpYW5rZWppLmh1YWxpYW5wYXJ0bmVy,ignoreAppRotation
51290,Y29tLmhhb2JvLmh1aWxpZmU=,ignoreAppRotation
51291,Y29tLmtpbmdkb24ubXljeg==,ignoreAppRotation
51292,Y29tLnNpbnllZS5iYWJ5YnVzLnJlY29tbWVuZGFwcA==,ignoreAppRotation
51293,Y29tLndlYmFuay53ZW1vbmV5,ignoreAppRotation
51294,anAuY28uY2Fub24uYnNkLmFkLnBpeG1hcHJpbnQ=,ignoreAppRotation
51295,Y29tLm1vYmkuc2h0cA==,ignoreAppRotation
51296,Y29tLmdraWQuY3Jhenlyb3Bl,ignoreAppRotation
51297,Y29tLm5ldGVhc2UubWtleQ==,ignoreAppRotation
51298,Y29tLmJ5dGVkYW5jZS5lcC5hbmRyb2lk,ignoreAppRotation
51299,Y29tLmppbmdjYWkuYXBwcy5xdWFsaXR5ZGV2,ignoreAppRotation
51300,Y29tLmNzaWkuenliay51aQ==,ignoreAppRotation
51301,Y29tLndlbmh1YS5iYW1ib28=,ignoreAppRotation
51302,Y29tLmNzaWkubW9iaWxlYmFuaw==,ignoreAppRotation
51303,Y29tLm11dGFuZ3RlY2gucWlhbmpp,ignoreAppRotation
51304,Y29tLmhhbndlYi5hbmRyb2lkLmpzendmdy5hY3Rpdml0eQ==,ignoreAppRotation
51305,Y29tLnp3ZncuWXVlWmhlbmdZaQ==,ignoreAppRotation
51306,Y29tLmJvc2UubW9uZXQ=,ignoreAppRotation
51307,Y29tLmFsbGhpc3RvcnkuZGxzLm1hcmJsZQ==,ignoreAppRotation
51308,Y24ubWlzc2V2YW4=,ignoreAppRotation
51309,Y29tLmhpYnkubXVzaWM=,ignoreAppRotation
51310,Y29tLmloYW96aHVvLnlvdWppYW5rYW5n,ignoreAppRotation
51311,Y29tLkNoYXJpdHlSdW4uZ2FtZQ==,ignoreAppRotation
51312,Y29tLmxpbmtlZGluLmFuZHJvaWQuaW5qb2Jz,ignoreAppRotation
51313,Y29tLmZpcnN0dG91Y2hnYW1lcy5oZXJvMg==,ignoreAppRotation
51314,aXQubWluaXN0ZXJvZGVsbGFzYWx1dGUudmVyaWZpY2FDMTk=,ignoreAppRotation
51315,Y29tLnN0b25lYXhlLnNsYXBhbmRydW4=,ignoreAppRotation
51316,Y29tLm1hcmJsZWJsYXN0Lnp1bWEubWFyYmxlZ2FtZQ==,ignoreAppRotation
51317,aW52YWRlcnMub3MuZ2FsYXh5LnNwYWNlLnNob290ZXIuYXR0YWNrLmNsYXNzaWM=,ignoreAppRotation
51318,bmV0Lnd5dmVybndhcmUud2hvc3RoZWFsaWVu,ignoreAppRotation
51319,Y29tLnBsYXlpdC52aWRlb3BsYXllcg==,ignoreAppRotation
51320,Y29tLmNvaW5tYXJrZXRjYXAuYW5kcm9pZA==,ignoreAppRotation
51321,Y29tLmdhaXQuTW92ZUhvdXNlM0Q=,ignoreAppRotation
51322,cnUuZ2FseWEuZHJhd2pvdXN0,ignoreAppRotation
51323,b3JnLnRvc2hp,ignoreAppRotation
51324,Y29tLmFnZW9mZXRlcm5pdHkuZ2xvYmFs,ignoreAppRotation
51325,a3IuY28uaHBvaW50LmhkZ20=,ignoreAppRotation
51326,Y29tLmlkbGUucmFpbHdheS5lbXBpcmUudHljb29u,ignoreAppRotation
51327,aW8udm9vZG9vLnBhcGVyMg==,ignoreAppRotation
51328,a3IuY28uaGl2ZXI=,ignoreAppRotation
51330,Y29ucXVlci50aGUudG93ZXIuY2FzdGxlLmJhdHRsZQ==,ignoreAppRotation
51331,Ym9keWZhc3QuemVyby5mYXN0aW5ndHJhY2tlci53ZWlnaHRsb3Nz,ignoreAppRotation
51332,Y29tLnRwbGluay5rYXNhX2FuZHJvaWQ=,ignoreAppRotation
51333,Y29tLndiLmdvb2cuZ290LmNvbnF1ZXN0,ignoreAppRotation
51334,d29ybGQuc29jaWFsLmdyb3VwLnZpZGVvLnNoYXJl,ignoreAppRotation
51335,Y29tLmRhcmF6LmFuZHJvaWQ=,ignoreAppRotation
51336,Y29tLm1hdHRlbDE2My5za2lwYm8=,ignoreAppRotation
51337,Y29tLmNhbXNjYW5uZXIuZG9jdW1lbnRzY2FubmVyLnBkZnNjYW5uZXIudGV4dHNjYW5uZXIucGhvdG9zLnNjYW5uZXI=,ignoreAppRotation
51338,Y29tLmpyemhlbmcuc3VwZXJ2cG5mcmVl,ignoreAppRotation
51339,Y29tLnl5LmhpeW8=,ignoreAppRotation
51340,Y29tLnBlb3BsZWZ1bi5icmlja3NuYmFsbHM=,ignoreAppRotation
51341,Y29tLm5pbmVnYWcuYW5kcm9pZC5hcHA=,ignoreAppRotation
51342,YXUuY29tLnJlYWxlc3RhdGUuYXBw,ignoreAppRotation
51343,Y29tLm5hbm90cmliZS5nYW1lcy5hcnJvd2Zlc3Q=,ignoreAppRotation
51344,b3JnLmp3Lmp3bGlicmFyeS5tb2JpbGU=,ignoreAppRotation
51345,Y29tLmluc3RhZ3JhbS5sYXlvdXQ=,ignoreAppRotation
51346,Y29tLk5va29ib3QuRnJvemVuSG9uZXlBU01S,ignoreAppRotation
51347,Y29tLmNvdXBhbmcuZmxleC5tb2JpbGU=,ignoreAppRotation
51348,Y29tLm91dGZpdDcudGFsa2luZ2Jlbg==,ignoreAppRotation
51349,Y29tLmlkZWFsaXN0YS5hbmRyb2lk,ignoreAppRotation
51350,Y29tLmlsZXZpdC5hbHdheXouYW5kcm9pZA==,ignoreAppRotation
51351,Z2xvYmFsLmhvdGVsLnR3Z2FtZQ==,ignoreAppRotation
51352,Y29tLnRvcHVsdHJhZ2FtZS5zbG90bGFzdmVnYQ==,ignoreAppRotation
51353,Y29tLmJlcmVzbmV2Z2FtZXMuZ2FsbGVyeWNvbG9yaW5nYm9vaw==,ignoreAppRotation
51354,Y29tLnBob3Rvcm9vbS5hcHA=,ignoreAppRotation
51355,bWVubG9zZXdlaWdodC5sb3Nld2VpZ2h0YXBwZm9ybWVuLndlaWdodGxvc3Nmb3JtZW4=,ignoreAppRotation
51356,Y29tLmphdW1v,ignoreAppRotation
51357,Y29tLnRoZTI5Y20uYXBwMjljbQ==,ignoreAppRotation
51358,Y29tLmhhbmR5Y2xvc2V0LmFuZHJvaWQuZXJhc2Vy,ignoreAppRotation
51359,Y29tLm5vcnRoY3ViZS5zbGVlcGN5Y2xl,ignoreAppRotation
51360,Y29tLnR1cmtjZWxsLmJpcA==,ignoreAppRotation
51361,Y29tLmN5YmVybGluay55b3VjYW1tYWtldXA=,ignoreAppRotation
51362,anAubmF2ZXIubGluZWNhbWVyYS5hbmRyb2lk,ignoreAppRotation
51363,dXMubWl0ZW5l,ignoreAppRotation
51364,anAuY28uZHdhbmdvLkhjZ0RXMDA3U2FuZHdpY2hSdW4=,ignoreAppRotation
51365,Y29tLnppbmcubXAz,ignoreAppRotation
51366,Y29tLmJzdGFyLmludGw=,ignoreAppRotation
51367,Y29tLmVhc3RzaWRlZ2FtZXMuZHJhZ3JhY2U=,ignoreAppRotation
51368,YXUuZ292Lm5zdy5zZXJ2aWNl,ignoreAppRotation
51369,Y29tLmxpbGFjd29vZGdhbWVzLm9pbG1hbg==,ignoreAppRotation
51370,Y29tLm1rYXJwZW5rby53b3JsZGJveA==,ignoreAppRotation
51371,Z2cuc3VuZGF5LmNhdGVzY2FwZQ==,ignoreAppRotation
51372,Y29tLmhvbGxvd2RvZ3Muc3RvbmVncmluZGVy,ignoreAppRotation
51373,c3UuY2Fub2Uuem9vLmVsZXBoYW50,ignoreAppRotation
51374,Y29tLnN1bnNldGdhbWVzLmNvcGNhcnNjYW4=,ignoreAppRotation
51375,Y29tLm1lcmdlLmFuaW1hbHM=,ignoreAppRotation
51376,Y29tLmZhY2Vib29rLmFkc21hbmFnZXI=,ignoreAppRotation
51377,YXUuY29tLnNlZWs=,ignoreAppRotation
51378,anAucHh2LmFuZHJvaWQ=,ignoreAppRotation
51379,Y29tLmFkb2JlLmZhcw==,ignoreAppRotation
51380,Y29tLmhlbGxvdGFsaw==,ignoreAppRotation
51381,Y29tLnN5Z2ljLmF1cmE=,ignoreAppRotation
51382,aW8udm9vZG9vLnBhcGVyMw==,ignoreAppRotation
51383,Y29tLm1lcmdlZ2FtZS5tZXJnZQ==,ignoreAppRotation
51384,Y29tLm1lZ2F0b3VjaC5naWFudHdhbnRlZA==,ignoreAppRotation
51385,Y29tLnNlZ2Euc3ByaW50,ignoreAppRotation
51386,Y29tLmJhbmdnb29kLmNsaWVudA==,ignoreAppRotation
51387,b3JnLm9seW1waWMuYXBwLm1vYmlsZQ==,ignoreAppRotation
51388,Y29tLmVsZHJpbmcuZXhvbWluZXI=,ignoreAppRotation
51389,Y29tLnRhcHBlZC5kcmF3cmlkZXI=,ignoreAppRotation
51390,Y29tLnd1bHVtdXFpLmFwcHMuYW5kcm9pZC53bG1xc215,ignoreAppRotation
51391,Y29tLnlvdXFpLm1pYW9taWFv,ignoreAppRotation
51392,Y29tLmt1YWl5aW4ucGxheWVy,ignoreAppRotation
51393,Y29tLnNzLmFuZHJvaWQubWVyY2hhbnQ=,ignoreAppRotation
51394,Y29tLndlaXBhaXRhbmcud3B0,ignoreAppRotation
51395,Y29tLnNlZXdvLmVhc2ljYXJlLnBybw==,ignoreAppRotation
51396,bWUuZWxlLm5hcG9z,ignoreAppRotation
51397,Y29tLmJhaWR1LnNlYXJjaGJveC50b21hcw==,ignoreAppRotation
51398,Y29tLm1vc29pbmsudGVhY2g=,ignoreAppRotation
51399,Y29tLndvYXBwLmhlYmVp,ignoreAppRotation
51400,Y29tLmh1YXhpYW96aHUuZHJpdmVy,ignoreAppRotation
51401,Y29tLm1vdXRhaS5tYWxs,ignoreAppRotation
51402,aW8uaWZ0ZWNoLmFuZHJvaWQuYm94,ignoreAppRotation
51403,Y29tLnh4d29sby5jYzU=,ignoreAppRotation
51404,Y29tLmliaWtlLnB1YmxpY2JpY3ljbGUuYWN0aXZpdHk=,ignoreAppRotation
51405,Y29tLmtpbG9vLnN1YndheXN1cmYuc2Ftc3VuZw==,ignoreAppRotation
51406,Y29tLmJvc2UuYm9zZW11c2ljLmNoaW5h,ignoreAppRotation
51407,Y29tLnRlbmNlbnQud2VoZWFy,ignoreAppRotation
51408,Y29tLnNob3VqaWR1b2R1by5kag==,ignoreAppRotation
51409,Y29tLmpvb2FuLnFpYW9hbnpoaWxpYW4=,ignoreAppRotation
51410,Y29tLmtzLmthaXNodXN0b3J5,ignoreAppRotation
51411,Y24ubGV6aGkuc3BlZWR0ZXN0,ignoreAppRotation
51412,Y29tLmNhbGVuZGFyMjM0NQ==,ignoreAppRotation
51413,Y29tLmNxbWMuY2xpZW50,ignoreAppRotation
51414,Y29tLnBzeW9uZS5icmFpbm11c2lj,ignoreAppRotation
51415,Y29tLmNjdHY0Zy5jY3R2bW9iaWxldHY=,ignoreAppRotation
51416,Y29tLmVkaWZpZXIuZWRpZmllcmNvbm5lY3Q=,ignoreAppRotation
51417,Y24udW5pcHVzLnVjYW1wdXMuc3R1ZGVudA==,ignoreAppRotation
51418,Y29tLm5ldGVhc2UubHJz,ignoreAppRotation
51419,Y29tLmdkLnNpYXBw,ignoreAppRotation
51420,Y29tLmRwLmFuZHJvaWQuZWxvbmc=,ignoreAppRotation
51421,Y29tLnR5eWQudmlkZW8=,ignoreAppRotation
51422,Y29tLmljYmMuYml6LmVsaWZl,ignoreAppRotation
51423,Y29tLm11YnUuYXBw,ignoreAppRotation
51424,Y24uZmlnaHRpbmcubWpzdHYuY2xhc3NpYw==,ignoreAppRotation
51425,Y29tLnN1cGVyY2VsbC5jbGFzaHJveWFsZS51Yw==,ignoreAppRotation
51426,Y29tLmZveGl0Lm1vYmlsZS5wZGYubGl0ZQ==,ignoreAppRotation
51427,Y29tLnhpYW9lLmNsaWVudA==,ignoreAppRotation
51428,Y29tLm9waG9uZS5yZWFkZXIudWk=,ignoreAppRotation
51429,Y29tLnVzaGFxaS56aHVpc2h1c2hlbnFp,ignoreAppRotation
51430,Y29tLmx1LmFzaGlvbndlYXRoZXJiYW5uZXI=,ignoreAppRotation
51431,Y29tLnBpbmdhbi54dWV5dWFu,ignoreAppRotation
51432,Y29tLmpkLmpkbG9naXN0aWM=,ignoreAppRotation
51433,Y29tLmN0cmlwLmpy,ignoreAppRotation
51434,Y29tLmp1bGFubGluZy5hcHA=,ignoreAppRotation
51435,Y29tLnRlbmNlbnQudG1ncC56anNjbWo=,ignoreAppRotation
51436,Y29tLmppbjEw,ignoreAppRotation
51437,Y29tLmhpc2Vuc2UubXMuZmx5MnR2,ignoreAppRotation
51438,Y29tLmFpaHVpc2hvdS5vcHQ=,ignoreAppRotation
51439,dHYuZGFubWFrdS5iaWxpYmlsaWhk,ignoreAppRotation
51440,Y29tLmFpcnN0YXIubG9hbg==,ignoreAppRotation
51441,Y29tLnJ5dG9uZy5obmFpcg==,ignoreAppRotation
51442,Y29tLnV4aW4udXNlZGNhcg==,ignoreAppRotation
51443,Y29tLmZhcmZldGNoLmZhcmZldGNoc2hvcA==,ignoreAppRotation
51444,Y29tLmdvdi5jbg==,ignoreAppRotation
51445,Y29tLmNvcnAyMWNuLm1haWwxODk=,ignoreAppRotation
51446,Y29tLnJ1YW5tZWkuaXRob21l,ignoreAppRotation
51447,Y29tLmFzdXMuYWlob21l,ignoreAppRotation
51448,Y29tLnNhbmdmb3IudnBuLmNsaWVudC5waG9uZQ==,ignoreAppRotation
51449,Y29tLm1vbGluay5qb2huLmh1bW1pbmdiaXJk,ignoreAppRotation
51450,Y29tLmhlbnphbmFwcC5taWFvbWlhb3poZQ==,ignoreAppRotation
51451,Y29tLnRlbmNlbnQudG1ncC5zdXBlcmNlbGwuY2xhc2hyb3lhbGU=,ignoreAppRotation
51452,Y24uY29tLmVzc2VuY2Uuc3RvY2s=,ignoreAppRotation
51453,Y29tLmdzdGFybWMubGl0ZQ==,ignoreAppRotation
51454,Y29tLnl1bm1haS5zY2FsZQ==,ignoreAppRotation
51455,Y2g5OTkuYXBwLlVJ,ignoreAppRotation
51456,Y29tLndhY2FpMzY1,ignoreAppRotation
51457,Y29tLm5ldGVhc2UuZXBheQ==,ignoreAppRotation
51458,Y29tLm5ldGVhc2UudXJzLmFuZHJvaWQuYWNjb3VudG1hbmFnZXI=,ignoreAppRotation
51459,Y29tLmh1bmRzdW4uc3RvY2t3aW5uZXIuZ2R6cQ==,ignoreAppRotation
51460,Y24uY29tLnl1bm1hLnNjaG9vbC5hcHA=,ignoreAppRotation
51461,Y29tLmdlbmdjb24uYW5kcm9pZC5qY2Nsb3VkcHJpbnRlcg==,ignoreAppRotation
51462,Y29tLnJlZHJjZC55bHhm,ignoreAppRotation
51463,Y29tLm5kLmFuZHJvaWQucGFuZGFyZWFkZXI=,ignoreAppRotation
51464,Y29tLm9lY29tbXVuaXR5Lm9lc2hvcA==,ignoreAppRotation
51465,Y29tLmFsaWJhYmEuYWxpZXhwcmVzc2hk,ignoreAppRotation
51466,Y29tLnRyaXBsZWRvdC53b29kb2t1,ignoreAppRotation
51467,Y29tLmxlbW9uLmx2b3ZlcnNlYXM=,ignoreAppRotation
51468,Y29tLnNreXBlLnJhaWRlcg==,ignoreAppRotation
51469,Y29tLm14dGVjaC52aWRlb3BsYXllci5hZA==,ignoreAppRotation
51470,Y29tLnRyaXBsZWRvdC5zb2xpdGFpcmU=,ignoreAppRotation
51471,Y29tLmtpbG9vLnN1YndheXN1cmY=,ignoreAppRotation
51472,Y29tLmZ1Z28ud293,ignoreAppRotation
51473,aW4ucGxheXNpbXBsZS53b3JkdHJpcA==,ignoreAppRotation
51474,Y29tLnRvcHdhci5ncA==,ignoreAppRotation
51475,Y29tLmxvdmUuam91cm5leS5tYXRjaA==,ignoreAppRotation
51476,Y29tLmV0c3kuYW5kcm9pZA==,ignoreAppRotation
51477,c29ydHB1ei53YXRlci5zb3J0LnB1enpsZS5nYW1l,ignoreAppRotation
51478,Y29tLmVhc3licmFpbi5zdWRva3UuYW5kcm9pZA==,ignoreAppRotation
51479,aW4ucGxheXNpbXBsZS50cmlwY3Jvc3M=,ignoreAppRotation
51480,Y29tLnNwYWNlYXBlZ2FtZXMuYmVhdHN0YXI=,ignoreAppRotation
51481,Y29tLndlcGxheWRvdHMudHdvZG90c2FuZHJvaWQ=,ignoreAppRotation
51482,Y29tLm5pbnRlbmRvLnpha2E=,ignoreAppRotation
51483,Y29tLmVhc3lnYW1lcy5yYWNl,ignoreAppRotation
51484,cGFpbnQuYnkubnVtYmVyLnBpeGVsLmFydC5jb2xvcmluZy5kcmF3aW5nLnB1enpsZQ==,ignoreAppRotation
51485,Y29tLnRhcmJvb3NoLmNvbGxlY3RlbWFsbA==,ignoreAppRotation
51486,Y29tLmtpbmcuYnViYmxld2l0Y2gz,ignoreAppRotation
51487,Y29tLnN1cGVycGxheXN0dWRpb3MuZGljZWRyZWFtcw==,ignoreAppRotation
51488,Y29tLmx1ZG8ua2luZw==,ignoreAppRotation
51489,Y29tLmVhc3licmFpbi5qaWdzYXcucHV6emxlcw==,ignoreAppRotation
51490,Y29tLmhhYmJ5LnB1bmJhbGw=,ignoreAppRotation
51491,Y29tLlNlcmlvdXNseS5CZXN0RmllbmRz,ignoreAppRotation
51492,Y29tLnllbHAuYW5kcm9pZA==,ignoreAppRotation
51493,Y29tLmdyYXltYXRyaXguZGlk,ignoreAppRotation
51494,Y29tLnNob3BlZS5pZA==,ignoreAppRotation
51495,aW4uY3Jvc3N5LmRhaWx5X2Nyb3Nzd29yZA==,ignoreAppRotation
51496,Y29tLm15eWVhcmJvb2subQ==,ignoreAppRotation
51497,a3IucmFwcG9ydGxhYnMuZGFtb2E=,ignoreAppRotation
51498,bGluay5tZXJnZS5wdXp6bGUub25uZWN0Lm51bWJlcg==,ignoreAppRotation
51499,Y29tLm1hdGhwcmVzc28ucWFuZGE=,ignoreAppRotation
51500,ZWUubXRha3NvLmNsaWVudA==,ignoreAppRotation
51501,Y29tLkdNQS5CYWxsLlNvcnQuUHV6emxl,ignoreAppRotation
51502,Y29tLmFkZGljdGl2ZS5lbXBpcmUuY2xhc2guY29ucXVlc3Q=,ignoreAppRotation
51503,Y29tLnF1dmlkZW8ueGlhb3lpbmc=,ignoreAppRotation
51504,Y29tLmJlbGthdGVjaG5vbG9naWVzLmNsb2NrbWFrZXI=,ignoreAppRotation
51505,b3JnLmlnZ3ltZWRpYS5wZXJpb2R0cmFja2Vy,ignoreAppRotation
51506,Y29tLmtldGNoYXBwLnJpZGVy,ignoreAppRotation
51507,Y29tLmhpZ2hicm93LmdhbWVzLmR2YXJlbmE=,ignoreAppRotation
51508,Y29tLmxvb3AubWF0Y2gzZA==,ignoreAppRotation
51509,Y29tLnN1cGVya2luZy5wYXJjaGlzaS5zdGFy,ignoreAppRotation
51510,Y29tLm1hZGZ1dC5tYWRmdXQyMg==,ignoreAppRotation
51511,Y29tLnRpbGVtYXN0ZXIucHV6emxlLmJsb2NrLm1hdGNo,ignoreAppRotation
51512,Y29tLmZ1bGxmYXQudGV4dG9yZGll,ignoreAppRotation
51513,Y29tLnR3aXN0eWdhbWVzLmNvb2tpbmdjcmFmdA==,ignoreAppRotation
51514,Y29tLnBlcmNlbnQuYW9zLnJhbmRvbWRpY2V3YXJz,ignoreAppRotation
51515,Y29tLmVhc3licmFpbi5raWxsZXIuc3Vkb2t1LmZyZWU=,ignoreAppRotation
51516,Y29tLnlhbGxhLnlhbGxhZ2FtZXM=,ignoreAppRotation
51517,Y29tLmRlbmEuYTEyMDI2NDE4,ignoreAppRotation
51518,Y29tLm5vb24uYnV5ZXJhcHA=,ignoreAppRotation
51519,Z2FtZXMudmF2ZWRhLm1pbGl0YXJ5b3ZlcnR1cm4=,ignoreAppRotation
51520,Y29tLmdvcmdlb3VzLmxpdGVpbnRlcm5hdGlvbmFs,ignoreAppRotation
51521,Y29tLnByZXF1ZWwuYXBw,ignoreAppRotation
51522,Y29tLmNvb2thcHBzLmJtLnRocmVla2luZ2RvbXNyaXNpbmc=,ignoreAppRotation
51523,Y29tLmhpZGVhLmNhdA==,ignoreAppRotation
51524,Y29tLmhpZ2FtZXMuZ3JvdW5kZGlnZ2Vy,ignoreAppRotation
51525,Y29tLmV0ZXJtYXgucHJlZ3VudGFkb3MubGl0ZQ==,ignoreAppRotation
51526,Y29tLmJsYWNrb3V0LmJ1YmJsZQ==,ignoreAppRotation
51527,Y29tLmx1bmEudGhleWFyZWNvbWluZw==,ignoreAppRotation
51528,aG9tZXdvcmtvdXQuaG9tZXdvcmtvdXRzLm5vZXF1aXBtZW50,ignoreAppRotation
51529,Y29tLmluc3BpcmVkc3F1YXJlLmJsb2Nrcw==,ignoreAppRotation
51530,Y29tLmNvbW1zb3VyY2UuYmVhdXR5cGx1cw==,ignoreAppRotation
51531,Y29tLndvcmRnYW1lLndvcmRzLmNvbm5lY3Q=,ignoreAppRotation
51532,aW8udm9vZG9vLmhvbGVpbw==,ignoreAppRotation
51533,Y29tLmRlbHRhLm1vYmlsZS5hbmRyb2lk,ignoreAppRotation
51534,Y29tLkphY29iVmFuSGFhZy5Db2xvck1hdGNo,ignoreAppRotation
51535,Y29tLnBvcHVsYXJhcHAucGVyaW9kY2FsZW5kYXI=,ignoreAppRotation
51536,Y29tLnJvdmlvLmRyZWFt,ignoreAppRotation
51537,Y29tLnRhZ2dlZGFwcA==,ignoreAppRotation
51538,Y29tLnN1bnNldGdhbWVzLmJvcmRlcnNlY3VyaXR5,ignoreAppRotation
51539,Y29tLnNub3djb3JwLnN0aWNrZXJseS5hbmRyb2lk,ignoreAppRotation
51540,Y29tLkFsZXhhbmRySmFuYXNodmlsaS5NdWx0aU1hemUzRA==,ignoreAppRotation
51541,Y29tLnRyYXZlbG9rYS5hbmRyb2lk,ignoreAppRotation
51542,Y29tLmtheWFjLnJ1bmd1bg==,ignoreAppRotation
51543,Y29tLmRpc2NvdmVyZmluYW5jaWFsLm1vYmlsZQ==,ignoreAppRotation
51544,Y29tLnhtb25ldGl6ZS5xdWl6emxhbmQ=,ignoreAppRotation
51545,Y29tLnVzYWEubW9iaWxlLmFuZHJvaWQudXNhYQ==,ignoreAppRotation
51546,ZnIuZG9jdG9saWIud3d3,ignoreAppRotation
51547,Y29tLmZzdHVkaW8ua3JlYW0=,ignoreAppRotation
51548,Y29tLmlubm9nYW1lcy5mb2VhbmRyb2lk,ignoreAppRotation
51549,Y29tLmdhbWVtYWtlcjUuaWRsZW1hZmlh,ignoreAppRotation
51550,Z2FtZS5idWJibGUuc2hvb3Rlci5kcmFnb24ucG9w,ignoreAppRotation
51551,Y29tLmZhY2Vib29rLnRhbGs=,ignoreAppRotation
51552,Y29tLnlhemlvLmFuZHJvaWQ=,ignoreAppRotation
51553,Y29tLmZyZWVwbGF5LnR3ZXJr,ignoreAppRotation
51554,bWUubXljYWtl,ignoreAppRotation
51555,Y29tLnR1eWEuc21hcnQ=,ignoreAppRotation
51556,Y29tLlR3aW5DcmFiLk1vdG9ycG9saWE=,ignoreAppRotation
51557,Y29tLmNhbWVsZ2FtZXMuc3VwZXJraW5n,ignoreAppRotation
51558,Y29tLmdtYS5zb2RhLnNvcnQucHV6emxl,ignoreAppRotation
51559,Y29tLnNtYXJ0ZnVuYXBwcy5oYXBweW1ha2VvdmVy,ignoreAppRotation
51560,YXQubmVyLlNvbGl0YWlyZUtsb25kaWtl,ignoreAppRotation
51561,Y29tLndpeG90LmNvaW5yb2xs,ignoreAppRotation
51562,Y29tLm5hdHJpcy5zYW1wbHJlYmlydGhsaXRlLmty,ignoreAppRotation
51563,Z292Lmlycw==,ignoreAppRotation
51564,Y29tLndvbHQuYW5kcm9pZA==,ignoreAppRotation
51565,YWlyLmNvbS5zZ24uY29va2llamFtLmdw,ignoreAppRotation
51566,Y29tLnBpeGlvLmdvb2dsZS5tdGQ=,ignoreAppRotation
51567,Y29tLndpeG90Lm1vbmV5bGFuZA==,ignoreAppRotation
51568,Y29tLndzbC5ub29t,ignoreAppRotation
51569,Y29tLndvcmtkYXkud29ya2Ryb2lkYXBw,ignoreAppRotation
51570,Y29tLmR0Zy5vZmZpY2VmZXZlcg==,ignoreAppRotation
51571,aWQuYm1yaS5saXZpbg==,ignoreAppRotation
51572,Y29tLmNvbW1iYW5rLm5ldGJhbms=,ignoreAppRotation
51573,Y29tLmxpdmVzY29yZQ==,ignoreAppRotation
51574,Y29tLm1tLmFuZHJvaWQuRE1TUw==,ignoreAppRotation
51575,Y29tLnRvb2wuZmFzdC5zbWFydC5jbGVhbmVy,ignoreAppRotation
51576,Y29tLnRlbGtvbS50cmFjZW5jYXJl,ignoreAppRotation
51577,Y29tLmNoYW1waW9uLmN1YmVz,ignoreAppRotation
51578,Y29tLm1hZ2ljdi5haXJicnVzaA==,ignoreAppRotation
51579,Y29tLmxpdGF0b20uYXBw,ignoreAppRotation
51580,Y29tLkppbmRvQmx1LlR3b1BsYXllckdhbWVzQ2hhbGxlbmdl,ignoreAppRotation
51581,bmV0Lm9yaXppbmFsLnN1YndheQ==,ignoreAppRotation
51582,YnIuZ292Lm1ldWdvdmJy,ignoreAppRotation
51583,Y29tLndvcmRsZS53b3JkbGVnYW1lLnRvZGF5LndvcmQucHV6emxlLmdhbWU=,ignoreAppRotation
51584,Y29tLmVwaXNvZGVpbnRlcmFjdGl2ZS5hbmRyb2lkLmNhdGFsb2c=,ignoreAppRotation
51585,Y29tLml2dXU=,ignoreAppRotation
51586,Y29tLnJlYWxieXRlYXBwcy5tb25leW1hbmFnZXJmcmVl,ignoreAppRotation
51587,Y29tLmFsYWRpbmZ1bi5waWdneXRyYXZlbC5hbmRyb2lk,ignoreAppRotation
51588,Y29tLmFya2hlLmJhdHRlcnlydW4=,ignoreAppRotation
51589,Y29tLm5ld25vcm1hbGdhbWVzLnBob25lY2FzZWRpeQ==,ignoreAppRotation
51590,Y29tLndlZWdvb24udGhpZWZwdXp6bGU=,ignoreAppRotation
51591,Y29tLmZycGguc3RvbmVncmFzcw==,ignoreAppRotation
51592,Y29tLmtpaS5zYWZl,ignoreAppRotation
51593,Y28ua3IuY2F0Y2h0YWJsZS5hbmRyb2lkLmNhdGNodGFibGVfYXBw,ignoreAppRotation
51594,a3IuY28udmNuYy5hbmRyb2lkLmNvdXBsZQ==,ignoreAppRotation
51595,Y29tLmVzdHNvZnQuYWx5YWM=,ignoreAppRotation
51596,Y29tLnN5bWFudGVjLm1vYmlsZXNlY3VyaXR5,ignoreAppRotation
51597,Y29tLm9rdGEuYW5kcm9pZC5hdXRo,ignoreAppRotation
51598,Y29tLnZlcmlzaWduLm12aXAubWFpbg==,ignoreAppRotation
51599,Y29tLmF1dGh5LmF1dGh5,ignoreAppRotation
51600,Y29tLmxvb2tvdXQ=,ignoreAppRotation
51601,Y29tLmx1bWVuc29mdC50b3VjaGVuYXBwZnJlZQ==,ignoreAppRotation
51602,YXUuZ292LmF0by5teWdvdmlkLmRyb2lk,ignoreAppRotation
51603,Y29tLnNtaWxlZ2F0ZS5tYWdpY3Nob3Auc3RvdmUuZ29vZ2xl,ignoreAppRotation
51604,Y29tLnNzZnNob3AuYXBw,ignoreAppRotation
51605,Y29tLmVwb3N0LnBzZi5zZHNp,ignoreAppRotation
51606,Y29tLmpveWdhbWUueHh5ei5nb29nbGU=,ignoreAppRotation
51607,a3IuY28uYWxvaGFjb3JwLmRyYWdvbmlzbGFuZA==,ignoreAppRotation
51608,Y29tLm9uZmFjZS5heGU=,ignoreAppRotation
51609,Y29tLm1ldGFtYXJzLmJyYWluLnRlc3Q=,ignoreAppRotation
51610,Y29tLm9uZG90LmRhbGltaW1ha2V1cA==,ignoreAppRotation
51611,Y29tLmJ5dGV0eXBlci5nZW1zdGFjaw==,ignoreAppRotation
51612,Y29tLm1vdXNlZHVjay5zZWF3YXI=,ignoreAppRotation
51613,Y29tLnRlc3QucXVpei5icmFpbi5wdXp6bGU=,ignoreAppRotation
51614,Y29tLnNvbGFyZm9yZXN0LmdhbWU=,ignoreAppRotation
51615,Y29tLkdhbWVMZW1vLkFybVNpbXVsYXRvcg==,ignoreAppRotation
51616,Y29tLml1LmFybXlwaW9uZWVy,ignoreAppRotation
51617,Y29tLllzb0NvcnAuVFZJbnZhc2lvbg==,ignoreAppRotation
51618,Y29tLmhhcnZlYW5pZS5kcmlua2luZ2dhbWVz,ignoreAppRotation
51619,Y29tLnRvZ2V0aGVyLlN1cnZpdmFsR2FtZUhvc3Q=,ignoreAppRotation
51620,Y29tLkNyaW1zb25zdGQuV2hpdGVTbGF5ZXI=,ignoreAppRotation
51621,Y29tLmhhcHB5LmdhbWUuYmVhdC5tdXNpYy5maWdodC5hbmRyb2lk,ignoreAppRotation
51622,Y29tLmtheWFjLmRyYXdTYWJlcg==,ignoreAppRotation
51623,Y29tLnBheXByb3RvY29sLndhbGxldGty,ignoreAppRotation
51624,Y29tLmtiYW5rd2l0aC5zbWFydGJhbms=,ignoreAppRotation
51625,Y29tLlRvdWNoRW4ubVZhY2NpbmUud2Vicw==,ignoreAppRotation
51626,bmguc21hcnQubmhhbGxvbmVwYXk=,ignoreAppRotation
51627,a3IuY28uZmluZGEuZmluZGE=,ignoreAppRotation
51628,Y28uam9iaXMuc3pz,ignoreAppRotation
51629,Y29tLm5hdmVyZmluLnBheWFwcA==,ignoreAppRotation
51630,a3Iub3IubnBzLnNtYXJ0,ignoreAppRotation
51631,Y29tLmZhc3QucGhvbmUuc2FmZQ==,ignoreAppRotation
51632,Y29tLmVuZ3JvLmNsZWFuZXJmb3JzbnM=,ignoreAppRotation
51633,Y29tLmFobmxhYi52M21vYmlsZXBsdXM=,ignoreAppRotation
51634,Y29tLmJyYXZvLmJvb3N0ZXI=,ignoreAppRotation
51635,Y29tLnRvcGNsZWFuLnJhbWJvb3N0ZXIuYXBwbWFuYWdlci5jbGVhbmVyLnBob25lYm9vc3Rlcg==,ignoreAppRotation
51636,Y29tLmFobmxhYi52M21vYmlsZXNlY3VyaXR5LnNvZGE=,ignoreAppRotation
51638,Y29tLnBldHNiZS5hbmRyb2lkLnBldHNiZW1hbGw=,ignoreAppRotation
51639,Y29tLmtha2Fvc3R5bGUucG9zdHk=,ignoreAppRotation
51641,Y29tLmNqLnR3b3NvbWU=,ignoreAppRotation
51642,Y29tLnN1bmRheXRvei5rYWthby5hbmlwYW5nMy5zZXJ2aWNl,ignoreAppRotation
51643,Y29tLnNhbXN1bmcuZXZlcmxhbmQuYW5kcm9pZC5tb2JpbGVBcHA=,ignoreAppRotation
51644,Y29tLnllczI0LnRpY2tldA==,ignoreAppRotation
51645,Y29tLmNhc3NldHRlLmJhbGxzZ29oaWdo,ignoreAppRotation
51646,Y29tLnlhbXlzdHVkaW8ucGFyZW50c1J1bg==,ignoreAppRotation
51647,Y29tLlRpbmtlcmJveC5MZXZlbFVwQ2Fycw==,ignoreAppRotation
51648,Y28ua3Iub250aGVsb29r,ignoreAppRotation
51649,a3IuY28ubGt2ZW50dXJlcy5saWZlNGN1dC5hbmRyb2lk,ignoreAppRotation
51650,Y29tLmRraS5zcGJfYW5kcm9pZA==,ignoreAppRotation
51651,Y29tLmFwcC5iYWxhYW4uYmFsYWFuYm91dGlxdWU=,ignoreAppRotation
51652,a3IuY28udG1vbmV5LnRpYQ==,ignoreAppRotation
51653,Y29tLnBiLmFuZHJvaWQ=,ignoreAppRotation
51654,Y29tLm9yZGVyLmt5b2Nob25jaGlja2Vu,ignoreAppRotation
51655,Y29tLmNvbmZpcm10a3QubGl0ZQ==,ignoreAppRotation
51656,Y29tLm5vYnJva2VyLmFwcA==,ignoreAppRotation
51657,Y29tLm5ldHFpbi5wcw==,ignoreAppRotation
51658,aW4ucmVkYnVzLmFuZHJvaWQ=,ignoreAppRotation
51659,Y29tLmluZGlhQnVsbHM=,ignoreAppRotation
51660,Y29tLnNoYXJla2Fyby5hcHA=,ignoreAppRotation
51661,Y29tLm15Z2F0ZS51c2Vy,ignoreAppRotation
51662,Y29tLm9qYXNzb2Z0LmFzdHJvc2FnZQ==,ignoreAppRotation
51663,Y29tLnZsdi5hcmF2YWxp,ignoreAppRotation
51664,Y29tLnRhdGF1bmlzdG9yZS5sdXh1cnk=,ignoreAppRotation
51665,aW5kd2luLmMzLnNoYXJlYXBw,ignoreAppRotation
51666,Y29tLm1vYmlrd2lrX25ldw==,ignoreAppRotation
51667,Y29tLmluZGlhbWFydC5t,ignoreAppRotation
51668,Y29tLnNuYXB3b3JrLmhkZmNzZWM=,ignoreAppRotation
51669,Y29tLmNhbmFyYWJhbmsubW9iaWxpdHk=,ignoreAppRotation
51670,Y29tLm5uYWNyZXMuYXBw,ignoreAppRotation
51671,Y29tLnJhaWx5YXRyaS5pbi5tb2JpbGU=,ignoreAppRotation
51672,YmhhcmF0LmJyb3dzZXI=,ignoreAppRotation
51673,aW4uY3JpY2tldGV4Y2hhbmdlLmFwcC5jcmlja2V0ZXhjaGFuZ2U=,ignoreAppRotation
51674,Y29tLmFwcC5jcmlja2V0YXBw,ignoreAppRotation
51675,Zml0LmN1cmUuYW5kcm9pZA==,ignoreAppRotation
51676,aW4uaW5kd2VhbHRo,ignoreAppRotation
51677,Y29tLmxhdHVhYmFuY2FwZXJhbmRyb2lk,ignoreAppRotation
51678,aXQucGFnb3BhLmlvLmFwcA==,ignoreAppRotation
51679,cG9zdGVpdGFsaWFuZS5wb3N0ZWFwcC5hcHBicG9s,ignoreAppRotation
51680,aXQud2luZC5teVdpbmQ=,ignoreAppRotation
51681,aXQudm9kYWZvbmUubXkxOTA=,ignoreAppRotation
51682,Y29tLnBvc3RlaXRhbGlhbmUuc3BpbQ==,ignoreAppRotation
51683,Y29tLnlvb3g=,ignoreAppRotation
51684,aXQuZW5lbA==,ignoreAppRotation
51685,aXQuYm5sLmFwcHMuYmFua2luZw==,ignoreAppRotation
51686,ZXUuc3BhZ2dpYXJpLmNsYXNzZXZpdmFmYW1pZ2xpYQ==,ignoreAppRotation
51687,aXQuZmFzdHdlYi5teWZhc3R3ZWI=,ignoreAppRotation
51688,aXQuZ3J1cHBvYnBlci5hbXMuYW5kcm9pZC5icGVy,ignoreAppRotation
51689,ZGUudGVsbG9ueW0uYXBw,ignoreAppRotation
51690,ZGUudHJhZGVyZXB1YmxpYy5hcHA=,ignoreAppRotation
51691,Y29tLmZhbnMubWFnZWxsYW4uYW5kcm9pZA==,ignoreAppRotation
51692,ZXUuc3BhZ2dpYXJpLmNsYXNzZXZpdmFzdHVkZW50ZQ==,ignoreAppRotation
51693,dWsuY28ubm92YXdhcmUudGVsZXBhc3MuYW5kcm9pZA==,ignoreAppRotation
51694,Y29tLnlvdW5ncGxhdGZvcm0ueW91bmc=,ignoreAppRotation
51695,Y29tLnNvZnR0b3dlbGdhbWVzLmN3cC5hbmRyb2lk,ignoreAppRotation
51696,aXQucmNzLmNvcnJpZXJl,ignoreAppRotation
51697,Y29tLmJlZXdlZWIuZmluZG9tZXN0aWM=,ignoreAppRotation
51698,Y29tLnNvZnRpc3NpbW8ucmV2ZXJzby5jb250ZXh0,ignoreAppRotation
51699,aXQuY2FpdGFsaWEuYXBwaHVi,ignoreAppRotation
51700,bmV0LmZyYW5jZXNjb2dhdHRvLnJlZGRpdG9kaWNpdHRhZGluYW56YQ==,ignoreAppRotation
51701,Y29tLnF1YWRyb25pY2EuZmFudGFjYWxjaW8=,ignoreAppRotation
51702,Y29tLmVuaS5lbmlnYXNlbHVjZQ==,ignoreAppRotation
51703,Y29tLmVkcmVhbXMudHJhdmVs,ignoreAppRotation
51704,aXQucGF5YmFjay5jbGllbnQuYW5kcm9pZA==,ignoreAppRotation
51705,Y29tLmZpZGV1cmFtLmFsZmFiZXRvYmFua2luZw==,ignoreAppRotation
51706,Y29tLmNhdGF3aWtpMg==,ignoreAppRotation
51707,Y29tLm1hcnN2YXJkLnN0aWNrZXJtYWtlcmZvcndoYXRzYXBw,ignoreAppRotation
51708,Y29tLnNtb3FnYW1lcy5wYWNrb3BlbjIy,ignoreAppRotation
51709,Y29tLmdyZWVuX3Bhc3M=,ignoreAppRotation
51710,aXQuaW5mb2NlcnQubXlpbmZvY2VydC5waG9lbml4,ignoreAppRotation
51711,bmV0LmVhc3lwYXJrLmFuZHJvaWQ=,ignoreAppRotation
51712,Y29tLnBob3Rvc2kuYW5kcm9pZC5wcmludHVw,ignoreAppRotation
51713,ZGUuYWJvdXR5b3UubW9iaWxlLmFwcA==,ignoreAppRotation
51714,Y29tLml0YWxpbm5vdmF0aW9uLmdyZWVuX3Bhc3M=,ignoreAppRotation
51715,Y29tLnBsYXl0b21pYw==,ignoreAppRotation
51716,ZXUucmVwbHkuY29yZGxlc3M=,ignoreAppRotation
51717,anAuY28ueWFob28uYW5kcm9pZC55anRvcA==,ignoreAppRotation
51718,anAubmF2ZXIubGluZW1hbmdhLmFuZHJvaWQ=,ignoreAppRotation
51719,anAuaGFtaXR2LmhhbWlhbmQx,ignoreAppRotation
51720,anAua2FrYW8ucGljY29tYQ==,ignoreAppRotation
51721,Y29tLmxpbmVjb3JwLkxHVE1UTQ==,ignoreAppRotation
51722,anAuY28uY3lnYW1lcy51bWFtdXN1bWU=,ignoreAppRotation
51723,anAuY28ubWl4aS5tb25zdGVyc3RyaWtl,ignoreAppRotation
51724,anAuZ3VuZ2hvLnBhZA==,ignoreAppRotation
51725,Y29tLmRlbmEuYTEyMDIwNTE5,ignoreAppRotation
51726,anAuem96by5hbmRyb2lkLnRvd24=,ignoreAppRotation
51727,anAuY28ueWFob28uYW5kcm9pZC5wYXlwYXlmbGVhbWFya2V0,ignoreAppRotation
51728,anAuY28ubWNkb25hbGRzLmFuZHJvaWQ=,ignoreAppRotation
51729,bmV0Lmdpb3Npcy5zaG9wcGluZy5qcA==,ignoreAppRotation
51730,anAuYXVvbmUud2FsbGV0,ignoreAppRotation
51731,anAucmFkaWtvLlBsYXllcg==,ignoreAppRotation
51732,anAuZXVyZS5hbmRyb2lkLnBhaXJz,ignoreAppRotation
51733,Y29tLmxpbmVjb3JwLkxHQkIy,ignoreAppRotation
51734,anAuY28uc2VqLmFwcA==,ignoreAppRotation
51735,Y29tLmxpbmVjb3JwLkxHUEtQSw==,ignoreAppRotation
51736,Y29tLnNzLmFuZHJvaWQuYXJ0aWNsZS50b3BidXp6dmlkZW8=,ignoreAppRotation
51737,anAua29uYW1pLnByb3NwaWE=,ignoreAppRotation
51738,YWlyLmpwLmNvLmZ1aml0di5mb2R2aWV3ZXI=,ignoreAppRotation
51739,Y29tLmRlbmEucG9rb3Rh,ignoreAppRotation
51740,Y29tLmtkZGkucGFzcy5sYXVuY2hlcg==,ignoreAppRotation
51741,anAuY28uZmFtaWx5LmZhbWlseW1hcnRfYXBw,ignoreAppRotation
51742,Z2FtZS5ncmFtcy5rYWk=,ignoreAppRotation
51743,anAuaG90cGVwcGVyLmFuZHJvaWQuYmVhdXR5LmhhaXI=,ignoreAppRotation
51744,Y29tLm50dGRvY29tby5hbmRyb2lkLmRwb2ludA==,ignoreAppRotation
51745,Y29tLnVuaXFsby5qYS5jYXRhbG9ndWU=,ignoreAppRotation
51746,anAud293bWEuYXBw,ignoreAppRotation
51747,Y29tLmV6b24uYW5kcm9pZC5zbWFydEVaT04=,ignoreAppRotation
51748,Y29tLmhhbmFza2NhcmQucm9jb21vLnBvdGFs,ignoreAppRotation
51749,Y29tLm5oLm1vYmlsZW5vdGk=,ignoreAppRotation
51750,Y29tLm1lcmNhZG9saWJyZQ==,ignoreAppRotation
51751,YnIuY29tLmdhYmJhLkNhaXhh,ignoreAppRotation
51752,YnIuY29tLmJiLmFuZHJvaWQ=,ignoreAppRotation
51753,Y29tLml0YXU=,ignoreAppRotation
51754,Y29tLnRheGlzOTk=,ignoreAppRotation
51755,Y29tLmJyYWRlc2Nv,ignoreAppRotation
51756,Y29tLmx1aXphbGFicy5tbGFwcA==,ignoreAppRotation
51757,Y29tLmIydy5hbWVyaWNhbmFz,ignoreAppRotation
51758,Y29tLnBpY3BheQ==,ignoreAppRotation
51759,YnIuY29tLnVvbC5wcy5teWFjY291bnQ=,ignoreAppRotation
51760,YnIuY29tLmxvamFzcmVubmVy,ignoreAppRotation
51761,YnIuY29tLnZpdm8=,ignoreAppRotation
51762,YnIuY29tLnNhbnRhbmRlci53YXk=,ignoreAppRotation
51763,aGFuZHMuYW5kcm9pZC53ZWJtb3RvcnM=,ignoreAppRotation
51764,Y29tLmZhY2lseQ==,ignoreAppRotation
51765,Y29tLmIyd2luYy5hbWVkaWdpdGFs,ignoreAppRotation
51766,Y29tLm1jZG8ubWNkb25hbGRz,ignoreAppRotation
51767,YnIuY29tLm5ldC5uZXRhcHA=,ignoreAppRotation
51768,YnIuY29tLnNpY29vYm5ldA==,ignoreAppRotation
51769,YnIuY29tLmJyYWRlc2NvLm5leHQ=,ignoreAppRotation
51770,YnIuY29tLnVvbC5iYXRlcGFwbw==,ignoreAppRotation
51771,YnIuY29tLmVhc3ludmVzdC5yZW5kYWZpeGE=,ignoreAppRotation
51772,Y29tLmlxb3B0aW9u,ignoreAppRotation
51773,Y29tLml0YXUucGVycw==,ignoreAppRotation
51774,Y29tLml0YXUuaXRp,ignoreAppRotation
51775,YnIuY29tLnJpY28ubW9iaWxl,ignoreAppRotation
51776,YnVyZ2Vya2luZy5jb20uYnIuYXBwYW5kcm9pZA==,ignoreAppRotation
51777,YnIuY29tLmhvdGVsdXJiYW5v,ignoreAppRotation
51778,YnIuY29tLmNlYS5hcHBiMmM=,ignoreAppRotation
51779,Y29tLml0YXUuZW1wcmVzYXM=,ignoreAppRotation
51780,Y29tLmdsb2JvLmcxLmFwcA==,ignoreAppRotation
51781,Y29tLnZvdG9yYW50aW0uYnZwZA==,ignoreAppRotation
51782,Y29tLmNvbXV0bw==,ignoreAppRotation
51783,Y29tLnNhbnRhbmRlcm1vdmVsZW1wcmVzYXJpYWwuYXBw,ignoreAppRotation
51784,YnIuY29tLnphcC5pbW92ZWlz,ignoreAppRotation
51785,Y29tLmIydy5zaG9wdGltZQ==,ignoreAppRotation
51786,Y29tLmNhcnRhb2x1aXphLmFwcA==,ignoreAppRotation
51787,Y29tLmdpZ2lnby5pcGlyYW5nYWNvbmVjdGNhcg==,ignoreAppRotation
51788,YnIuY29tLmNhcnJlZm91ci5jYXJ0YW9jYXJyZWZvdXI=,ignoreAppRotation
51789,YnIuY29tLmNvcnJlaW9zLnByZWF0ZW5kaW1lbnRv,ignoreAppRotation
51790,bW9iaS5tYW5nYXRvb24ubm92ZWwucG9ydHVndWVzZQ==,ignoreAppRotation
51791,Y29tLmExMjNtaWxoYXMuYXBw,ignoreAppRotation
51792,Y29tLmNyZWRpY2FyZC5hcHA=,ignoreAppRotation
51793,YWlyLmJyLmNvbS5hbGVsby5tb2JpbGUuYW5kcm9pZA==,ignoreAppRotation
51794,YnIuY29tLmVkZXBsb3kuZ29sLmNoZWNraW4uYWN0aXZpdGllcw==,ignoreAppRotation
51795,YnIuY29tLmludGVsYnJhcy5taWJvY2Ft,ignoreAppRotation
51796,YnIuY29tLmJlbGV6YW5hd2ViLmFuZHJvaWQ=,ignoreAppRotation
51797,YnIuY29tLmFtaWwuYmVuZWZpY2lhcmlvcw==,ignoreAppRotation
51798,Y29tLmxhdGFtLnhw,ignoreAppRotation
51799,YnIuY29tLnBldHo=,ignoreAppRotation
51800,Y29tLnpvb20uem9vbWFuZHJvaWQ=,ignoreAppRotation
51801,YnIuZ292LmNhaXhhLmxvdGVyaWFzLmFwb3N0YXM=,ignoreAppRotation
51802,Y29tLnZhbnVhdHUuYWlxZm9tZQ==,ignoreAppRotation
51803,Y29tLmFwcGxpY2F0aW9uLnpvbWF0bw==,ignoreAppRotation
51804,Y29tLm9sYWNhYnMuY3VzdG9tZXI=,ignoreAppRotation
51805,Y29tLnJpbC5hamlv,ignoreAppRotation
51806,Y29tLnR2LnYxOC52aW9sYQ==,ignoreAppRotation
51807,Y29tLm15YWlydGVsYXBw,ignoreAppRotation
51808,Y29tLmNzYW0uaWNpY2kuYmFuay5pbW9iaWxl,ignoreAppRotation
51809,Y3Jpcy5vcmcuaW4ucHJzLmltYQ==,ignoreAppRotation
51810,aW4ubW9oYWxsYS52aWRlbw==,ignoreAppRotation
51811,Y29tLmJ0LmJtcw==,ignoreAppRotation
51812,Y29tLmJpZ2Jhc2tldC5tb2JpbGVhcHA=,ignoreAppRotation
51813,Y29tLmNyaWNidXp6LmFuZHJvaWQ=,ignoreAppRotation
51814,Y29tLm1zZi5hbmdlbG1vYmlsZQ==,ignoreAppRotation
51815,Y29tLnR1bC50YXRhY2xpcQ==,ignoreAppRotation
51816,Y29tLmdyb2ZlcnMuY3VzdG9tZXJhcHA=,ignoreAppRotation
51817,Y29tLmdvaWJpYm8=,ignoreAppRotation
51818,Y29tLmNvaW5kY3guYnRj,ignoreAppRotation
51819,YWhhZmxpeC50dg==,ignoreAppRotation
51820,Y29tLnJhcGlkby5wYXNzZW5nZXI=,ignoreAppRotation
51821,Y29tLmV0ZXJuby5zaG9ydHZpZGVvcw==,ignoreAppRotation
51822,Y29tLmRpc2NvdmVyeXBsdXMubW9iaWxlLmFuZHJvaWQ=,ignoreAppRotation
51823,Y29tLnplcHRvY29uc3VtZXJhcHA=,ignoreAppRotation
51824,Y29tLmFyYW5vYWguaGVhbHRoa2FydC5wbHVz,ignoreAppRotation
51825,Y29tLm1pbmljbGlwLmNyaWNrZXRsZWFndWU=,ignoreAppRotation
51826,Y29tLnNuYXBkZWFsLm1haW4=,ignoreAppRotation
51827,Y29tLmxlbnNrYXJ0LmFwcA==,ignoreAppRotation
51828,Y29tLmZsaXBrYXJ0LnNob3BzeQ==,ignoreAppRotation
51829,Y29tLnBsYXRpbnVtcGxheWVyLndvcmQuYWRkaWN0,ignoreAppRotation
51830,Y29tLmdhbWUubWlzc2lvbmNyaXQ=,ignoreAppRotation
51831,Y29tLmthcmltY2FzdGFnbmluaS5jYXN0bGVzdG9ybQ==,ignoreAppRotation
51832,Y29tLnRyZWxsbw==,ignoreAppRotation
51833,Y29tLnBhbGxvLnBhc3Npb250aW1lcnNjb3BlZA==,ignoreAppRotation
51834,Y29tLmNvbnN0cnVjdG9yLmdhbWVz,ignoreAppRotation
51835,Y29tLmdhbWVzLmpvaW5ibG9ja3M=,ignoreAppRotation
51836,amlnc2F3LnB1enpsZS5mcmVlLmdhbWVz,ignoreAppRotation
51837,Y29tLnZveWFnZXJ4LnNjYW5uZXI=,ignoreAppRotation
51838,bmV0Lmdpb3Npcy5zaG9wcGluZy5zZw==,ignoreAppRotation
51839,Y29tLnVuY29zb2Z0LmhpZ2hoZWVscw==,ignoreAppRotation
51840,ZGUuZ214Lm1vYmlsZS5hbmRyb2lkLm1haWw=,ignoreAppRotation
51841,Y29tLkdhbWUuU3BvbmdlQXJ0,ignoreAppRotation
51842,Y29tLnNvbnkuc29uZ3BhbC5tZHI=,ignoreAppRotation
51843,aW8ub3BlbnNlYQ==,ignoreAppRotation
51844,dml2aW5vLndlYi5hcHA=,ignoreAppRotation
51845,Y29tLmlseW9uLnRpbGVz,ignoreAppRotation
51846,Y29tLndvcmRnYW1lLm5ld2Nyb3NzLmFuZHJvaWQuZW4=,ignoreAppRotation
51847,Y29tLnJ1YnlnYW1lcy5hc3Nhc3Npbg==,ignoreAppRotation
51848,Y29tLnNvbGl0YWlyZS5maXNoLmtsb25kaWtlLmNhcmQuYXF1YXJpdW0=,ignoreAppRotation
51849,Y29tLnRhcGFzdGlj,ignoreAppRotation
51850,Y29tLmRyb3Bkb20uYmxvY2twdXp6bGUuaHd3Z2FtZQ==,ignoreAppRotation
51851,Y29tLnhtLmNzZWU=,ignoreAppRotation
51852,Y29tLm1hcnNjb21wYW55Lm1tYQ==,ignoreAppRotation
51853,Y29tLnNlZXBsYXkuY2F0anVtcA==,ignoreAppRotation
51854,Y29tLm5pa2UucGx1c2dwcw==,ignoreAppRotation
51855,Y29tLnNvY2lhbC5tZWRpYS5wb3AuaA==,ignoreAppRotation
51856,Y29tLmR1Y2t5LmJpa2VoaWxsM2Q=,ignoreAppRotation
51857,Y29tLkNsYXNzdGluZw==,ignoreAppRotation
51858,Y29tLm1pYy5ibHVlem9uZQ==,ignoreAppRotation
51859,Y29tLmF3ZXNvbWVwaWVjZS5jYXN0bGU=,ignoreAppRotation
51860,Y29tLmxpZ2h0ZGV2LmhvcHBpbmdoZWFkcw==,ignoreAppRotation
51861,Y29tLmJ5Yml0LmFwcA==,ignoreAppRotation
51862,Y29tLm9wZW50YWJsZQ==,ignoreAppRotation
51863,Y29tLmdhcm1pbi5jb25uZWN0aXE=,ignoreAppRotation
51864,aW8udm9vZG9vLlRhbGU=,ignoreAppRotation
51865,Y29tLnJpc2V1cC5nYW1l,ignoreAppRotation
51866,Y29tLnNsaXBweS5saW5lcnVzaGVy,ignoreAppRotation
51867,Y29tLmtheWFjLmJhbGxfcnVu,ignoreAppRotation
51868,Y29tLnRvY2Fib2NhLnRvY2FoYWlyc2Fsb240,ignoreAppRotation
51869,Y29tLmNyYXp5bGFicy50aWUuZHllLmFydA==,ignoreAppRotation
51870,bXVzY2xlYm9vc3Rlci53b3Jrb3V0LmhvbWUuZ3ltLmFicy5sb3Nld2VpZ2h0,ignoreAppRotation
51871,Y29tLmdhbWUuc2hhcGUuc2hpZnQ=,ignoreAppRotation
51872,Y29tLmFtYW5vdGVzLnBhbWFkYW5jaW5ncm9hZA==,ignoreAppRotation
51873,Y29tLmtha2FvLnN0b3J5,ignoreAppRotation
51874,Y29tLmR1bmFtdS5leGNoYW5nZQ==,ignoreAppRotation
51875,a3IuY28uc2JzLnZpZGVvcGxheWVy,ignoreAppRotation
51876,Y29tLmtiY2FyZC5rYmtvb2ttaW5jYXJk,ignoreAppRotation
51878,Y29tLnNoaW5oYW5jYXJkLnNtYXJ0c2hpbmhhbg==,ignoreAppRotation
51879,Y29tLmJyYW5kaWNvcnAuYnJhbmRpMw==,ignoreAppRotation
51880,Y29tLmtha2FvcGF5LmFwcA==,ignoreAppRotation
51881,dGVhbURvcHBlbEdhbmdlci5TbWFydGVyU3Vid2F5,ignoreAppRotation
51882,Y29tLndyLmFscmlt,ignoreAppRotation
51883,Y29tLnViaXZlbG94LnV2b3Bob25l,ignoreAppRotation
51884,Y29tLnNtZy5zcGJz,ignoreAppRotation
51885,Y29tLmltYmMubWluaQ==,ignoreAppRotation
51886,a3IuY28uc3JhaWwubmV3YXBw,ignoreAppRotation
51887,bmguc21hcnQuY2FyZA==,ignoreAppRotation
51888,Y29tLnB1Yi5mbQ==,ignoreAppRotation
51889,a3IuY28ua2JzLmtvbmc=,ignoreAppRotation
51890,Y29tLmltY29tcGFueS5zY2hvb2wy,ignoreAppRotation
51891,Y29tLmFwcGdhdGUuZ29yZWFscmE=,ignoreAppRotation
51892,Y29tLmtic3Rhci5zdGFycHVzaA==,ignoreAppRotation
51893,Y29tLmxvdHRlbWFydC5zaG9wcGluZw==,ignoreAppRotation
51894,Y29tLmludGVycGFyay5zaG9w,ignoreAppRotation
51895,Y29tLnN1bmRheXRvei5tb2JpbGUuYW5pcGFuZzIuZ29vZ2xlLmtha2FvLnNlcnZpY2U=,ignoreAppRotation
51896,Y29tLmJ1enpuaS5hbmRyb2lkLnN1YmFwcC5zaG9wcGluZ21vYQ==,ignoreAppRotation
51897,aGFuZGFzb2Z0Lm1vYmlsZS5kaXZpbmF0aW9u,ignoreAppRotation
51898,Y29tLmNoYXJteS5jdXBpc3Q=,ignoreAppRotation
51899,Y29tLmtvbGx1cy5tZWRpYQ==,ignoreAppRotation
51900,d25pLldlYXRoZXJuZXdzVG91Y2guanA=,ignoreAppRotation
51901,anAuY28ucmFrdXRlbl9zZWMuaXNwZWVk,ignoreAppRotation
51902,anAuY28uc2hvZ2FrdWthbi5zdW5kYXlfd2Vicnk=,ignoreAppRotation
51903,Y29tLmJkLm5wcm9qZWN0,ignoreAppRotation
51904,anAuam10eS5hcHAy,ignoreAppRotation
51905,Y29tLm1hY2hpcG9wby5tZWRpYTE3,ignoreAppRotation
51906,anAuY28uc2h1ZWlzaGEubWFuZ2FtZWU=,ignoreAppRotation
51907,Y29tLmNva2UuY29rZW9u,ignoreAppRotation
51908,anAuY28ueWFob28uYW5kcm9pZC55Y2FsZW5kYXI=,ignoreAppRotation
51909,anAuY28uYzJpbmMuZGVlcHNsZWVwLnBva2VtZWRp,ignoreAppRotation
51910,anAuY28ucmVjcnVpdC5hbmRyb2lkLnN1dW1v,ignoreAppRotation
51911,anAuZ2xlZS5naXJs,ignoreAppRotation
51912,Y29tLmd1bm9zeS5hbmRyb2lk,ignoreAppRotation
51913,Y29tLmN5Z2FtZXMuY3ljb21p,ignoreAppRotation
51914,anAuY28ubWF0Y2hpbmdhZ2VudC5jb2NvdHN1cmU=,ignoreAppRotation
51915,Y29tLm5pYW50aWNsYWJzLnBpa21pbg==,ignoreAppRotation
51916,anAuY28ucmFrdXRlbi5wYXk=,ignoreAppRotation
51917,Y29tLmtha2FrdS50YWJlbG9n,ignoreAppRotation
51918,Y29tLnNxdWFyZV9lbml4LmFuZHJvaWRfZ29vZ2xlcGxheS5kcWtlc2hpa2VzaGlqcG4=,ignoreAppRotation
51919,Y29tLnNxdWFyZV9lbml4LmFuZHJvaWRfZ29vZ2xlcGxheS5kcXdhbGtq,ignoreAppRotation
51920,Y29tLkxldmVsNS5ZV1A=,ignoreAppRotation
51921,aXMud2l0aA==,ignoreAppRotation
51922,anAuY28ubGF3c29uLmFuZHJvaWQ=,ignoreAppRotation
51923,anAuY28uc2h1ZWlzaGEueW91bmdqdW1wLmFuZHJvaWQ=,ignoreAppRotation
51924,anAudG9reW9kaXNuZXlyZXNvcnQucG9ydGFsYXBw,ignoreAppRotation
51925,Y29tLmtkZGkuYW5kcm9pZC5uZXdzcGFzcw==,ignoreAppRotation
51926,Y29tLm50dGRvY29tby5hbmRyb2lkLm15ZG9jb21v,ignoreAppRotation
51927,Y29tLmtkZGkuYW5kcm9pZC5zbWFydHBhc3M=,ignoreAppRotation
51928,Y29tLm1pbGRvbS5hbmRyb2lk,ignoreAppRotation
51929,Y29tLm9zaGFyZW1ha2Vy,ignoreAppRotation
51930,Y29tLmJhbmRhaW5hbWNvZW50LmRibGVnZW5kc19qcA==,ignoreAppRotation
51931,anAua29uYW1pLnBhd2FwdXJvYXBw,ignoreAppRotation
51932,Y29tLm1vbmV5Zm9yd2FyZC5hbmRyb2lkLmFwcA==,ignoreAppRotation
51933,Y29tLm50dGRvY29tby5hbmRyb2lkLmRoZWFsdGhjYXJl,ignoreAppRotation
51934,Y29tLnlhbmRleC5icm93c2Vy,ignoreAppRotation
51935,cnUudGlua29mZi5pbnZlc3Rpbmc=,ignoreAppRotation
51936,cnUucm9zdGVs,ignoreAppRotation
51937,cnUuaW5zdGFtYXJ0,ignoreAppRotation
51938,cnUuZGV0bWlyLmRtYm9udXM=,ignoreAppRotation
51939,Y29tLmVkYWRlYWwuYW5kcm9pZA==,ignoreAppRotation
51940,cnUuY2FyZHNtb2JpbGUubXcz,ignoreAppRotation
51941,Y29tLnVtYS5tdXNpY3Zr,ignoreAppRotation
51942,cnUudmt1c3ZpbGw=,ignoreAppRotation
51943,cnUubWVnYWZvbi5tbGs=,ignoreAppRotation
51944,cnUuc3BvcnRtYXN0ZXIuYXBw,ignoreAppRotation
51945,cnUueWFuZGV4LmRpc2s=,ignoreAppRotation
51946,cnUuc3VubGlnaHQuc3VubGlnaHQ=,ignoreAppRotation
51947,cnUucGVyZWtyZXN0b2suYXBw,ignoreAppRotation
51948,cHlhdGVyb2Noa2EuYXBw,ignoreAppRotation
51949,Y29tLmljZW1vYmlsZS5sZW50YS5wcm9k,ignoreAppRotation
51950,cnUudGFuZGVyLm1hZ25pdA==,ignoreAppRotation
51951,Y29tLmthemFuZXhwcmVzcy5rZV9hcHA=,ignoreAppRotation
51952,cnUuZm5zLmxrZmw=,ignoreAppRotation
51953,cnUubGVyb3ltZXJsaW4ubW9iaWxl,ignoreAppRotation
51954,Y29tLmljcS5tb2JpbGUuY2xpZW50,ignoreAppRotation
51955,cnUuYXZpYXNhbGVz,ignoreAppRotation
51956,Z29sZGFwcGxlLnJ1LmdvbGRhcHBsZS5jdXN0b21lcnM=,ignoreAppRotation
51957,cnUuZHJvbS5wZGQuYW5kcm9pZC5hcHA=,ignoreAppRotation
51958,cnUuYmVlbGluZS5zZXJ2aWNlcw==,ignoreAppRotation
51959,cnUubGV0b2JhbmsuUHJvbWV0aGV1cw==,ignoreAppRotation
51960,cnUuYXB0ZWth,ignoreAppRotation
51961,cnUuZ2V0cGhhcm1hLmVhcHRla2E=,ignoreAppRotation
51962,cnUubGVudGEubGVudG9jaGth,ignoreAppRotation
51963,cnUuZG9kb3BpenphLmFwcA==,ignoreAppRotation
51964,cnUucmFpZmZlaXNlbm5ld3M=,ignoreAppRotation
51965,cnUuYWxmYWRpcmVjdC5hcHA=,ignoreAppRotation
51966,Y29tLmZpbmdlcmxhYi53b3JkLmJsb2NrcHV6emxlcw==,ignoreAppRotation
51967,bGltZWhkLnJ1LmN0dg==,ignoreAppRotation
51968,cnUud2ViaW5hci5tb2JpbGU=,ignoreAppRotation
51969,cnUubXRzLm1vbmV5,ignoreAppRotation
51970,cnUuZ2F6cHJvbWJhbmsuYW5kcm9pZC5tb2JpbGViYW5rLmFwcA==,ignoreAppRotation
51971,cnUuYWx0YXJpeC5tb3MucGd1,ignoreAppRotation
51972,Y29tLmNhcnNoZXJpbmc=,ignoreAppRotation
51973,cnUueDUucGVyZWtyZXN0b2suZGFya3N0b3Jl,ignoreAppRotation
51974,cnUuczcuYW5kcm9pZA==,ignoreAppRotation
51975,cnUubWFnbml0LmV4cHJlc3MuYW5kcm9pZA==,ignoreAppRotation
51976,cnUubGV0dQ==,ignoreAppRotation
51977,cnUuc2VyZWJyeWFrb3Zhcy5sdWtvaWxtb2JpbGVhcHA=,ignoreAppRotation
51978,cnUuc3RhcnQuYW5kcm9pZG1vYmlsZQ==,ignoreAppRotation
51979,Y29tLmVkdWNhdGlvbi5hbmRyb2lkLmguaW50ZWxsaWdlbmNl,ignoreAppRotation
51980,Y29tLmJpZy5iaWtlbGlmZQ==,ignoreAppRotation
51981,Y29tLmZ1bGxzZW5kZXJzLnNlbmRpdA==,ignoreAppRotation
51982,Y29tLnZvZ2dhbWVzLmFydG1hc3Rlcg==,ignoreAppRotation
51983,Y29tLnNrLmJhYnltYXRjaA==,ignoreAppRotation
51984,Y29tLkJhbmRpdEJlYXJzLlpvb21PdXQzRA==,ignoreAppRotation
51985,Y29tLmRldGVjdGl2ZS5tZA==,ignoreAppRotation
51986,Y29tLmNyZWRpdGthcm1hLm1vYmlsZQ==,ignoreAppRotation
51987,Y29tLmRkLmRvb3JkYXNo,ignoreAppRotation
51988,Y29tLmRvb3JkYXNoLmRyaXZlcmFwcA==,ignoreAppRotation
51989,Y29tLmhyYmxvY2suYmxvY2ttb2JpbGU=,ignoreAppRotation
51990,Y29tLmV4cGVyaWFuLmFuZHJvaWQ=,ignoreAppRotation
51991,Y29tLnVsdGE=,ignoreAppRotation
51992,Y29tLndpbGxpYW1oaWxsLnVzLm5qLnNwb3J0cw==,ignoreAppRotation
51993,bmV0d29yay54eW8uY29pbg==,ignoreAppRotation
51994,Y29tLmVzcG4uZmFudGFzeS5sbS5mb290YmFsbA==,ignoreAppRotation
51995,Y29tLnNhZmV3YXkuY2xpZW50LmFuZHJvaWQuc2FmZXdheQ==,ignoreAppRotation
51996,Y29tLmFhYXVkaS53b3JkbWFrZXI=,ignoreAppRotation
51997,Y28udGFwY2FydC5hcHAubnBRdDBEWFpwag==,ignoreAppRotation
51998,Y29tLnZpemlvLnZ1ZS5sYXVuY2hlcg==,ignoreAppRotation
51999,Y29tLm1laWplci5tb2JpbGUubWVpamVy,ignoreAppRotation
52000,Y29tLnp5bmdhLndvcmRz,ignoreAppRotation
52001,Y29tLmNvbWNhc3QuY3ZzLmFuZHJvaWQ=,ignoreAppRotation
52002,d29yZGNyb3NzLndvcmRzY2FwZXMud29yZGNvbm5lY3QubG90cy5mcmVl,ignoreAppRotation
52003,YWUuYWRtZWRpYS5BRE1DU3BvcnQ=,ignoreAppRotation
52004,YWUuZ292LmFkbm9j,ignoreAppRotation
52005,YXBwLmFsYW5zYXJp,ignoreAppRotation
52006,Y29tLmJpdG9hc2lz,ignoreAppRotation
52007,YWUuYnJhbmRzZm9ybGVzcy5hbmRyb2lk,ignoreAppRotation
52008,Y29tLm1lbmEuY3VzdG9tZXI=,ignoreAppRotation
52009,Y29tLmNhcmVlbS5hY21h,ignoreAppRotation
52010,Y29tLmNhcnMyNC51YWV1c2VkY2Fycw==,ignoreAppRotation
52011,Y29tLmNhcnRsb3cuYW5kcm9pZA==,ignoreAppRotation
52012,Y29tLnBheWJ5LmFuZHJvaWQuY2FzaG5vdw==,ignoreAppRotation
52013,Y29tLmNiZC5tb2JpbGU=,ignoreAppRotation
52015,bWFpbi5DbGljRmx5ZXI=,ignoreAppRotation
52016,Y29tLmlzLmNvcmUuYXBw,ignoreAppRotation
52017,YWUuZGFtYW5oZWFsdGguZGFtYW4=,ignoreAppRotation
52018,YWUuZ292LmRoYS5mbGFnc2hpcA==,ignoreAppRotation
52019,Y29tLmRpYi5hcHA=,ignoreAppRotation
52020,ZHVsZWFmLmR1YXBwLnNwbGFzaA==,ignoreAppRotation
52021,Y29tLmx1ZGFzaGkuZHVhbHNwYWNl,ignoreAppRotation
52022,Y29tLmR1YmFpcG9saWNlLmFwcA==,ignoreAppRotation
52023,Y29tLmRlZy5tZHViYWk=,ignoreAppRotation
52024,Y29tLmR1Yml6emxlLmhvcml6b250YWw=,ignoreAppRotation
52025,Y29tLmV4cG8yMDIwZHViYWkuYW5kcm9pZA==,ignoreAppRotation
52026,YWUuZmlyc3Rjcnkuc2hvcHBpbmcucGFyZW50aW5n,ignoreAppRotation
52027,YWUuaHNiYy5oc2JjdWFl,ignoreAppRotation
52028,Y29tLmlrZWEuYWxmdXR0YWltLnN0b3Jl,ignoreAppRotation
52029,b3JnLmdldGxhbnRlcm4ubGFudGVybg==,ignoreAppRotation
52030,Y29tLmxpZmVwaGFybWFjeS5hcHBsaWNhdGlvbg==,ignoreAppRotation
52031,Y29tLnN1cGVya2luZy5sdWRvLnN0YXI=,ignoreAppRotation
52032,Y29tLmFzd2F0LmNhcnJlZm91cnVhZQ==,ignoreAppRotation
52033,YWUuZXdpbmdzLm1haHpvb3o=,ignoreAppRotation
52034,Y29tLm1vZGFuaXNh,ignoreAppRotation
52035,Y29tLkV0aXNhbGF0LkVUSURB,ignoreAppRotation
52036,c2hvcC5uZXN0by5lY29tbWVyY2U=,ignoreAppRotation
52037,Y29tLm5vb24ubm93bm93,ignoreAppRotation
52038,Y29tLm9sb3Zwbi5hcHA=,ignoreAppRotation
52039,YWUucGF5YnkuYW5kcm9pZC5zYWxhZGlu,ignoreAppRotation
52040,YWUucHJvcGVydHlmaW5kZXIucHJvcGVydHlmaW5kZXI=,ignoreAppRotation
52041,Y29tLm1pcmVvLnJ0YXNtYXJ0ZHJpdmU=,ignoreAppRotation
52042,Y29tLmZhc3QuZnJlZS51bmJsb2NrLnNlY3VyZS52cG4=,ignoreAppRotation
52043,Y29tLnNlY3VyZXdlYg==,ignoreAppRotation
52044,YWUuZXRpc2FsYXQuc21pbGVz,ignoreAppRotation
52045,Y29tLmxpdmUuc291bGNoaWxs,ignoreAppRotation
52046,YWJ1ZGhhYmkudGFtbS5saXZl,ignoreAppRotation
52047,Y29tLnRoZWVudGVydGFpbmVybWUuZW50ZXJ0YWluZXI=,ignoreAppRotation
52048,Y29tLmNhcGl0YWwudHJhZGluZw==,ignoreAppRotation
52049,Y29tLmVjaGFubmVscy5tb2lzbWFydHNlcnZpY2Vz,ignoreAppRotation
52050,Y29tLnVjLmJyb3dzZXIuZW4=,ignoreAppRotation
52051,YXBwLnZhdmEudnBu,ignoreAppRotation
52052,Y29tLmtha2FvLnllbGxvd2lk,ignoreAppRotation
52053,Y29tLmVuY2FyLmVuY2FyTW9iaWxlQXBw,ignoreAppRotation
52054,Y29tLm5obi5hbmRyb2lkLm5hdmVyY2FmZQ==,ignoreAppRotation
52055,Y29tLm1hcnJpb3R0Lm1ydA==,ignoreAppRotation
52056,Y29tLnNzbS5hc2lhbmE=,ignoreAppRotation
52057,a3IuY28uYnVyZ2Vya2luZ2h5YnJpZA==,ignoreAppRotation
52058,Y29tLm5obi5hbmRyb2lkLnNlYXJjaA==,ignoreAppRotation
52077,Y29tLmRpYW5waW5nLnYx,ignoreAppRotation
52078,Y29tLnh1bm1lbmcucGluZHVvZHVv,ignoreAppRotation
52079,Y29tLmFjaGlldm8udmlwc2hvcA==,ignoreAppRotation
52087,Y29tLm1laXR1Lm1laXlhbmNhbWVyYQ==,ignoreAppRotation
52091,Y29tLm10Lm10eHgubXR4eA==,ignoreAppRotation
60000,bmV0Lndvb2dhLmp1bmVzX2pvdXJuZXlfaGlkZGVuX29iamVjdF9teXN0ZXJ5X2dhbWU=,allowMultiWindow
60001,bmV0Lmxvdm9vLmFuZHJvaWQ=,allowMultiWindow
60002,Y29tLmhuc21hbGw=,allowMultiWindow
60003,Y29tLmxvdHRlbWVtYmVycy5hbmRyb2lk,allowMultiWindow
60004,Y29tLnN0cmF2YQ==,allowMultiWindow
60005,Y29tLnN0YXJidWNrcy5tb2JpbGVjYXJk,allowMultiWindow
60006,b3JnLmlnZ3ltZWRpYS5wZXJpb2R0cmFja2Vy,allowMultiWindow
60007,Y29tLmt0Yi5jdXN0b21lci5xcg==,allowMultiWindow
60008,Y29tLlVDTW9iaWxlLmludGw=,allowMultiWindow
60009,Y29tLm91dGZpdDcudGFsa2luZ3RvbWdvbGRydW4=,allowMultiWindow
60010,Y29tLmFzcGlyby50aWRhbA==,allowMultiWindow
60011,Y29tLmxpbGl0aGdhbWUucm9jLmdw,allowMultiWindow
60012,Y29tLnNob3BpZnkuYXJyaXZl,allowMultiWindow
60013,Y29tLmxlbm92by5hbnlzaGFyZS5ncHM=,allowMultiWindow
60014,anAuZ29jcm8uc21hcnRuZXdzLmFuZHJvaWQ=,allowMultiWindow
60015,Y29tLmZ1c2lvbm1lZGlhLmludmVzdGluZw==,allowMultiWindow
60016,b3JnLnp3YW5vby5hbmRyb2lkLnNwZWVkdGVzdA==,allowMultiWindow
60017,Y29tLmZpdGJpdC5GaXRiaXRNb2JpbGU=,allowMultiWindow
60018,Y29tLmdvdG9rZWVwLmtlZXA=,allowMultiWindow
60019,Y29tLmN0Zy5pdHJkYy5jbG91ZGRlc2s=,allowMultiWindow
60020,Y29tLm5ldGVhc2UuY2xvdWRtdXNpYw==,allowMultiWindow
60021,Y29tLmFsY2lkYWUuc21hcnRob21l,allowMultiWindow
60022,Y29tLnN1bmJveHNvZnQuY2hhcmdlLmluc3RpdHV0ZQ==,allowMultiWindow
60023,Y29tLmxpdXBpbnRhbmcucG9ja2V0cnViYmluZw==,allowMultiWindow
60025,Y29tLmJpbm5pdQ==,allowMultiWindow
60026,Y29tLmludGVsY3VwaWQuc2hlc2F5,allowMultiWindow
60027,Y29tLnNpbm9zaWcua2hhcHA=,allowMultiWindow
60028,Y29tLmhhbndlYi5nYW5mdXRvbmc=,allowMultiWindow
70001,Y29tLmh1bHUucGx1cw==,flexPanelDefault
70002,aW4uc3RhcnR2LmhvdHN0YXI=,flexPanelDefault
70003,Y29tLnJva3UucmVtb3Rl,flexPanelDefault
70004,Y29tLnNvdW5kY2xvdWQuYW5kcm9pZA==,flexPanelDefault
70005,Y29tLmNpc2NvLnd4Mi5hbmRyb2lk,flexPanelDefault
70006,Y29tLnRlbmNlbnQud2VtZWV0LmFwcA==,flexPanelDefault
70008,Y24uY250dg==,flexPanelDefault,fold
70009,Y29tLmNtY2MuY212aWRlbw==,flexPanelDefault,fold
70010,Zm0ucWluZ3RpbmcuY3VzdG9taXplLnNhbXN1bmc=,flexPanelDefault,flip
70011,Y29tLmNjdHYueWFuZ3NoaXBpbi5hcHAuYW5kcm9pZHA=,flexPanelDefault,fold
70012,Y29tLmRhaWx5eW9nYS5jbg==,flexPanelDefault,fold
70013,Y29tLmdvdG9rZWVwLmtlZXA=,flexPanelDefault
70014,Y29tLnRlbmNlbnQubW9iaWxlcXE=,flexPanelDefault,flip
70015,Y29tLnpob25nZHVvbWVpLnJybWouc29jaWV0eQ==,flexPanelDefault,fold
70016,Y29tLnNzLmFuZHJvaWQuYXJ0aWNsZS5uZXdz,flexPanelDefault,fold
70017,Y29tLnNzLmFuZHJvaWQuYXJ0aWNsZS52aWRlbw==,flexPanelDefault,fold
70018,Y29tLnNzLmFuZHJvaWQuYXJ0aWNsZS5saXRl,flexPanelDefault,fold
70019,Y29tLnN1cC5hbmRyb2lkLnN1cGVyYg==,flexPanelDefault,fold
70020,Y24ueGlhb2NodWFua2VqaS50aWViYQ==,flexPanelDefault,fold
70021,Y29tLm5ldGVhc2UuY2xvdWRtdXNpYw==,flexPanelDefault,flip
70022,Y24ua3V3by5wbGF5ZXI=,flexPanelDefault,flip
70023,Y21jY3dtLm1vYmlsZW11c2lj,flexPanelDefault,flip
80000,Y29tLmNvbnRleHRsb2dpYy53aXNoIGNvbS5jb250ZXh0bG9naWMud2lzaC5hY3Rpdml0eS5icm93c2UuQnJvd3NlQWN0aXZpdHkgKg==,splitActivity
80001,Y29tLnp6a2tvIGNvbS56emtrby5idXNzaW5lc3MubG9naW4udWkuTWFpblRhYnNBY3Rpdml0eSAq,splitActivity
80002,Y29tLndlbWFrZXByaWNlIGNvbS53ZW1ha2VwcmljZS5NYWluVGFiQWN0aXZpdHkgKg==,splitActivity
80003,Y29tLm5obi5hbmRyb2lkLm5hdmVyY2FmZSBjb20ubmhuLmFuZHJvaWQubmF2ZXJjYWZlLmZlYXR1cmUuc2VjdGlvbi5Ib21lQWN0aXZpdHkgKg==,splitActivity
80004,Y29tLnRtb24gY29tLnRtb24ubWFpbi5NYWluQWN0aXZpdHkgKg==,splitActivity
80006,Y29tLndoYXRzYXBwLnc0YiBjb20ud2hhdHNhcHAuSG9tZUFjdGl2aXR5ICo=,splitActivity
80007,Y29tLmNvdXBhbmcubW9iaWxlIGNvbS5jb3VwYW5nLm1vYmlsZS5kb21haW4uaG9tZS5wcmVzZW50YXRpb24udmlldy5NYWluQWN0aXZpdHkgKg==,splitActivity
80008,anAubmF2ZXIubGluZS5hbmRyb2lkIGpwLm5hdmVyLmxpbmUuYW5kcm9pZC5hY3Rpdml0eS5tYWluLk1haW5BY3Rpdml0eSAq,splitActivity
80009,Y29tLnd1YmEgY29tLnd1YmEuaG9tZS5hY3Rpdml0eS5Ib21lQWN0aXZpdHkgKg==,splitActivity
80010,Y29tLmViYXkua3IuZ21hcmtldCBjb20uZWJheS5rci5nbWFya2V0LmVCYXlLb3JlYUdtYXJrZXRBY3Rpdml0eSAq,splitActivity
80011,Y29tLmViYXkua3IuYXVjdGlvbiBjb20uZWJheS5rci5hdWN0aW9uLmVCYXlLb3JlYUF1Y3Rpb25BY3Rpdml0eSAq,splitActivity
80012,Y29tLnNkcy5teXNpbmdsZXNxdWFyZSBjb20uc2RzLm15c2luZ2xlc3F1YXJlLm1haW4uYWN0aXZpdHkuTWFpbkFjdGl2aXR5ICo=,splitActivity
80013,Y29tLnNpbmEud2VpYm8gY29tLnNpbmEud2VpYm8uTWFpblRhYkFjdGl2aXR5ICo=,splitActivity
80014,Y29tLmFjaGlldm8udmlwc2hvcCBjb20uYWNoaWV2by52aXBzaG9wLmhvbWVwYWdlLmFjdGl2aXR5Lk1haW5BY3Rpdml0eSAq,splitActivity
80015,Y29tLnpoaWh1LmFuZHJvaWQgY29tLnpoaWh1LmFuZHJvaWQuYXBwLnVpLmFjdGl2aXR5Lk1haW5BY3Rpdml0eSAq,splitActivity
80019,Y29tLm5ldGVhc2UuZ2wgY29tLm5ldGVhc2UuZ2wudWkuYWN0aXZpdHkud2VsY29tZS5XZWxjb21lQWN0aXZpdHkgKg==,splitActivity
80020,Y29tLnNlY29vIGNvbS5zZWNvby5hcHAubXZwLnVpLmFjdGl2aXR5Lk1haW5BY3Rpdml0eSAq,splitActivity
80021,Y29tLnNzLmFuZHJvaWQuYXJ0aWNsZS5uZXdzIGNvbS5zcy5hbmRyb2lkLmFydGljbGUubmV3cy5hY3Rpdml0eS5NYWluQWN0aXZpdHkgKg==,splitActivity
80022,Y29tLm5ldGVhc2UubmV3c3JlYWRlci5hY3Rpdml0eSBjb20ubmV0ZWFzZS5uci5waG9uZS5tYWluLk1haW5BY3Rpdml0eSAq,splitActivity
80023,Y29tLmRyYWdvbi5yZWFkIGNvbS5kcmFnb24ucmVhZC5wYWdlcy5tYWluLk1haW5GcmFnbWVudEFjdGl2aXR5ICo=,splitActivity
80024,Y29tLmNoYW94aW5nLm1vYmlsZSBjb20uY2hhb3hpbmcubW9iaWxlLm1haW4udWkuTWFpblRhYkFjdGl2aXR5ICo=,splitActivity
80025,Y29tLnhzLmZtIGNvbS5kcmFnb24ucmVhZC5wYWdlcy5tYWluLk1haW5GcmFnbWVudEFjdGl2aXR5ICo=,splitActivity
80026,Y29tLnd1YmEgY29tLnd1YmEuaG91c2Vjb21tb24ubGlzdC5hY3Rpdml0eS5Ib3VzZUluZm9MaXN0RnJhZ21lbnRBY3Rpdml0eSAq,splitActivity
80029,Y29tLmRpYW5waW5nLnYxIGNvbS5kaWFucGluZy52MS5Ob3ZhTWFpbkFjdGl2aXR5ICo=,splitActivity
80030,Y29tLnRlbmNlbnQubmV3cyBjb20udGVuY2VudC5uZXdzLmFjdGl2aXR5LlNwbGFzaEFjdGl2aXR5ICo=,splitActivity
80031,Y29tLnd1YmEgY29tLnd1YmEuaG91c2Vjb21tb24uY2F0ZWdvcnkuYWN0aXZpdHkuSG91c2VDYXRlZ29yeUxpc3RGcmFnbWVudEFjdGl2aXR5ICo=,splitActivity
80032,Y29tLnh1bm1lbmcucGluZHVvZHVvIGNvbS54dW5tZW5nLnBpbmR1b2R1by51aS5hY3Rpdml0eS5Ib21lQWN0aXZpdHkgKg==,splitActivity
80033,Y29tLmZhbmxpLmFuZHJvaWQuZmFucyBjb20uZmFubGkuYW5kcm9pZC5tb2R1bGUubWFpbi5hY3Rpdml0eS5QYW5vTWFpbkFjdGl2aXR5ICo=,splitActivity
80034,Y29tLmFuanVrZS5hbmRyb2lkLmFwcCBjb20uYW5qdWtlLmFuZHJvaWQuYXBwLm1haW5tb2R1bGUuY29tbW9uLmFjdGl2aXR5Lk1haW5UYWJQYWdlQWN0aXZpdHkgKg==,splitActivity
80035,Y29tLmp6enMuUGFyZW50c0hlbHBlciBjb20uanp6cy5QYXJlbnRzSGVscGVyLk1haW5BY3Rpdml0eSAq,splitActivity
80036,Y29tLnRlbmNlbnQuYW5kcm9pZHFxbWFpbCBjb20udGVuY2VudC5xcW1haWwuZnJhZ21lbnQuYmFzZS5NYWlsRnJhZ21lbnRBY3Rpdml0eSAq,splitActivity
80037,Y29tLmRvdWJhbi5mcm9kbyBjb20uZG91YmFuLmZyb2RvLnNlYXJjaC5hY3Rpdml0eS5OZXdTZWFyY2hBY3Rpdml0eSAq,splitActivity
80038,Y29tLmRvdWJhbi5mcm9kbyBjb20uZG91YmFuLmZyb2RvLmdyb3VwLmFjdGl2aXR5Lkdyb3VwRGV0YWlsQWN0aXZpdHkgKg==,splitActivity
80039,Y29tLmRvdWJhbi5mcm9kbyBjb20uZG91YmFuLmZyb2RvLmFjdGl2aXR5LkJyb3dzaW5nSGlzdG9yeUFjdGl2aXR5ICo=,splitActivity
80040,Y29tLnd1YmEgY29tLnd1YmEuam9iLmFjdGl2aXR5LkpvYkNhdGVnb3J5RnJhZ21lbnRBY3Rpdml0eSAq,splitActivity
80041,Y29tLnd1YmEgY29tLnd1YmEucGFydHRpbWUucGFydHRpbWUuUGFydFRpbWVIb21lTmV3QWN0aXZpdHkgKg==,splitActivity
80042,Y29tLnd1YmEgY29tLnd1YmEuaHlicmlkLkNvbW1vbldlYkFjdGl2aXR5ICo=,splitActivity
80043,Y29tLnd1YmEgY29tLnd1YmEuY2FyLmFjdGl2aXR5LkNhckNhdGVnb3J5RnJhZ21lbnRBY3Rpdml0eSAq,splitActivity
80044,Y29tLnd1YmEgY29tLnd1YmEuaHVhbmd5ZS5jYXRlLkh1YW5nWWVKWkNhdGVnb3J5QWN0aXZpdHkgKg==,splitActivity
80045,Y29tLnd1YmEgY29tLnd1YmEuYW5qdWtlbGliLmhvbWUuTmV3SG91c2VIb21lQWN0aXZpdHkgKg==,splitActivity
80046,Y29tLnd1YmEgY29tLnd1YmEucm4uUk5BY3Rpdml0eSAq,splitActivity
80047,Y29tLnd1YmEgY29tLnd1YmEuYWN0aXZpdHkubW9yZS5Nb3JlTWFpbkFjdGl2aXR5ICo=,splitActivity
80048,Y29tLnh1bm1lbmcucGluZHVvZHVvIGNvbS54dW5tZW5nLnBpbmR1b2R1by5hY3Rpdml0eS5OZXdQYWdlQWN0aXZpdHkgKg==,splitActivity
80050,Y29tLmFjaGlldm8udmlwc2hvcCBjb20uYWNoaWV2by52aXBzaG9wLmhvbWVwYWdlLmFjdGl2aXR5Lk5ld01lbnVDaGFubmVsQWN0aXZpdHkgKg==,splitActivity
80051,Y29tLmFjaGlldm8udmlwc2hvcCBjb20uYWNoaWV2by52aXBzaG9wLnVzZXJjZW50ZXIuYWN0aXZpdHkuTXlDZW50ZXJBY3Rpdml0eSAq,splitActivity
80052,Y29tLmNvb2xhcGsubWFya2V0IGNvbS5jb29sYXBrLm1hcmtldC52aWV3LnVzZXJ2OS5Vc2VyU3BhY2VWOUFjdGl2aXR5ICo=,splitActivity
80053,Y29tLmNvb2xhcGsubWFya2V0IGNvbS5jb29sYXBrLm1hcmtldC52aWV3Lm5vZGUuRHluYW1pY05vZGVQYWdlQWN0aXZpdHkgKg==,splitActivity
80054,Y29tLmNvb2xhcGsubWFya2V0IGNvbS5jb29sYXBrLm1hcmtldC52aWV3LmJhc2UuU2ltcGxlQWxwaGFBY3Rpdml0eSAq,splitActivity
80055,Y29tLmNvb2xhcGsubWFya2V0IGNvbS5jb29sYXBrLm1hcmtldC52aWV3LnByb2R1Y3QuUHJvZHVjdENhdGVnb3J5TGlzdEFjdGl2aXR5ICo=,splitActivity
80056,Y29tLnpoaWh1LmFuZHJvaWQgY29tLnpoaWh1LmFuZHJvaWQuYXBwLnVpLmFjdGl2aXR5Lkhvc3RBY3Rpdml0eSAq,splitActivity
80057,Y29tLmFuanVrZS5hbmRyb2lkLmFwcCBjb20uYW5qdWtlLmFuZHJvaWQuYXBwLm5ld2hvdXNlLm5ld2hvdXNlLmJ1aWxkaW5nLmxpc3QuaG9tZXBhZ2UuQnVpbGRpbmdIb21lUGFnZUFjdGl2aXR5ICo=,splitActivity
80058,Y29tLmFuanVrZS5hbmRyb2lkLmFwcCBjb20uYW5qdWtlLmFuZHJvaWQuYXBwLnNlY29uZGhvdXNlLmRlY29yYXRpb24uaG9tZS5EZWNvcmF0aW9uSG9tZUFjdGl2aXR5ICo=,splitActivity
80059,Y29tLmFuanVrZS5hbmRyb2lkLmFwcCBjb20uYW5qdWtlLmFuZHJvaWQuYXBwLnNlY29uZGhvdXNlLmhvdXNlLmxpc3QuU2Vjb25kSG91c2VMaXN0VjJBY3Rpdml0eSAq,splitActivity
80060,Y29tLmFuanVrZS5hbmRyb2lkLmFwcCBjb20uYW5qdWtlLmFuZHJvaWQuYXBwLnNlY29uZGhvdXNlLnZhbHVhdGlvbi5ob21lLlByaWNlTWFpbkFjdGl2aXR5ICo=,splitActivity
80061,Y29tLmFuanVrZS5hbmRyb2lkLmFwcCBjb20uYW5qdWtlLmFuZHJvaWQuYXBwLmNvbW11bml0eS5saXN0LkZpbmRDb21tdW5pdHlBY3Rpdml0eSAq,splitActivity
80062,Y29tLmFuanVrZS5hbmRyb2lkLmFwcCBjb20uYW5qdWtlLmFuZHJvaWQuYXBwLnNlY29uZGhvdXNlLmxvb2tmb3IuZGVtYW5kLnJlc3VsdC5GaW5kSG91c2VSZXN1bHRBY3Rpdml0eSAq,splitActivity
80063,Y29tLmNoYW94aW5nLm1vYmlsZSBjb20uY2hhb3hpbmcubW9iaWxlLm5vdGlmeS51aS5Ob3RpY2VMaXN0QWN0aXZpdHkgKg==,splitActivity
80064,Y29tLmNoYW94aW5nLm1vYmlsZSBjb20uY2hhb3hpbmcubGlicmFyeS5hcHAuRnJhZ21lbnRDb250YWluZXJBY3Rpdml0eSAq,splitActivity
80065,Y29tLmNoYW94aW5nLm1vYmlsZSBjb20uY2hhb3hpbmcubW9iaWxlLndlYmFwcC51aS5XZWJBcHBWaWV3ZXJBY3Rpdml0eSAq,splitActivity
80066,Y29tLmNoYW94aW5nLm1vYmlsZSBjb20uY2hhb3hpbmcubW9iaWxlLndlYmFwcC51aS5XZWJBcHBDb21tb25WaWV3ZXIgKg==,splitActivity
80067,Y29tLmRyYWdvbi5yZWFkIGNvbS5kcmFnb24ucmVhZC5wYWdlcy53ZWJ2aWV3LldlYlZpZXdBY3Rpdml0eSAq,splitActivity
80068,Y29tLnRlbmNlbnQubmV3cyBjb20udGVuY2VudC5uZXdzLnVpLmZhdm9yaXRlLkhpc3RvcnlMaXN0QWN0aXZpdHkgKg==,splitActivity
80069,Y29tLnRlbmNlbnQubmV3cyBjb20udGVuY2VudC5uZXdzLndlYnZpZXcuQ3VzdG9tV2ViQnJvd3NlckZvckl0ZW1BY3Rpdml0eSAq,splitActivity
80070,Y29tLm5ldGVhc2UubmV3c3JlYWRlci5hY3Rpdml0eSBjb20ubmV0ZWFzZS5uZXdzcmVhZGVyLmNvbW1vbi5iYXNlLmFjdGl2aXR5LlNpbmdsZUZyYWdtZW50QWN0aXZpdHkgKg==,splitActivity
80071,Y29tLm5ldGVhc2UuZ2wgY29tLm5ldGVhc2UuZ2wudWkuYWN0aXZpdHkuVG9waWNEZXRhaWxBY3Rpdml0eSAq,splitActivity
80072,Y29tLnNlY29vIGNvbS5zZWNvby5hcHAubXZwLnVpLmFjdGl2aXR5LldlYlZpZXdBY3Rpdml0eSAq,splitActivity
80073,Y29tLnNlY29vIGNvbS5zZWNvby5zZWFyY2gubXZwLnVpLmFjdGl2aXR5LlN0b3JlQWN0aXZpdHkgKg==,splitActivity
80074,Y29tLnNlY29vIGNvbS5zZWNvby5taW5lLm12cC51aS5hY3Rpdml0eS5TZXR0aW5nQWN0aXZpdHkgKg==,splitActivity
80075,Y29tLmFjaGlldm8udmlwc2hvcCBjb20uYWNoaWV2by52aXBzaG9wLnNlYXJjaC5hY3Rpdml0eS5BdXRvVlByb2R1Y3RMaXN0QWN0aXZpdHkgKg==,splitActivity
80076,Y29tLnNzLmFuZHJvaWQuYXJ0aWNsZS5uZXdzIGNvbS5ieXRlZGFuY2UudWdjLnVnY2ZlZWQubXlhY3Rpb24uTXlBY3Rpb25BZ2dyQWN0aXZpdHkgKg==,splitActivity
80077,Y29tLnNzLmFuZHJvaWQuYXJ0aWNsZS5uZXdzIGNvbS5zcy5hbmRyb2lkLnRlbXBsYXRlLnBhZ2UuTWFpbkx5bnhBY3Rpdml0eSAq,splitActivity
80078,Y29tLnNtemRtLmNsaWVudC5hbmRyb2lkIGNvbS5zbXpkbS5jbGllbnQuYW5kcm9pZCAq,splitActivity
80079,Y29tLnNtemRtLmNsaWVudC5hbmRyb2lkIGNvbS5zbXpkbS5jbGllbnQuYW5kcm9pZC5hY3Rpdml0eS5SYW5raW5nTGlzdEFjdGl2aXR5ICo=,splitActivity
80080,Y29tLnNtemRtLmNsaWVudC5hbmRyb2lkIGNvbS5zbXpkbS5jbGllbnQuYW5kcm9pZC5tb2R1bGVzLmhhb3dlbi56aG9uZ2NlLlpob25nY2VIb21lQWN0aXZpdHkgKg==,splitActivity
80081,Y29tLnNtemRtLmNsaWVudC5hbmRyb2lkIGNvbS5zbXpkbS5jbGllbnQuYW5kcm9pZC5tb2R1bGVzLmhhb2ppYS5IYW9qaWFMaXN0QWN0aXZpdHkgKg==,splitActivity
80082,Y29tLnNtemRtLmNsaWVudC5hbmRyb2lkIGNvbS5zbXpkbS5jbGllbnQuYW5kcm9pZC5oeWJyaWQuSHlicmlkQWN0aXZpdHkgKg==,splitActivity
80083,Y29tLnNtemRtLmNsaWVudC5hbmRyb2lkIGNvbS5zbXpkbS5jbGllbnQuYW5kcm9pZC5tb2R1bGVzLnNvdXN1by5maWx0ZXIuRmlsdGVyQWN0aXZpdHkgKg==,splitActivity
80084,Y29tLnNtemRtLmNsaWVudC5hbmRyb2lkIGNvbS5zbXpkbS5jbGllbnQuYW5kcm9pZC5tb2R1bGVzLmd1YW56aHUuYWRkLkN1dHNSZW1pbmRKdW1wQWN0aXZpdHkgKg==,splitActivity
80085,Y29tLnNtemRtLmNsaWVudC5hbmRyb2lkIGNvbS5zbXpkbS5jbGllbnQuYW5kcm9pZC5tb2R1bGUuaGFvamlhLmJhaWNhaS5CYWljYWlBY3Rpdml0eSAq,splitActivity
80086,Y29tLnNtemRtLmNsaWVudC5hbmRyb2lkIGNvbS5zbXpkbS5jbGllbnQuYW5kcm9pZC5hY3Rpdml0eS5TZXR0aW5nc0FjdGl2aXR5ICo=,splitActivity
80087,Y29tLnNtemRtLmNsaWVudC5hbmRyb2lkIGNvbS5zbXpkbS5jbGllbnQuYW5kcm9pZC5tb2R1bGVzLmh1YXRpLkxhYlBhZ2VBY3Rpdml0eSAq,splitActivity
80088,Y29tLnNtemRtLmNsaWVudC5hbmRyb2lkIGNvbS5zbXpkbS5jbGllbnQuYW5kcm9pZC5tb2R1bGVzLmhhb2ppYS5sYW5tdS5MYW5tdUFjdGl2aXR5ICo=,splitActivity
80089,Y29tLnNtemRtLmNsaWVudC5hbmRyb2lkIGNvbS5zbXpkbS5jbGllbnQuYW5kcm9pZC5tb2R1bGVzLmFydGljbGUuVG9waWNTcXVhcmVBY3Rpdml0eSAq,splitActivity
80090,Y29tLnNpbmEud2VpYm8gY29tLnNpbmEud2VpYm8ucGFnZS5TdXBlclBhZ2VBY3Rpdml0eSAq,splitActivity
80091,Y29tLnNpbmEud2VpYm8gY29tLnNpbmEud2VpYm8ucGFnZS5TdXBlclBhZ2VBY3Rpdml0eSAq,splitActivity
80092,Y29tLnNpbmEud2VpYm8gY29tLnNpbmEud2VpYm8uTW9yZUl0ZW1zQWN0aXZpdHkgKg==,splitActivity
80093,Y29tLnNpbmEud2VpYm8gY29tLnNpbmEud2VpYm8ucGFnZS5OZXdDYXJkTGlzdEFjdGl2aXR5ICo=,splitActivity
80094,Y29tLnNpbmEud2VpYm8gY29tLnNpbmEud2VpYm8ud2JveHNkay5wYWdlLmFjdHMuV0JYUGFnZUFjdGl2aXR5ICo=,splitActivity
80095,Y29tLnNpbmEud2VpYm8gY29tLnNpbmEud2VpYm8uYnJvd3Nlci5XZWlib0Jyb3dzZXIgKg==,splitActivity
80098,Y29tLm5ldGVhc2UubmV3c3JlYWRlci5hY3Rpdml0eSBjb20ubmV0ZWFzZS5uZXdzcmVhZGVyLmFydGljbGUuZnJhbWV3b3JrLnZpZXcuTmV3c1BhZ2VBY3Rpdml0eSAq,splitActivity
80109,Y29tLnRlbmNlbnQuYW5kcm9pZHFxbWFpbCBjb20udGVuY2VudC5xcW1haWwuYWNjb3VudC5hY3Rpdml0eS5BY2NvdW50VHlwZUxpc3RBY3Rpdml0eSAq,splitActivity
80110,Y29tLmRpYW5waW5nLnYxIGNvbS5kaWFucGluZy5jaGFubmVsLmZvb2QuU2hvcExpc3RGb29kQWN0aXZpdHkgKg==,splitActivity
80111,Y29tLmRpYW5waW5nLnYxIGNvbS5kaWFucGluZy50dWFuLmFjdGl2aXR5LlBpY2Fzc29HQ0NoYW5uZWxIb21lQWN0aXZpdHkgKg==,splitActivity
80112,Y29tLmRpYW5waW5nLnYxIGNvbS5kaWFucGluZy5zZWFyY2hidXNpbmVzcy5zaGVsbC5TaG9wTGlzdEFjdGl2aXR5ICo=,splitActivity
80113,Y29tLmp6enMuUGFyZW50c0hlbHBlciBjb20uanp6cy5QYXJlbnRzSGVscGVyLnVpLnBvcnRhbC5hY3Rpdml0eS5Ib3ROZXdzQWN0aXZpdHkgKg==,splitActivity
80114,Y29tLmp6enMuUGFyZW50c0hlbHBlciBjb20uanp6cy5QYXJlbnRzSGVscGVyLnVpLnRvcGljLmFjdGl2aXR5LlRvcGljQWN0aXZpdHkgKg==,splitActivity
80115,Y29tLmp6enMuUGFyZW50c0hlbHBlciBjb20uanp6cy5QYXJlbnRzSGVscGVyLnVpLnNlYXJjaC5hY3Rpdml0eS5TZWFyY2hEZXRhaWxzQWN0aXZpdHkgKg==,splitActivity
80116,Y29tLnp6a2tvIGNvbS56emtrby5idXNzaW5lc3MubG9naW4udWkuTWFpblRhYnNBY3Rpdml0eSAq,splitActivity
80126,Y29tLnRhb2Jhby5tb3ZpZS5hbmRyb2lkIGNvbS50YW9iYW8ubW92aWUuYW5kcm9pZC5hcHAub3NjYXIudWkuZmlsbS5hY3Rpdml0eS5GaWxtVGFiQ29tbWVudEFjdGl2aXR5ICo=,splitActivity
80127,Y29tLnRhb2Jhby5tb3ZpZS5hbmRyb2lkIGNvbS50YW9iYW8ubW92aWUuYW5kcm9pZC5hcHAudWkuZmlsbWRldGFpbC5GaWxtRGV0YWlsQWN0aXZpdHkgKg==,splitActivity
80128,Y29tLmRpYW5waW5nLnYxIGNvbS5kaWFucGluZy52MS5Ob3ZhTWFpbkFjdGl2aXR5ICo=,splitActivity
80129,Y29tLmRpYW5waW5nLnYxIGNvbS5kaWFucGluZy5ub3ZhLnBpY2Fzc28uRFBQaWNhc3NvQm94QWN0aXZpdHkgKg==,splitActivity
80130,Y29tLmRpYW5waW5nLnYxIGNvbS5kaWFucGluZy5nY21ybi5zc3IuR0NNUk5TU1JBY3Rpdml0eSAq,splitActivity
80131,Y29tLmRpYW5waW5nLnYxIGNvbS5kaWFucGluZy5zZWFyY2hidXNpbmVzcy5zaGVsbC5TaG9wTGlzdEFjdGl2aXR5ICo=,splitActivity
80132,Y29tLmRpYW5waW5nLnYxIGNvbS5kaWFucGluZy5tb3ZpZS50cmFkZS5ob21lLk1vdmllTWFpbkFjdGl2aXR5ICo=,splitActivity
80133,Y29tLmRpYW5waW5nLnYxIGNvbS5zYW5rdWFpLndhaW1haS5idXNpbmVzcy5wYWdlLmhvbWVwYWdlLlRha2VvdXRBY3Rpdml0eSAq,splitActivity
80134,Y29tLmRpYW5waW5nLnYxIGNvbS5kaWFucGluZy5nY21ybi5zc3IuR0NNUk5TU1JBY3Rpdml0eSAq,splitActivity
80135,Y29tLmRpYW5waW5nLnYxIGNvbS5kaWFucGluZy5zZWFyY2hidXNpbmVzcy5zaGVsbC5TaG9wTGlzdEFjdGl2aXR5ICo=,splitActivity
80136,Y29tLmRpYW5waW5nLnYxIGNvbS5kaWFucGluZy5iYXNlLndlYi51aS5Ob3ZhVGl0YW5zQWN0aXZpdHkgKg==,splitActivity
80137,Y29tLmRpYW5waW5nLnYxIGNvbS5kaWFucGluZy50dWFuLmFjdGl2aXR5LlBpY2Fzc29HQ0NoYW5uZWxIb21lQWN0aXZpdHkgKg==,splitActivity
80138,Y29tLmRpYW5waW5nLnYxIGNvbS5kaWFucGluZy52MSBjb20ubWVpdHVhbi5tbXAubGliLkhlcmFBY3Rpdml0eSAq,splitActivity
80139,Y29tLmRpYW5waW5nLnYxIGNvbS5kaWFucGluZy50dWFuLmFjdGl2aXR5LlBpY2Fzc29Nb2R1bGVzQWN0aXZpdHkgKg==,splitActivity
80142,Y29tLm5ldGVhc2UuZ2wgY29tLm5ldGVhc2UuZ2wudWkuYWN0aXZpdHkuVG9waWNEZXRhaWxBY3Rpdml0eSAq,splitActivity
80143,Y29tLmFjaGlldm8udmlwc2hvcCBjb20uYWNoaWV2by52aXBzaG9wLnNlYXJjaC5hY3Rpdml0eS5UYWJTZWFyY2hQcm9kdWN0TGlzdEFjdGl2aXR5ICo=,splitActivity
80144,Y29tLmFjaGlldm8udmlwc2hvcCBjb20uYWNoaWV2by52aXBzaG9wLmNvbW1vbnMubG9naWMuYmFzZXZpZXcuTmV3U3BlY2lhbEFjdGl2aXR5ICo=,splitActivity
80145,Y29tLmFjaGlldm8udmlwc2hvcCBjb20uYWNoaWV2by52aXBzaG9wLnByb2R1Y3RkZXRhaWwuYWN0aXZpdHkuUHJvZHVjdERldGFpbEFjdGl2aXR5ICo=,splitActivity
80146,Y29tLnpoaWh1LmFuZHJvaWQgY29tLnpoaWh1LmFuZHJvaWQuYXBwLlNlYXJjaEFjdGl2aXR5ICo=,splitActivity
80147,Y29tLmFuanVrZS5hbmRyb2lkLmFwcCBjb20ud3ViYS5ob3VzZWNvbW1vbi5saXN0LmFjdGl2aXR5LkhvdXNlSW5mb0xpc3RGcmFnbWVudEFjdGl2aXR5ICo=,splitActivity
80148,Y29tLmFuanVrZS5hbmRyb2lkLmFwcCBjb20uYW5qdWtlLmFuZHJvaWQuYXBwLmNvbnRlbnRtb2R1bGUubWFpbmNvbnRlbnQuc2VhcmNoLkNvbnRlbnRTZWFyY2hBY3Rpdml0eSAq,splitActivity
80149,Y29tLnd1YmEgY29tLnd1YmEudHJhZGVsaW5lLnNlYXJjaC5OYXRpdmVTZWFyY2hSZXN1bHRBY3Rpdml0eSAq,splitActivity
80150,Y29tLnRlbmNlbnQubmV3cyBjb20udGVuY2VudC5uZXdzLmhpcHB5LnVpLkhpcHB5QWN0aXZpdHkgKg==,splitActivity
80151,Y29tLmRyYWdvbi5yZWFkIGNvbS5kcmFnb24ucmVhZC5wYWdlcy5zZWFyY2guU2VhcmNoQWN0aXZpdHkgKg==,splitActivity
80152,Y29tLnhzLmZtIGNvbS54cy5mbSBjb20uZHJhZ29uLnJlYWQucGFnZXMuc2VhcmNoLlNlYXJjaEFjdGl2aXR5ICo=,splitActivity
80153,Y29tLmNvb2xhcGsubWFya2V0IGNvbS5jb29sYXBrLm1hcmtldC52aWV3LnNlYXJjaC5TdXBlclNlYXJjaEFjdGl2aXR5ICo=,splitActivity
80154,Y29tLmNvb2xhcGsubWFya2V0IGNvbS5jb29sYXBrLm1hcmtldC52aWV3LnNlYXJjaC5TdXBlclNlYXJjaFJlc3VsdEFjdGl2aXR5ICo=,splitActivity
80157,Y29tLm5ldGVhc2UuZ2wgY29tLm5ldGVhc2UuZ2wudWkuYWN0aXZpdHkuVG9waWNEZXRhaWxBY3Rpdml0eSAq,splitActivity
80158,Y29tLmFjaGlldm8udmlwc2hvcCBjb20uYWNoaWV2by52aXBzaG9wLnNlYXJjaC5hY3Rpdml0eS5BdXRvVlByb2R1Y3RMaXN0QWN0aXZpdHkgICo=,splitActivity
80174,Y29tLnd1ZGFva291LmhpcHBvIGNvbS53dWRhb2tvdS5oaXBwby5sYXVuY2hlci5zcGxhc2guU3BsYXNoQWN0aXZpdHkgKg==,splitActivity
80175,Y29tLnd1ZGFva291LmhpcHBvIGNvbS53dWRhb2tvdS5oaXBwby5jYXRlZ29yeS5DYXRlZ29yeUluZm9BY3Rpdml0eSAq,splitActivity
80176,Y29tLnd1ZGFva291LmhpcHBvIGNvbS53dWRhb2tvdS5oaXBwby5oeWJyaWQud2Vidmlldy5ITVdlYlZpZXdBY3Rpdml0eSAq,splitActivity
80177,Y29tLnd1ZGFva291LmhpcHBvIGNvbS53dWRhb2tvdS5oaXBwby5kZXRhaWwudWx0cm9uLkRldGFpbFVsdHJvbkFjdGl2aXR5ICo=,splitActivity
80178,Y29tLnd1ZGFva291LmhpcHBvIGNvbS53dWRhb2tvdS5oaXBwby5mbHV0dGVyLm5hdmlnYXRpb24uV2ViTmF2aWdhdGlvbkFjdGl2aXR5ICo=,splitActivity
80179,Y29tLnd1ZGFva291LmhpcHBvIGNvbS53dWRhb2tvdS5oaXBwby51Z2MuYm93bC5TdXBlckJvd2xBY3Rpdml0eSAq,splitActivity
80180,Y29tLnd1ZGFva291LmhpcHBvIGNvbS53dWRhb2tvdS5oaXBwby5jYXJ0LmNvbnRhaW5lci5DYXJ0TWFpbkFjdGl2aXR5ICo=,splitActivity
80181,Y29tLnd1ZGFva291LmhpcHBvIGNvbS53dWRhb2tvdS5oaXBwby5taW5lLk1pbmVQYWdlQWN0aXZpdHkgKg==,splitActivity
80182,Y29tLnd1ZGFva291LmhpcHBvIGNvbS53dWRhb2tvdS5oaXBwby5taW5lLlNldHRpbmdBY3Rpdml0eSAq,splitActivity
80183,Y29tLnd1ZGFva291LmhpcHBvIGNvbS53dWRhb2tvdS5oaXBwby5vcmRlci5NeU9yZGVyQWN0aXZpdHkgKg==,splitActivity
80187,Y29tLnNzLmFuZHJvaWQuYXJ0aWNsZS5saXRlIGNvbS5zcy5hbmRyb2lkLmFydGljbGUubGl0ZS5hY3Rpdml0eS5TcGxhc2hBY3Rpdml0eSAq,splitActivity
80188,Y29tLndlaWNvLmludGVybmF0aW9uYWwgY29tLndlaWNvLmludGVybmF0aW9uYWwuYWN0aXZpdHkuTWFpbkZyYWdtZW50QWN0aXZpdHkgKg==,splitActivity
80189,Y29tLndlaWNvLmludGVybmF0aW9uYWwgY29tLndlaWNvLmludGVybmF0aW9uYWwudWkuc2VhcmNoLlNlYXJjaEFjdGl2aXR5ICo=,splitActivity
80190,Y29tLndlaWNvLmludGVybmF0aW9uYWwgY29tLndlaWNvLmludGVybmF0aW9uYWwudWkuc2V0dGluZy5TZXR0aW5nQ29tcG9zZUFjdGl2aXR5ICo=,splitActivity
80196,Y29tLmFsaWJhYmEuYW5kcm9pZC5yaW1ldCBjb20uYWxpYmFiYS5hbmRyb2lkLnJpbWV0LmJpei5MYXVuY2hIb21lQWN0aXZpdHkgKg==,splitActivity
80197,Y29tLmFsaWJhYmEuYW5kcm9pZC5yaW1ldCBjb20uYWxpYmFiYS5hbmRyb2lkLnNlYXJjaC5hY3Rpdml0eS5HbG9iYWxTZWFyY2hBY3Rpdml0eSAq,splitActivity
80198,Y29tLmFsaWJhYmEuYW5kcm9pZC5yaW1ldCBjb20uYWxpYmFiYS5hbmRyb2lkLnRlbGVjb25mLmFjdGl2aXRpZXMuVGVsZUNvbmZIb21lVjJBY3Rpdml0eSAq,splitActivity
80199,Y29tLmFsaWJhYmEuYW5kcm9pZC5yaW1ldCBjb20uYWxpYmFiYS5hbmRyb2lkLmNhbGVuZGFyLmFjdGl2aXR5Lk5ld1NjaGVkdWxlTGlzdEFjdGl2aXR5ICo=,splitActivity
80200,Y29tLmFsaWJhYmEuYW5kcm9pZC5yaW1ldCBjb20uYWxpYmFiYS5saWdodGFwcC5ydW50aW1lLmFyaXZlci5UaGVPbmVBY3Rpdml0eU1haW5UYXNrICo=,splitActivity
80201,Y29tLmFsaWJhYmEuYW5kcm9pZC5yaW1ldCBjb20uYWxpYmFiYS5saWdodGFwcC5ydW50aW1lLmFyaXZlci5UaGVPbmVBY3Rpdml0eU1haW5UYXNrU3dpcGUgKg==,splitActivity
80202,Y29tLmFsaWJhYmEuYW5kcm9pZC5yaW1ldCBjb20uYWxpYmFiYS5hbGltZWkubWFpbC5hY3Rpdml0eS5NdWx0aU1haWxMaXN0QWN0aXZpdHkgKg==,splitActivity
80203,Y29tLmFsaWJhYmEuYW5kcm9pZC5yaW1ldCBjb20uYWxpYmFiYS5saWdodGFwcC5ydW50aW1lLmFjdGl2aXR5LkNvbW1vbldlYlZpZXdBY3Rpdml0eVN3aXBlICo=,splitActivity
80204,Y29tLmFsaWJhYmEuYW5kcm9pZC5yaW1ldCBjb20uYWxpYmFiYS5hbmRyb2lkLnVzZXIuY29udGFjdC5hY3Rpdml0aWVzLkFkZEZyaWVuZEFjdGl2aXR5ICo=,splitActivity
80205,Y29tLmFsaWJhYmEuYW5kcm9pZC5yaW1ldCBjb20uYWxpYmFiYS5hbmRyb2lkLnVzZXIucHJvZmlsZS5uYW1lY2FyZC52NC5Vc2VyQnVzaW5lc3NQcm9maWxlQWN0aXZpdHlWNCAq,splitActivity
80206,Y29tLmFsaWJhYmEuYW5kcm9pZC5yaW1ldCBjb20uYWxpYmFiYS5hbmRyb2lkLmRpbmd0YWxrLmNpcmNsZS5wcm9mZXNzaW9uLnVzZXJob21lLlByb2Zlc3Npb25DaXJjbGVVR0NIb21lQWN0aXZpdHkgKg==,splitActivity
80207,Y29tLmFsaWJhYmEuYW5kcm9pZC5yaW1ldCBjb20uYWxpYmFiYS5hbmRyb2lkLmRpbmd0YWxrLmNpcmNsZS5wcm9mZXNzaW9uLlByb2Zlc3Npb25DaXJjbGVBY3Rpdml0eSAq,splitActivity
80208,Y29tLmFsaWJhYmEuYW5kcm9pZC5yaW1ldCBjb20uYWxpYmFiYS5hbmRyb2lkLmRpbmd0YWxrLndhbGxldC5ob21lLldhbGxldEFjdGl2aXR5VjIgKg==,splitActivity
80209,Y29tLmFsaWJhYmEuYW5kcm9pZC5yaW1ldCBjb20uYWxpYmFiYS5saWdodGFwcC5ydW50aW1lLmFjdGl2aXR5LkNvbW1vbldlYlZpZXdBY3Rpdml0eVN3aXBlICo=,splitActivity
80210,Y29tLmFsaWJhYmEuYW5kcm9pZC5yaW1ldCBjb20uYWxpYmFiYS5saWdodGFwcC5ydW50aW1lLmFyaXZlci5UaGVPbmVBY3Rpdml0eU1haW5UYXNrU3dpcGUgKg==,splitActivity
80211,Y29tLmFsaWJhYmEuYW5kcm9pZC5yaW1ldCBjb20uYWxpYmFiYS5hbmRyb2lkLnVzZXIuc2V0dGluZ3MuYWN0aXZpdHkuVXNlclNldHRpbmdzQWN0aXZpdHkgKg==,splitActivity
80212,Y29tLmJpbGliaWxpLmNvbWljIGNvbS5iaWxpYmlsaS5jb21pYy5ob21lLnZpZXcuRmx1dHRlck1haW5BY3Rpdml0eSAq,splitActivity
80213,Y29tLmJpbGliaWxpLmNvbWljIGNvbS5iaWxpYmlsaS5tYWxsLnNkay5NYWxsV2ViRnJhZ21lbnRMb2FkZXJBY3Rpdml0eSAq,splitActivity
80214,Y29tLnF6b25lIGNvbS5xem9uZXguYXBwLnRhYi5RWm9uZVRhYkFjdGl2aXR5ICo=,splitActivity
80216,Y29tLmppbmdkb25nLnBkaiBwZGoubWFpbi5NYWluQWN0aXZpdHkgKg==,splitActivity
80217,Y24uY2oucGUgY24uY2oucGUuYWN0aXZpdHkuTWVzc2FnZUxpc3QgKg==,splitActivity
80218,Y29tLmljYmMgY29tLmljYmMuYWN0aXZpdHkubWFpbi5NYWluQWN0aXZpdHkgKg==,splitActivity
80219,Y29tLnNpbm92YXRlY2gudW5pY29tLnVpIGNvbS5zaW5vdmF0ZWNoLnVuaWNvbS5iYXNpYy51aS5hY3Rpdml0eS5NYWluQWN0aXZpdHkgKg==,splitActivity
80220,Y29tLmt1YWlzaG91Lm5lYnVsYSBjb20ueXhjb3JwLmdpZnNob3cuSG9tZUFjdGl2aXR5ICo=,splitActivity
80221,Y29tLnhpYWNodWZhbmcgY29tLnhpYWNodWZhbmcuYWN0aXZpdHkuaG9tZS5Ib21lQWN0aXZpdHkgKg==,splitActivity
100000,Y29tLnNhbGFiLmlzc3VldHJhY2tlcg==,allowNoWaitRotationFor_4_1
100001,Y29tLndoYXRzYXBwLnc0Yg==,allowNoWaitRotationFor_4_1
100002,Y29tLmViYXkubW9iaWxl,allowNoWaitRotationFor_4_1
100003,Y29tLmFkb2JlLnJlYWRlcg==,allowNoWaitRotationFor_4_1
100004,Y29tLmdvb2dsZS5hbmRyb2lkLmFwcHMudHJhbnNsYXRl,allowNoWaitRotationFor_4_1
100005,anAubmF2ZXIubGluZS5hbmRyb2lk,allowNoWaitRotationFor_4_1
100006,Y29tLmdvb2dsZS5hbmRyb2lkLmFwcHMubWVldGluZ3M=,allowNoWaitRotationFor_4_1
100007,Y29tLnZpYmVyLnZvaXA=,allowNoWaitRotationFor_4_1
100008,Y29tLm1pY3Jvc29mdC5vZmZpY2Uub2ZmaWNlaHVicm93,allowNoWaitRotationFor_4_1
100009,Y29tLmRpc2NvcmQ=,allowNoWaitRotationFor_4_1
100010,Y29tLmtpbmcuY2FuZHljcnVzaHNhZ2E=,allowNoWaitRotationFor_4_1
100011,b3JnLnRob3VnaHRjcmltZS5zZWN1cmVzbXM=,allowNoWaitRotationFor_4_1
100012,Y29tLm14dGVjaC52aWRlb3BsYXllci5hZA==,allowNoWaitRotationFor_4_1
100013,Y29tLndhemU=,allowNoWaitRotationFor_4_1
100014,bmV0LnN1cGVydHJlYXQuc29saXRhaXJl,allowNoWaitRotationFor_4_1
100015,Y29tLmluZGVlZC5hbmRyb2lkLmpvYnNlYXJjaA==,allowNoWaitRotationFor_4_1
100016,Y29tLmdvb2dsZS5hbmRyb2lkLmNhbGVuZGFy,allowNoWaitRotationFor_4_1
100017,Y29tLnlhaG9vLm1vYmlsZS5jbGllbnQuYW5kcm9pZC5tYWls,allowNoWaitRotationFor_4_1
100018,Y29tLnNreXBlLnJhaWRlcg==,allowNoWaitRotationFor_4_1
100019,Y29tLmtpbmcuY2FuZHljcnVzaHNvZGFzYWdh,allowNoWaitRotationFor_4_1
100020,anAuZ29jcm8uc21hcnRuZXdzLmFuZHJvaWQ=,allowNoWaitRotationFor_4_1
100021,Y29tLm5obi5hbmRyb2lkLmJhbmQ=,allowNoWaitRotationFor_4_1
100022,b3JnLm1vemlsbGEuZmlyZWZveA==,allowNoWaitRotationFor_4_1
100023,Y29tLmJtaS53YWxscGFwZXJz,allowNoWaitRotationFor_4_1
100024,Y29tLmdvb2dsZS5hbmRyb2lkLnRhbGs=,allowNoWaitRotationFor_4_1
100025,Y29tLnNvdW5kY2xvdWQuYW5kcm9pZA==,allowNoWaitRotationFor_4_1
100026,Y29tLmdvb2dsZS5hbmRyb2lkLnBsYXkuZ2FtZXM=,allowNoWaitRotationFor_4_1
100027,c2F2ZS5naXJsLnNhdmV0aGVnaXJs,allowNoWaitRotationFor_4_1
100028,Y29tLmdvb2dsZS5hbmRyb2lkLmFwcHMuYm9va3M=,allowNoWaitRotationFor_4_1
100029,Y29tLmdvb2dsZS5hbmRyb2lkLmFwcHMubWVzc2FnaW5n,allowNoWaitRotationFor_4_1
100030,Y29tLmdvb2dsZS5hbmRyb2lkLmFwcHMuZG9jcy5lZGl0b3JzLnNoZWV0cw==,allowNoWaitRotationFor_4_1
100031,a2lrLmFuZHJvaWQ=,allowNoWaitRotationFor_4_1
100032,Y29tLmdvb2dsZS5hbmRyb2lkLmFwcHMuZG9jcy5lZGl0b3JzLmRvY3M=,allowNoWaitRotationFor_4_1
100033,b3JnLnZpZGVvbGFuLnZsYw==,allowNoWaitRotationFor_4_1
100034,Y29tLnNoYXphbS5hbmRyb2lk,allowNoWaitRotationFor_4_1
100035,Y29tLm1pY3Jvc29mdC5lbW14,allowNoWaitRotationFor_4_1
100036,Y29tLmJldHRlcmZvcnNvbC5zb2xpdGFpcmUuY2FyZC5nYW1lcy5mcmVl,allowNoWaitRotationFor_4_1
100037,anAubmUuaWJpcy5pYmlzcGFpbnR4LmFwcA==,allowNoWaitRotationFor_4_1
100038,Y29tLmtpbmcuZmFybWhlcm9lc3NhZ2E=,allowNoWaitRotationFor_4_1
100039,Y29tLnNpcm1hLm1vYmlsZS5iaWJsZS5hbmRyb2lk,allowNoWaitRotationFor_4_1
100040,Y29tLm9wZXJhLmJyb3dzZXI=,allowNoWaitRotationFor_4_1
100041,Y29tLmR1Y2tkdWNrZ28ubW9iaWxlLmFuZHJvaWQ=,allowNoWaitRotationFor_4_1
100042,Y29tLmdvb2dsZS5hbmRyb2lkLmtlZXA=,allowNoWaitRotationFor_4_1
100043,Y29tLmNsdWJob3VzZS5hcHA=,allowNoWaitRotationFor_4_1
100044,Y29tLnZrb250YWt0ZS5hbmRyb2lk,allowNoWaitRotationFor_4_1
100045,Y29tLmdvb2dsZS5hbmRyb2lkLmFwcHMuY2hyb21lY2FzdC5hcHA=,allowNoWaitRotationFor_4_1
100046,Y29tLmRyb3Bib3guYW5kcm9pZA==,allowNoWaitRotationFor_4_1
100047,Y29tLmdvb2dsZS5hbmRyb2lkLmNlbGxicm9hZGNhc3RyZWNlaXZlcg==,allowNoWaitRotationFor_4_1
100048,Y29tLm15Zml0bmVzc3BhbC5hbmRyb2lk,allowNoWaitRotationFor_4_1
100049,Y29tLmVzcG4uc2NvcmVfY2VudGVy,allowNoWaitRotationFor_4_1
100050,Y29tLm9wZXJhLmFwcC5uZXdz,allowNoWaitRotationFor_4_1
100051,Y29tLmdvb2dsZS5hbmRyb2lkLmFwcHMuY2xhc3Nyb29t,allowNoWaitRotationFor_4_1
100052,Y29tLmFkb2JlLmxybW9iaWxl,allowNoWaitRotationFor_4_1
100053,dHVuZWluLnBsYXllcg==,allowNoWaitRotationFor_4_1
100054,Y29tLlVDTW9iaWxlLmludGw=,allowNoWaitRotationFor_4_1
100055,Y29tLmNoZXNz,allowNoWaitRotationFor_4_1
100056,Y29tLnNvY2lhbG5tb2JpbGUuZGljdGFwcHMubm90ZXBhZC5jb2xvci5ub3Rl,allowNoWaitRotationFor_4_1
100057,Y29tLmZhY2Vib29rLm1saXRl,allowNoWaitRotationFor_4_1
100058,Y29tLlNsYWNr,allowNoWaitRotationFor_4_1
100059,Y29tLm1pY3Jvc29mdC5sYXVuY2hlcg==,allowNoWaitRotationFor_4_1
100060,Y29tLnlhaG9vLm1vYmlsZS5jbGllbnQuYW5kcm9pZC5maW5hbmNl,allowNoWaitRotationFor_4_1
100061,Y29tLm5pa3NvZnR3YXJlLnNuYXBzZWVk,allowNoWaitRotationFor_4_1
100062,Y29tLmdvb2dsZS5hbmRyb2lkLmFwcHMuYXV0aGVudGljYXRvcjI=,allowNoWaitRotationFor_4_1
100063,Y29tLmdvb2dsZS5hbmRyb2lkLmFwcHMua2lkcy5mYW1pbHlsaW5r,allowNoWaitRotationFor_4_1
100064,Y24ud3BzLm1vZmZpY2VfZW5n,allowNoWaitRotationFor_4_1
100065,dmlkZW8ucGxheWVyLnZpZGVvcGxheWVy,allowNoWaitRotationFor_4_1
100066,bWVnYS5wcml2YWN5LmFuZHJvaWQuYXBw,allowNoWaitRotationFor_4_1
100067,Y29tLmhzdi5mcmVlYWRibG9ja2VyYnJvd3Nlcg==,allowNoWaitRotationFor_4_1
100068,Y29tLnRmLnRoaW5rZHJvaWQudmlld2Vy,allowNoWaitRotationFor_4_1
100069,Y29tLmxvdWR0YWxrcw==,allowNoWaitRotationFor_4_1
100070,Y29tLnNoYWliYW4uYXVkaW9wbGF5ZXIubXBsYXllcg==,allowNoWaitRotationFor_4_1
100071,Y29tLmJlbGthdGVjaG5vbG9naWVzLmNsb2NrbWFrZXI=,allowNoWaitRotationFor_4_1
100072,Y29tLndhbGxldC5jcnlwdG8udHJ1c3RhcHA=,allowNoWaitRotationFor_4_1
100073,Y29tLmNsb3VkbW9zYS5wdWZmaW5GcmVl,allowNoWaitRotationFor_4_1
100074,ZC5teWZpcnN0Y2hldA==,allowNoWaitRotationFor_4_1
100075,bmV0Lm1ldGFxdW90ZXMubWV0YXRyYWRlcjQ=,allowNoWaitRotationFor_4_1
100076,Y29tLkJsYWNrb3V0QmluZ28uUGxheVdpbkdhbWU=,allowNoWaitRotationFor_4_1
100077,Y29tLmdvb2dsZS5hbmRyb2lkLmNhbGN1bGF0b3I=,allowNoWaitRotationFor_4_1
100078,Y29tLmV2ZXJub3Rl,allowNoWaitRotationFor_4_1
100079,YmlibGUua2luZ2phbWVzYmlibGVsaXRl,allowNoWaitRotationFor_4_1
100080,Y29tLmFtYXpvbi5jbG91ZGRyaXZlLnBob3Rvcw==,allowNoWaitRotationFor_4_1
100081,Y29tLmdvb2dsZS5hbmRyb2lkLmFwcHMucGhvdG9z,allowNoWaitRotationFor_4_1
100082,b3JnLmRheXVwLnN0b2Nrcw==,allowNoWaitRotationFor_4_1
100083,Y29tLmdvb2dsZS5hbmRyb2lkLnBlcm1pc3Npb25jb250cm9sbGVy,allowNoWaitRotationFor_4_1
100084,UG93ZXJVSS5DaGFyZ2VyQW5pbWF0aW9uVmlld0xw,allowNoWaitRotationFor_4_1
100085,Y29tLmdvb2dsZS5hbmRyb2lkLmRpYWxlcg==,allowNoWaitRotationFor_4_1
100087,Y29tLmFuZHJvaWQudmVuZGluZw==,allowNoWaitRotationFor_4_1
100088,Y29tLndoYXRzYXBw,allowNoWaitRotationFor_4_1
100089,Y29tLmZhY2Vib29rLm9yY2E=,allowNoWaitRotationFor_4_1
100090,b3JnLnRlbGVncmFtLm1lc3Nlbmdlcg==,allowNoWaitRotationFor_4_1
100091,Y29tLnNwb3RpZnkubXVzaWM=,allowNoWaitRotationFor_4_1
100092,Y29tLmFtYXpvbi5tU2hvcC5hbmRyb2lkLnNob3BwaW5n,allowNoWaitRotationFor_4_1
100093,dXMuem9vbS52aWRlb21lZXRpbmdz,allowNoWaitRotationFor_4_1
110001,Y29tLnZ6dy5oc3MubXl2ZXJpem9u,dexLaunchBlock
110002,Y29tLnZjYXN0Lm1lZGlhbWFuYWdlcg==,dexLaunchBlock
110003,Y29tLmdvdHYubmZsZ2FtZWNlbnRlci51cy5saXRl,dexLaunchBlock
110004,Y29tLnZ6dy5lY2lk,dexLaunchBlock
110005,Y29tLmNlcXVpbnQuZWNpZA==,dexLaunchBlock
110006,Y29tLnZlcml6b24ubWVzc2FnaW5nLnZ6bXNncw==,dexLaunchBlock
110007,Y29tLmFzdXJpb24uYW5kcm9pZC52ZXJpem9uLnZtcw==,dexLaunchBlock
110008,Y29tLnNsYWNrZXIucmFkaW8=,dexLaunchBlock
110009,Y29tLnZ6bmF2aWdhdG9yLkdlbmVyaWM=,dexLaunchBlock
110010,Y29tLmRyaXZlbW9kZQ==,dexLaunchBlock
110011,bmV0LmFldGhlcnBhbC5kZXZpY2U=,dexLaunchBlock
110012,Y29tLmFldGhlcnBhbC5hdHRkaC5zZQ==,dexLaunchBlock
110013,Y29tLm1vYml0di5jbGllbnQudG1vYmlsZXR2aGQ=,dexLaunchBlock
110014,Y29tLmFtYXpvbi5raW5kbGU=,dexLaunchBlock
110015,Y29tLmNlcXVpbnQuY2l0eWlkLmFjdGl2aXR5LlVzZXJMYXVuY2g=,dexLaunchBlock
110016,Y29tLnplZC5UcmRXYXBMYXVuY2hlcg==,dexLaunchBlock
110017,Y29tLm5xbW9iaWxlLmFudGl2aXJ1czIwLnVzY2M=,dexLaunchBlock
110018,Y29tLnRlbGVuYXYuYXBwLmFuZHJvaWQudXNjYw==,dexLaunchBlock
110019,Y29tLmNvbWNhc3QubW9kZXN0by52dm0uY2xpZW50,dexLaunchBlock
110020,Y29tLnhmaW5pdHkuY2xvdWR0dnI=,dexLaunchBlock
110021,Y29tLnBvY2tldGdlZWsuYW5kcm9pZA==,dexLaunchBlock
110022,bmV0LmNvbWNhc3Qub3R0Y2xpZW50,dexLaunchBlock
110023,Y29tLmNvbWNhc3QucGVyc29uYWxtZWRpYQ==,dexLaunchBlock
110024,Y29tLnRyYWNmb25lLmdlbmVyaWMuZG93bmxvYWRlcmFwcA==,dexLaunchBlock
110025,Y29tLnF1aWNrcGxheS5hbmRyb2lkLmJlbGxtZWRpYXBsYXllcg==,dexLaunchBlock
110026,Y29tLmRsYS5hbmRyb2lk,dexLaunchBlock
110027,Y29tLnZlcml6b25tZWRpYS5nbzkwLmVudGVycHJpc2U=,dexLaunchBlock
110028,Y29tLmt0Lm9sbGVoLnNlcnZpY2VtZW51,dexLaunchBlock
110029,Y29tLm1pem1vd2lyZWxlc3MudnZt,dexLaunchBlock
110030,Y29tLm5leHRyYWRpb2FwcC5uZXh0cmFkaW8=,dexLaunchBlock
110031,Y29tLmFzdXJpb24uaG9tZS5zcHJpbnQ=,dexLaunchBlock
110032,Y29tLnRlbGVmb25pY2EubWltb3Zpc3Rhcg==,dexLaunchBlock
110033,Y29tLmt0Lm9oY2Ft,dexLaunchBlock
110034,Y29tLmFtYXpvbi5raW5kbGUudnBs,dexLaunchBlock
110035,Y29tLmFzdXJpb24uaG9tZS5zcHJpbnQudnBs,dexLaunchBlock
110036,Ym9vc3QudXMuY29tLmJvb3N0YXBwLnZwbA==,dexLaunchBlock
110037,Ym9vc3QudXMuY29tLmJvb3N0YXBw,dexLaunchBlock
110038,Y29tLmxpdmV3aXJlbW9iaWxlLm11c2ljc3RvcmUuYm9vc3Q=,dexLaunchBlock
110039,Y29tLmxpdmV3aXJlbW9iaWxlLm11c2ljc3RvcmUudm11,dexLaunchBlock
110040,Y29tLmxpdmV3aXJlbW9iaWxlLm11c2ljc3RvcmUudm11LnZwbA==,dexLaunchBlock
110041,Y29tLmJhaWR1LnNlYXJjaGJveF9zYW1zdW5n,dexLaunchBlock
110042,Y29tLmJhaWR1LnNlYXJjaGJveA==,dexLaunchBlock
110043,anAuY28uZGlzbmV5LmFwcHMuZG0ud2F0Y2hkYw==,dexLaunchBlock
110044,anAuY28uZGlzbmV5LmFwcHMuZG0ud2F0Y2hqcg==,dexLaunchBlock
110045,Y29tLmtkZGkuYW5kcm9pZC52aWRlb3Bhc3M=,dexLaunchBlock
110046,Y29tLnNwcmludC5mbmcudnBs,dexLaunchBlock
110047,Y29tLnNwcmludC5mbmc=,dexLaunchBlock
110048,Y29tLmJvb3N0bW9iaWxlLmJvb3N0c3BvdA==,dexLaunchBlock
110049,Y29tLnZpcmdpbm1vYmlsZXVzYS52aXJnaW5zcG90,dexLaunchBlock
110050,Y29tLnNwcmludC5sb3Zlc3ByaW50,dexLaunchBlock
110051,Y29tLnZlcml6b250ZWxlbWF0aWNzLnZlcml6b25odW0=,dexLaunchBlock
110052,Y29tLnNlY3VyaXR5YW5kcHJpdmFjeS5hbmRyb2lkLnZlcml6b24udm1z,dexLaunchBlock
110053,bGd0LmNhbGw=,dexLaunchBlock
110054,Y29tLnRtb2JpbGUuc2VydmljZXMubmFtZWlk,dexLaunchBlock
110055,Y29tLnVpZXZvbHV0aW9uLmdndWlkZS5hbmRyb2lk,dexLaunchBlock
110056,Y29tLnByaXZhY3lzdGFyLmFuZHJvaWQubWV0cm8=,dexLaunchBlock
110057,Y29tLmxpbmthZ2UuY3RoZWFydHdvcmxk,dexLaunchBlock
110058,Y29tLnVzY2MuZWNpZA==,dexLaunchBlock
110059,dWsuY28uZm9jdXNtbS5kdHNfaGF6YXJk,dexLaunchBlock
110060,dWsuY28uZm9jdXNtbS5kdHNfdGhlb3J5,dexLaunchBlock
110061,Y29tLmZpdmVtb2JpbGUuY2luZXBsZXg=,dexLaunchBlock
110062,Y29tLnRpbWVwbGF5,dexLaunchBlock
110063,Y29tLnBva2Vtb24uY2FtcHBva2Vtb24=,dexLaunchBlock
110064,Y29tLm1vdmdhLmZsZWV0Y29tbWFuZC5ncA==,dexLaunchBlock
110065,Y29tLmJhYmlsZ2FtZXMuZGFiYWJhdA==,dexLaunchBlock
110066,Y29tLm9hc2dhbWVzLmFuZHJvaWQubXRjcnVzc2lh,dexLaunchBlock
110067,Y29tLnVuaXZlcnNldG9kYXkubW9vbi5waGFzZXM=,dexLaunchBlock
110068,Y29tLmJidHYuZmVybmFuZmxvbw==,dexLaunchBlock
110069,YWlyLmNvbS5zcGlsZ2FtZXMuVHJvbGxGYWNlUXVlc3RWaWRlb01lbWVz,dexLaunchBlock
110070,Y29tLmlnZy5jbGFzaG9mbG9yZHMyX3J1,dexLaunchBlock
110071,Y29tLmlnZy5jbGFzaG9mbG9yZHMy,dexLaunchBlock
110072,Y29tLnN0YWMuZW1waXJlLm1haW4=,dexLaunchBlock
110073,Y2EuYmVsbG1lZGlhLmN0dm5ld3M=,dexLaunchBlock
110074,Y29tLnFpaG9vLnNlY3VyaXR5LmxpdGU=,dexLaunchBlock
110075,Y29tLnFpaG9vLnNlY3VyaXR5,dexLaunchBlock
110076,cGhvdG9idWNrZXQucGJtb2JpbGUuZXNvbHouc21hcnRnYWxsZXJ5,dexLaunchBlock
110077,aXQudGVsZWNvbWl0YWxpYS5jdWJvdmlzaW9u,dexLaunchBlock
110078,Y24ubXVjYW5nLnhpYW9taS5hbmRyb2lkLnd6,dexLaunchBlock
110079,Y29tLmhhcHB5dGVhbS5kdWJiaW5nc2hvdw==,dexLaunchBlock
110080,Y29tLnRlbmNlbnQudG1ncC5kcHNn,dexLaunchBlock
110081,Y29tLmxndXBsdXMubGd1c2V0dGluZw==,dexLaunchBlock
110082,Y29tLlRXQ2FibGVUVg==,dexLaunchBlock
110083,Y29tLmF0dC5kaA==,dexLaunchBlock
110084,Y29tLnVwbHVzLm11c2ljc2hvdw==,dexLaunchBlock
110085,Y29tLmxndXBsdXMuYXJ0dg==,dexLaunchBlock
120001,Y29tLmtha2FvLnRhbGs=,coverLauncherWidget,sizeScale=1.715/customDensity=480/applyAppCutout/orientationWithAppCutout=land
120002,Y29tLndoYXRzYXBw,coverLauncherWidget,sizeScale=1.715/customDensity=480
120003,anAubmF2ZXIubGluZS5hbmRyb2lk,coverLauncherWidget,sizeScale=1.715/customDensity=480
120004,Y29tLmdvb2dsZS5hbmRyb2lkLmFwcHMubWVzc2FnaW5n,coverLauncherWidget
120005,Y29tLnRlbmNlbnQubW0=,coverLauncherWidget,sizeScale=2.0/densityUseMainDisplay/fixedDisplayDensity/scaleSystemWindow/mockStatusbarInsetHeight=1/customDensity=480/moveSystemWindow/supportPreferredDisplay/supportFixedPortrait/portraitActivityList=com.tencent.mm.plugin.appbrand.ui.AppBrandUI#com.tencent.mm.plugin.appbrand.ui.AppBrandUI00#com.tencent.mm.plugin.appbrand.ui.AppBrandUI01#com.tencent.mm.plugin.appbrand.ui.AppBrandUI02#com.tencent.mm.plugin.appbrand.ui.AppBrandUI03#com.tencent.mm.plugin.appbrand.ui.AppBrandUI04#com.tencent.mm.plugin.appbrand.ui.AppBrandUI1#com.tencent.mm.plugin.appbrand.ui.AppBrandUI2#com.tencent.mm.plugin.appbrand.ui.AppBrandUI3#com.tencent.mm.plugin.appbrand.ui.AppBrandUI4#com.tencent.mm.plugin.appbrand.ui.AppBrandPluginUI#com.tencent.mm.plugin.appbrand.ui.AppBrandPluginUI2#com.tencent.mm.plugin.appbrand.ui.AppBrandPluginUI3#com.tencent.mm.plugin.appbrand.ui.AppBrandPluginUI4#com.tencent.mm.plugin.finder.feed.ui.FinderLiveVisitorWithoutAffinityUI#com.tencent.mm.framework.app.UIPageFragmentActivity#com.tencent.mm.plugin.finder.ui.FinderHomeAffinityUI#com.tencent.mm.plugin.finder.ui.FinderShareFeedRelUI#com.tencent.mm.plugin.ting.TingFlutterActivity
120006,Y29tLmdvb2dsZS5hbmRyb2lkLnlvdXR1YmU=,coverLauncherWidget,mockMultiWindow
120007,Y29tLm5ldGZsaXgubWVkaWFjbGllbnQ=,coverLauncherWidget
120008,Y29tLm5obi5hbmRyb2lkLm5tYXA=,coverLauncherWidget,sizeScale=2.2/customDensity=480/preventWebviewRelaunch
120009,Y29tLmdvb2dsZS5hbmRyb2lkLmFwcHMubWFwcw==,coverLauncherWidget,sizeScale=1.715/customDensity=480/reuseTask
120010,Y29tLnNhbXN1bmcuYW5kcm9pZC5tZXNzYWdpbmc=,coverLauncherWidget
120011,a3IuY28uY2FwdHYucG9vcVYy,coverLauncherWidget
130001,Y29tLnNzLmFuZHJvaWQudWdjLmF3ZW1l,coverLauncherWidgetChn,sizeScale=1.9/customDensity=480/supportFixedPortrait/portraitActivityList=com.ss.android.ugc.aweme.splash.SplashActivity#com.ss.android.ugc.aweme.detail.ui.DetailActivity#com.ss.android.ugc.aweme.live.LiveDummyActivity
130002,Y29tLm5ldGVhc2UuY2xvdWRtdXNpYw==,coverLauncherWidgetChn,sizeScale=1.6/customDensity=480/supportFixedPortrait/portraitActivityList=com.netease.cloudmusic.music.biz.mlog.consume.detail.music.biz.mlogdetail.MLogVideoActivity
130003,Y29tLnRlbmNlbnQucXFsaXZl,coverLauncherWidgetChn,sizeScale=1.8/customDensity=480/mockMultiWindow/reuseTask
130004,Y29tLnhpbWFsYXlhLnRpbmcuYW5kcm9pZA==,coverLauncherWidgetChn,sizeScale=1.4/customDensity=480
150001,Y29tLmFuZ2hhbWk=,forceOptOutEdgeToEdge
150002,bmV0LmFwcHp6YW5nLmJvb2tfZmluZGVy,forceOptOutEdgeToEdge
150003,Y29tLmFhLmFuZHJvaWQ=,forceOptOutEdgeToEdge
150004,Y29tLm1vdGlvbmNhbQ==,forceOptOutEdgeToEdge
150005,Y29tLmVyaXNlLmN5YmVybWVhbHRpY2tldA==,forceOptOutEdgeToEdge
150006,ZnJlZV90cmFuc2xhdG9yLmhpZW4=,forceOptOutEdgeToEdge
150007,Y29tLmZpbmNoLmZpbmNo,forceOptOutEdgeToEdge
150008,Z2xvYmFsLmZ3ZC5vbW5l,forceOptOutEdgeToEdge
150009,cnUua2FyaS5hbmRyb2lk,forceOptOutEdgeToEdge
150010,a3Iub3Iua290c2Eud2F0Yw==,forceOptOutEdgeToEdge
150011,Y29tLmFwcGcuYWRkaW5mbw==,forceOptOutEdgeToEdge
150012,a3IuY28uc3VoeXVwLmFuZHJvaWQuc2htYXA=,forceOptOutEdgeToEdge
150013,a3IuY28ubG90dGVjaW5lbWEubGNt,forceOptOutEdgeToEdge
150014,Y29tLmNvdmVyaW5nLnJlY2xl,forceOptOutEdgeToEdge
150015,Y29tLmZ1bmJveC5qbHNjbw==,forceOptOutEdgeToEdge
150016,Y29tLm1vZC5tb2RwaXhlbG1vbi5waXhlbG1vbg==,forceOptOutEdgeToEdge
150017,a3IuY28ubW9vdG9vbi5tb29hbg==,forceOptOutEdgeToEdge
150018,Y29tLmxlemhpbi5jb21pY3M=,forceOptOutEdgeToEdge
150019,Y29tLmhvdGVsc2NvbWJpbmVkLm1vYmlsZQ==,forceOptOutEdgeToEdge
150020,Y29tLmVhc3RhcmpldC5lYXN0YXJqZXQ=,forceOptOutEdgeToEdge
150021,Y29tLmdvb2dsZS5hbmRyb2lkLnZpZGVvcw==,forceOptOutEdgeToEdge
150022,Y29tLmdvb2dsZS5hbmRyb2lkLmFwcHMua2lkcy5mYW1pbHlsaW5r,forceOptOutEdgeToEdge
150023,Y29tLnNoaWxsYWlwYXJrLmty,forceOptOutEdgeToEdge
150024,Y29tLmdvb2dsZS5hbmRyb2lkLmlucHV0bWV0aG9kLmxhdGlu,forceOptOutEdgeToEdge
150025,YnIuY29tLmJyYWRlc2NvLmNhcnRvZXM=,forceOptOutEdgeToEdge
150026,YnIuY29tLnBvcnRvc2VndXJvLmV4cGVyaWVuY2lhY2xpZW50ZS5tdW5kb3BvcnRv,forceOptOutEdgeToEdge
150027,YnIuY29tLmplaXR0by5tZXVqZWl0dG8=,forceOptOutEdgeToEdge
150028,Y29tLm55dGltZXMuYW5kcm9pZA==,forceOptOutEdgeToEdge
150029,Y29tLmFzeW5jaHJvbnkuZW1lcnNvbi5zZW5zaQ==,forceOptOutEdgeToEdge
150030,ZHJvb20uc2xlZXBJZlVDYW4=,forceOptOutEdgeToEdge
150031,Y29tLm5lZS5mcGw=,forceOptOutEdgeToEdge
150032,a3IuY28uaW1pbmZpbnRlY2g=,forceOptOutEdgeToEdge
150033,Y28uam9iaXMuc3pz,forceOptOutEdgeToEdge
150034,Y29tLmJjY2FyZC5ncmVlbmFwcA==,forceOptOutEdgeToEdge
150035,Y29tLm1lLmZpbGVtb25n,forceOptOutEdgeToEdge
150036,Y29tLm1lemhldmlraW4uY29udmVydGVy,forceOptOutEdgeToEdge
150037,Y29tLnJhZGlvLmhlbGxvd29ybGQ=,forceOptOutEdgeToEdge
150038,bmV0Lm1hZ2ljdG9vbC5ibG9vZHN1Z2Fy,forceOptOutEdgeToEdge
150039,Y29tLnNlbnRiZQ==,forceOptOutEdgeToEdge
150040,Y29tLmdvZG4uc2guc2luYml1bnNhanU=,forceOptOutEdgeToEdge
150041,cnUuem9sb3RveTU4NS5jdXN0b21lcg==,forceOptOutEdgeToEdge
150042,Y29tLm5pYW50aWNsYWJzLnBpa21pbg==,forceOptOutEdgeToEdge
150043,aW8ucGV0bm93LnBldG5vdw==,forceOptOutEdgeToEdge
150044,Y29tLnZwbi5zZWN1cmUucHJveHkuZ3VhcmQ=,forceOptOutEdgeToEdge
150045,Y29tLm9jdWx1cy50d2lsaWdodA==,forceOptOutEdgeToEdge
150046,Y29tLnN0dWR5d29yay5wYXJ0dGltZXN0dWR5,forceOptOutEdgeToEdge
150047,a3IuY28ubWVyZ2Vwb2ludC5tZXJnZWNsaWVudA==,forceOptOutEdgeToEdge
150048,Y29tLmVhZ2Vyc29mdC55b3V6eS55b3V6eQ==,forceOptOutEdgeToEdge
150049,bmV0LmNiaTM2MC5qc3QuYW5kcm9pZA==,forceOptOutEdgeToEdge
150050,Y29tLmdlb2ZsYS5wcmFsbHk=,forceOptOutEdgeToEdge
150051,Y29tLmNyb3NzY2VydC5hbmRyb2lk,forceOptOutEdgeToEdge
150052,ZnJlZV90cmFuc2xhdG9yLmtvdmk=,forceOptOutEdgeToEdge
150053,Y29tLmFzd2VtYWtlLnFtYXJrZXQ=,forceOptOutEdgeToEdge
150054,anAubW5vamkuYXBw,forceOptOutEdgeToEdge
150055,Y29tLnN0YXJsaW5rLm1vYmlsZQ==,forceOptOutEdgeToEdge
150056,Y29tLmFzaW5vc29mdC52cG4=,forceOptOutEdgeToEdge
150057,dWsuY28ubWV0cm9iYW5rb25saW5lLm1vYmlsZS5hbmRyb2lkLnByb2R1Y3Rpb24=,forceOptOutEdgeToEdge
150058,Y29tLnBvZHJ5Z2thLmFwcA==,forceOptOutEdgeToEdge
150059,Y29tLmhlbGxvZnJlc2guYW5kcm9pZGFwcA==,forceOptOutEdgeToEdge
150060,a3IudGoudGpzbWFydHBsYXlfQg==,forceOptOutEdgeToEdge
150061,Y29tLnJlYWxlc3RhdGVhZ2VudA==,forceOptOutEdgeToEdge
150062,Y29tLnZpc2l0d2ViLmphcGFudHJhdmVsZ3VpZGVjbGFzcw==,forceOptOutEdgeToEdge
150063,Y29tLmh5dW5kYWkuaHl1bmRhaXNlbGVjdGlvbg==,forceOptOutEdgeToEdge
150064,ZXMubW9ua2ltdW4ubGluZ29raWRz,forceOptOutEdgeToEdge
150065,Y29tLm1vcmVzbWFydC5nYWJlaGFuamE=,forceOptOutEdgeToEdge
150066,Y29tLm1vdXJqYW4uY2xhc3NpZmllZHM=,forceOptOutEdgeToEdge
150067,Y29tLndhaGFuZGEubWFya2V0cGxhY2U=,forceOptOutEdgeToEdge
150068,aXQucTguYXBwLmNsdWJxOA==,forceOptOutEdgeToEdge
150069,aXQubWVkaWFtYXJrZXQubWVkaWF3b3JsZA==,forceOptOutEdgeToEdge
150070,Y29tLmF3cWFmdWFlLmFuZHJvaWQ=,forceOptOutEdgeToEdge
150071,Y29tLnNpdGFlbC52ZW5kaW5n,forceOptOutEdgeToEdge
150072,Y29tLnBsYXl0b21pYw==,forceOptOutEdgeToEdge
150073,Y29tLmF4YS5hcHAubXlheGEuaXQ=,forceOptOutEdgeToEdge
150074,Y29tLnZvbGtzd2FnZW4ud2Vjb25uZWN0,forceOptOutEdgeToEdge
150075,Y29tLm1hdGlwYXkuY292ZW4=,forceOptOutEdgeToEdge
150076,Y29tLmpvZ2F0aW5hLmJ1cmFjb2l0YWxpYW5v,forceOptOutEdgeToEdge
150077,a3IuY28ubWsubWJudHY=,forceOptOutEdgeToEdge
150078,a3IuY28udXJiYW5zdGF5,forceOptOutEdgeToEdge
150079,a3IuY28uZml2ZXN0YXJzLmxvdHRlcnlyZWFkZXI=,forceOptOutEdgeToEdge
150080,Z292LnVsanVndW4ueWVvbmduYW0=,forceOptOutEdgeToEdge
150081,a3IuY28uZWxhbmRtYWxsLm1vZGVybmhvdXNl,forceOptOutEdgeToEdge
150082,a3Iub3IubHVnLm9udGltZWFsYXJt,forceOptOutEdgeToEdge
150083,Y29tLm92dW5xdWUucGFya3doZWVscw==,forceOptOutEdgeToEdge
150084,Y29tLm1vYmlsZS5tYWhhYmh1bWk=,forceOptOutEdgeToEdge
150085,Y29tLmFuaXNoLmNyZWF0aW9uX3BsYW4=,forceOptOutEdgeToEdge
150086,Y29tLmVudGVyNi5zdG9yZQ==,forceOptOutEdgeToEdge
150087,Y29tLmxnbnRlbC5uZ2NoYXJnZXI=,forceOptOutEdgeToEdge
150088,Y29tLmFwcHouZHVra3ViYQ==,forceOptOutEdgeToEdge
150089,YWkuZ2VuZXNpc2xhYi56dWljeQ==,forceOptOutEdgeToEdge
150090,Y29tLnNob3J0LmRyYW1hcy5lbmpveS5yZWVscw==,forceOptOutEdgeToEdge
150091,a3IubmV3czEubmV3c2FwcA==,forceOptOutEdgeToEdge
150092,ZGlnaXRhbC52ZWUudmVlcGF5,forceOptOutEdgeToEdge
150093,Y29tLm1lcmNhcmlhcHAubWVyY2FyaQ==,forceOptOutEdgeToEdge
150094,a3Iubmd0ZWNoLmNoYW1lbGVvbmhpdGFsaw==,forceOptOutEdgeToEdge
150095,Y29tLmRoby5tb2JpbGVmYXg=,forceOptOutEdgeToEdge
150096,Y29tLmJvdGNoYW5nZXIudnBu,forceOptOutEdgeToEdge
150097,Y29tLmVtaXJhdGVzZHJhdy5tb2JpbGU=,forceOptOutEdgeToEdge
150098,Y29tLmVhc3lyZWNvdmVyeS5waG90b3JlY292ZXJ5LmZpbGVyZWNvdmVyLnJlc3RvcmVkYXRh,forceOptOutEdgeToEdge
150099,aW5mby5zZWVyb28udHVtX2tvZHQ=,forceOptOutEdgeToEdge
150100,Y29tLnNocG9jay5hbmRyb2lk,forceOptOutEdgeToEdge
150101,Y29tLm1lcmNhbnRpbA==,forceOptOutEdgeToEdge
150102,YnIuY29tLmhvbmRhLmhzZmRpZ2l0YWw=,forceOptOutEdgeToEdge
150103,YnIuZ292LnNwLnByb2Rlc3AucHB0ZGlnaXRhbA==,forceOptOutEdgeToEdge
150104,Y29tLndlc3RzaWRl,forceOptOutEdgeToEdge
150105,Y29tLnJlZmxlY3Rpb25zaW5mb3MuZ2xvYmFsdmlsbGFnZQ==,forceOptOutEdgeToEdge
150106,Y29tLmphenouamF6endvcmxk,forceOptOutEdgeToEdge
150107,Y29tLnVuaW9uY29vcC51Y3M=,forceOptOutEdgeToEdge
150108,Y29tLmJ0Zy5wYWN0dWFsLmJhbmtpbmc=,forceOptOutEdgeToEdge
150109,Y29tLm1Gb2N1cy5zZWxmc3RvcmU=,forceOptOutEdgeToEdge
150110,Y29tLnRyYWRpbmdlY29ub21pY3MuY2FsZW5kYXI=,forceOptOutEdgeToEdge
150111,Y29tLnNwb3RpZnkubXVzaWM=,forceOptOutEdgeToEdge
150112,Y29tLmxpdmVyYW5kb212aWRlby5wb29tdQ==,forceOptOutEdgeToEdge
150113,Y29tLmhkY2FtcHJvLnByb2NhbWVyYWxlbnMucGhvdG9ncmFwaHk=,forceOptOutEdgeToEdge
150114,Y29tLmNlbS5yYW5raW5nLmZpbHRlcg==,forceOptOutEdgeToEdge
150115,cWF6LnNpbGx5c21pbGVzLmxpdmV3YWxscGFwZXJz,forceOptOutEdgeToEdge
150116,Y29tLmNhbGxlcmlkLmNhbGxhcHAuc3BhbWNhbGxibG9ja2VyLmNvbnRhY3Rz,forceOptOutEdgeToEdge
150117,Y29tLnRydC50YWJpaS5hbmRyb2lk,forceOptOutEdgeToEdge
150118,Y29tLnBob25lLmNvbnRhY3RzLmNhbGxoaXN0b3J5,forceOptOutEdgeToEdge
150119,Y29tLnNrdC5pbGJzLnNrd3l2ZXJucy5hcHA=,forceOptOutEdgeToEdge
150120,Y29tLm1iZXN0Lm1vbQ==,forceOptOutEdgeToEdge
150121,a3IuY28uYXNpY3M=,forceOptOutEdgeToEdge
150122,Y29tLmtha2Fvc3R5bGUucG9zdHk=,forceOptOutEdgeToEdge
150123,Y29tLnNzLmFuZHJvaWQudWdjLnRpa3Rvay5saXRl,forceOptOutEdgeToEdge
150124,Y29tLnRoZTI5Y20uYXBwMjljbQ==,forceOptOutEdgeToEdge
150125,a3IuZWJzLnByaW1hcnkucGxheWVy,forceOptOutEdgeToEdge
150126,Y29tLnVuZGVmaW5lZC5tYXRl,forceOptOutEdgeToEdge
150127,Y29tLmFpYS52aXRhbGl0eS5rcg==,forceOptOutEdgeToEdge
150128,Y29tLnByaW1lcm8uZmxlZWtmcm9udGVuZA==,forceOptOutEdgeToEdge
150129,Y29tLm1vYmlsZXRhbGsudmFsbGV5,forceOptOutEdgeToEdge
150130,Y29tLnhpYW9taS5zbWFydGhvbWU=,forceOptOutEdgeToEdge
150131,Y29tLmFqYXNtaWxlLmhhcHB5cXVpeg==,forceOptOutEdgeToEdge
150132,Y29tLnF4LmdhbWluZ3Jvb20=,forceOptOutEdgeToEdge
150133,Y29tLmdhbWUubW90aW9uZWxm,forceOptOutEdgeToEdge
150134,bXlmaWxlcy5maWxlbWFuYWdlci5maWxlZXhwbG9yZXIuY2xlYW5lcg==,forceOptOutEdgeToEdge
150135,Y29tLmNsdWUuYW5kcm9pZA==,forceOptOutEdgeToEdge
150136,aW8ubW9iaW5pdHkubG9ja2Vy,forceOptOutEdgeToEdge
150137,Y29tLmdvb2dsZS5hbmRyb2lkLmFwcHMubWFwcw==,forceOptOutEdgeToEdge
150138,Y29tLnplbGxlcGF5LnplbGxl,forceOptOutEdgeToEdge
150139,Y29tLm1ha2VzaG9wLnBvd2VyYXBwLnlnbmV4dA==,forceOptOutEdgeToEdge
150140,Y29tLm9vcHNoaWhhLnZpZGVv,forceOptOutEdgeToEdge
150141,a3IuY28ubHlsc3R1ZGlvLnVuaWNvcm4=,forceOptOutEdgeToEdge
150142,Y29tLmdvb2dsZS5hbmRyb2lkLmFwcHMuY2hyb21lY2FzdC5hcHA=,forceOptOutEdgeToEdge
150143,Y29tLnllczI0LmNvbW1lcmNl,forceOptOutEdgeToEdge
150144,Y29tLmFwci5kaWdpdGFsY2xpbmlj,forceOptOutEdgeToEdge
150145,Y29tLm1vYmlsZS5teWV5ZQ==,forceOptOutEdgeToEdge
150146,Y29tLm5obmVudC5wYXlhcHA=,forceOptOutEdgeToEdge
150147,a3IuY28uZWJzZS5wbGF5ZXI=,forceOptOutEdgeToEdge
150148,Y29tLmFwZXgub25lcGFzcw==,forceOptOutEdgeToEdge
150149,Y29tLnNob3BiYWNrLmFwcA==,forceOptOutEdgeToEdge
150150,a3IuYWMucGtudS5zbWFydGNhbXB1cw==,forceOptOutEdgeToEdge
150151,d2wuc21hcnRsZWQ=,forceOptOutEdgeToEdge
150152,Y29tLmZpcnN0ZW50ZXIuY3VtYWFwcA==,forceOptOutEdgeToEdge
150153,YnIuZ292LmVjb25vbWlhLnJlY2VpdGEucmZi,forceOptOutEdgeToEdge
150154,Y29tLnBpeHZlcnNlYWkucGl4dmVyc2U=,forceOptOutEdgeToEdge
150155,Y29tLmFsaWJhYmEuaW50bC5hbmRyb2lkLmFwcHMucG9zZWlkb24=,forceOptOutEdgeToEdge
150156,Y29tLkJlYXVjaGFtcC5NZXNzZW5nZXIuZXh0ZXJuYWw=,forceOptOutEdgeToEdge
150157,Y29tLmViYXkubW9iaWxl,forceOptOutEdgeToEdge
150158,Y29tLm1pY3Jvc29mdC5lbW14,forceOptOutEdgeToEdge
150159,Y29tLmRlYWd1b3dsLmZhbGxjZW50,forceOptOutEdgeToEdge
150160,Y29tLmxvdHVzLnN0eWxlYW5kaGFpcg==,forceOptOutEdgeToEdge
150161,a3IuY28uc25pLm11dHM=,forceOptOutEdgeToEdge
150162,Y29tLmhpc2Vuc2UuanVjb25uZWN0LmNvbm5lY3RsaWZl,forceOptOutEdgeToEdge
150163,Y29tLmF5YWg=,forceOptOutEdgeToEdge
150164,Y29tLnBoemhkLnZu,forceOptOutEdgeToEdge
150165,YXBwLnNvdXJjZS5nZXRjb250YWN0,forceOptOutEdgeToEdge
150166,Y29tLmZveG5ld3MuYW5kcm9pZA==,forceOptOutEdgeToEdge
150167,Y29tLmVuY2FyZGlyZWN0LmFwcA==,forceOptOutEdgeToEdge
150168,Y29tLndlZWRzLnRpbGxpb25wYW5lbC5mdWxs,forceOptOutEdgeToEdge
150169,a3IuY28uc3RhcmtvZmYuYXBw,forceOptOutEdgeToEdge
150170,Y29tLmV6dC5maXRuZXNzMw==,forceOptOutEdgeToEdge
150171,ZnJlZS52cG4ucHJveHkuc2VjdXJl,forceOptOutEdgeToEdge
150172,Y29tLnRoZWdvc2EubWl1aXRoZW1lcw==,forceOptOutEdgeToEdge
150173,Y29tLnN5bXBsYS50aWNrZXRz,forceOptOutEdgeToEdge
150174,Y29tLmFlZ2lzZXAubWV0ZXJyZWFk,forceOptOutEdgeToEdge
150175,Y29tLnZpZXRpbmJhbmsuaXBheQ==,forceOptOutEdgeToEdge
150176,a3IuY28ueXBib29rcy5tYXBw,forceOptOutEdgeToEdge
150177,Y29tLmVjby5nbG9iYWwuYXBw,forceOptOutEdgeToEdge
150178,Y29tLmtha2FvLnRheGk=,forceOptOutEdgeToEdge
150179,aW0ubXliLmFuZHJvaWQ=,forceOptOutEdgeToEdge
150180,Y29tLmtub3UuYW5kcm9pZC51Y2FtcHVzLm1vYmlsZQ==,forceOptOutEdgeToEdge
150181,Y29tLmZpbmdlcnZlcnNlLm1ldGFwb2ludA==,forceOptOutEdgeToEdge
150182,Y29tLnZpZXR0ZWwudmhvbWUy,forceOptOutEdgeToEdge
150183,Y29tLnB1Yi5mbQ==,forceOptOutEdgeToEdge
150184,Y29tLnNvZnRuZXQuaW5QSFJDYXJl,forceOptOutEdgeToEdge
150185,Y29tLmhveWVvbnNvZnQub3R0ZXJ0b2M=,forceOptOutEdgeToEdge
150186,Y29tLmJhZG9vLm1vYmlsZQ==,forceOptOutEdgeToEdge
150187,Y29tLmthaS5rYWl0aWNrZXRpbmc=,forceOptOutEdgeToEdge
150188,Y29tLmNhbWVyYWZpbG0ubG9maXJldHJv,forceOptOutEdgeToEdge
150189,Y29tLnJhcGlkLnNob3J0LnR2,forceOptOutEdgeToEdge
150190,Y29tLmNydW5jaHlyb2xsLmNydW5jaHlyb2lk,forceOptOutEdgeToEdge
150191,Y29tLndlc3RsYWtlLm1vYmlsZQ==,forceOptOutEdgeToEdge
150192,Y29tLnNoYWliYW4uYXVkaW9wbGF5ZXIubXBsYXllcg==,forceOptOutEdgeToEdge
150193,YXBwLmJpYmxlLmxpdGUub2ZmbGluZQ==,forceOptOutEdgeToEdge
150194,eHl6LmNhc3RsZQ==,forceOptOutEdgeToEdge
150195,ZGUua25vd3VuaXR5LmFwcA==,forceOptOutEdgeToEdge
150196,Y29tLmJ0LmJtcw==,forceOptOutEdgeToEdge
150197,Y29tLmJsb2NrY2hhaW52YXVsdA==,forceOptOutEdgeToEdge
150198,Y29tLm52dC5jcw==,forceOptOutEdgeToEdge
150199,Y29tLnBhcnRpY2xlbmV3cy5uZXdzYnJlYWtsaXRl,forceOptOutEdgeToEdge
150200,Y29tLmtpc21pYS5hcHA=,forceOptOutEdgeToEdge
150201,Y29tLmFsbHRyYWlscy5hbGx0cmFpbHM=,forceOptOutEdgeToEdge
150202,bmV0Lm1ldGFxdW90ZXMubWV0YXRyYWRlcjQ=,forceOptOutEdgeToEdge
150203,Y29tLnNhbXN1bmdsaW9ucy5GUk0=,forceOptOutEdgeToEdge
150204,Y29tLmF4aXMubmV0,forceOptOutEdgeToEdge
150205,aGQuY2FtZXJhLnN0aWNrZXIuZmlsdGVy,forceOptOutEdgeToEdge
150206,Y29tLm1pY3Jvc29mdC5iaW5n,forceOptOutEdgeToEdge
150207,Y29tLkRvbWlub3M=,forceOptOutEdgeToEdge
150208,Y29tLnN1bW9uZQ==,forceOptOutEdgeToEdge
150209,Y29tLmdhbWVzdGFyLnBlcmZlY3RwaWFubw==,forceOptOutEdgeToEdge
150210,Y29tLm1tLmFuZHJvaWQuc21hcnRsaWZlaW90,forceOptOutEdgeToEdge
150211,Y29tLnB1bmNobWluZS5yb2xlcGxheQ==,forceOptOutEdgeToEdge
150212,Y29tLmZlY3JlZGl0LmZlb25saW5l,forceOptOutEdgeToEdge
150213,aW8uZmFjZWFwcA==,forceOptOutEdgeToEdge
150214,Y29tLnRhb2Jhby50YW9iYW8=,forceOptOutEdgeToEdge
150215,dmllb24ucGhpbS50dg==,forceOptOutEdgeToEdge
150216,Y29tLmFscGhhcHJpbWUuYWxwaGFzcXVhcmU=,forceOptOutEdgeToEdge
150217,Y29tLmdsb2JhbC5mb29kcGFuZGEuYW5kcm9pZA==,forceOptOutEdgeToEdge
150218,Y29tLm5lLmhkdg==,forceOptOutEdgeToEdge
150219,Y29kZW1hdGljcy51bml2ZXJzYWwudHYucmVtb3RlLmNvbnRyb2w=,forceOptOutEdgeToEdge
150220,Z2cuZ29vc2Vnb29zZQ==,forceOptOutEdgeToEdge
150221,Y29tLnBpY3NsYWIubmVvbi5lZGl0b3I=,forceOptOutEdgeToEdge
150222,Y29tLm5mbC5mYW50YXN5LmNvcmUuYW5kcm9pZA==,forceOptOutEdgeToEdge
150223,Y29tLmRyb2lkLmFydGVz,forceOptOutEdgeToEdge
150224,ZG93bmxvYWRlci52aWRlby5kb3dubG9hZC5mcmVl,forceOptOutEdgeToEdge
150225,Y29tLmRyYW1hd2F2ZS5hcHA=,forceOptOutEdgeToEdge
150226,Y29tLmdzbS5jdXN0b21lcg==,forceOptOutEdgeToEdge
150227,Y29tLmhvY2xpZXUuYXBw,forceOptOutEdgeToEdge
150228,Y29tLnZpZXR0ZWwuVmlldHRlbFBvc3Q=,forceOptOutEdgeToEdge
150229,Y29tLmZyb2dyYW1zLndwbGF5,forceOptOutEdgeToEdge
150230,Y29tLmR4Zy5zaW5nYXBvcmVtcnRtYXBkZXRhaWw=,forceOptOutEdgeToEdge
150231,YWlyLmNvbS5Nb2JpbGVBcHAuR29sZk5ldC5DYW5hZGFQcm8=,forceOptOutEdgeToEdge
150232,Y29tLmFqbnNuZXdtZWRpYS5raXRjaGVuc3Rvcmllcw==,forceOptOutEdgeToEdge
150233,Y29tLnNvbnkubmZ4LmFwcC5zZnJj,forceOptOutEdgeToEdge
150234,Y29tLm93bHN1cC5tb2RhZGRvbi5tb3JwaA==,forceOptOutEdgeToEdge
150235,Y29tLnBvaW50c2N1bHR1cmUuZnVuZHJhbWE=,forceOptOutEdgeToEdge
150236,YXp0LmF6dA==,forceOptOutEdgeToEdge
150237,Y21rLm1vYmlsZS5hbmRyb2lk,forceOptOutEdgeToEdge
150238,Y29tLmNoZXd5LmFuZHJvaWQ=,forceOptOutEdgeToEdge
150239,Y29tLmNubi5tb2JpbGUuYW5kcm9pZC5waG9uZQ==,forceOptOutEdgeToEdge
150240,Y29tLmNuaHAuYXBwa2hhY2hoYW5n,forceOptOutEdgeToEdge
150241,bXdnLnRnZGQudG1z,forceOptOutEdgeToEdge
150242,Y29tLmNhbGN1bGF0b3IuaGlkZXU=,forceOptOutEdgeToEdge
150243,Y29tLmJpdHN0cmlwcy5pbW9qaQ==,forceOptOutEdgeToEdge
150244,Y29tLnNwYXJrNzEuc3RyYXZhdG9ncHg=,forceOptOutEdgeToEdge
150245,bWUubXljYWtl,forceOptOutEdgeToEdge
150246,Y29tLnRwLmxvaWdpYWloYXk=,forceOptOutEdgeToEdge
150247,Y29tLnNuYXBjaGF0LmFuZHJvaWQ=,forceOptOutEdgeToEdge
150248,Y29tLmlzbWFrZXIuYW5kcm9pZC5zaW1zaW1p,forceOptOutEdgeToEdge
150249,dlN0dWRpby5BbmRyb2lkLkNhbWVyYTM2MA==,forceOptOutEdgeToEdge
150250,Y29tLm1hc3Rlci5kdW5pYWFuYWtfdjE=,forceOptOutEdgeToEdge
150251,cGRmLnRhcC5zY2FubmVy,forceOptOutEdgeToEdge
150252,Y29tLnhlbml4c3R1ZGlvLmtlcGNv,forceOptOutEdgeToEdge
150253,Y29tLmludHNpZy5CQ1JMaXRl,forceOptOutEdgeToEdge
150254,Y29tLnNnaWMuc2dpbS5hcHA=,forceOptOutEdgeToEdge
150255,Y29tLmJ5Yml0LmFwcA==,forceOptOutEdgeToEdge
150256,Y29tLmZvbnRza2V5Ym9hcmQuZm9udHM=,forceOptOutEdgeToEdge
150257,Y29tLmtpbmVtYXN0ZXIuYXBwLmJlYXRzeW5j,forceOptOutEdgeToEdge
150258,d3Aud2F0dHBhZA==,forceOptOutEdgeToEdge
150259,Y29tLmZvc3Nrb3JlYS5mb3Nz,forceOptOutEdgeToEdge
150260,Y29tLmVjb25vbWlzdC5sYW1hcnI=,forceOptOutEdgeToEdge
150261,Y29tLmpvbGxpYmVlLmxveWFsdHk=,forceOptOutEdgeToEdge
150262,Y29tLmdyaW5kcmFwcC5hbmRyb2lk,forceOptOutEdgeToEdge
150263,Y29tLnRvY2Fib2NhLnRvY2FsaWZld29ybGQ=,forceOptOutEdgeToEdge
150264,Y29tLmV2bi5ldm5jcGNtb2JpbGU=,forceOptOutEdgeToEdge
150265,Y29tLnZpdmEudml2YW9uZQ==,forceOptOutEdgeToEdge
150266,dm4udmluZ3JvdXAudmluY2x1Yg==,forceOptOutEdgeToEdge
150267,Y29tLm1vb24uYXBwLnByb2Q=,forceOptOutEdgeToEdge
150268,dmlkZW8uZG93bmxvYWRlci52aWRlb2Rvd25sb2FkZXI=,forceOptOutEdgeToEdge
150269,Y29tLnlhbmRleC5zZWFyY2hhcHA=,forceOptOutEdgeToEdge
150270,YnIuY29tLnNpY29vYm5ldA==,forceOptOutEdgeToEdge
150271,Y29tLmFzc2FpLmFwcA==,forceOptOutEdgeToEdge
150272,Y29tLmZyb250cm93LnZsb2c=,forceOptOutEdgeToEdge
150273,Y29tLnBhcmFkaXNlLnBhcmFkaXNlYXBw,forceOptOutEdgeToEdge
150274,Y29tLnBheXBhbC5hbmRyb2lkLnAycG1vYmlsZQ==,forceOptOutEdgeToEdge
150275,Y29tLmRyb3Bib3guYW5kcm9pZA==,forceOptOutEdgeToEdge
150276,Y29tLkZyZWUuRHJhbWE=,forceOptOutEdgeToEdge
150277,cHJveHkuYnJvd3Nlci51bmJsb2NrLnNpdGVzLnByb3h5YnJvd3Nlci51bmJsb2Nrc2l0ZXM=,forceOptOutEdgeToEdge
150278,Y29tLm1lZGlhcmFkaWFuY2Uuc2hvdHNob3J0,forceOptOutEdgeToEdge
150279,Y29tLmNvbmZpcm10a3QubGl0ZQ==,forceOptOutEdgeToEdge
150280,Y29tLmZhbGFiZWxsYS5mYWxhYmVsbGFBcHA=,forceOptOutEdgeToEdge
150281,Y28uY29tLmJhbmNvbG9tYmlhLnBlcnNvbmFzLnN1cGVyYXBw,forceOptOutEdgeToEdge
150282,Y29tLmhpd2FpZnUuYXBw,forceOptOutEdgeToEdge
150283,Y29tLmNvdXBhbmcubW9iaWxl,forceOptOutEdgeToEdge
150284,Y29tLnJhZGlvLnBvY2tldGZt,forceOptOutEdgeToEdge
150285,Y29tLmdvb2dsZS5hbmRyb2lkLmFwcHMuc2VhcmNobGl0ZQ==,forceOptOutEdgeToEdge
150286,Y29tLmF6dXJlLmF1dGhlbnRpY2F0b3I=,forceOptOutEdgeToEdge
150287,Y29tLmxpdGF0b20uYXBw,forceOptOutEdgeToEdge
150288,Y29tLmxvdmVjb3VudGVy,forceOptOutEdgeToEdge
150289,Y29tLmJpYmxlLmhvbHkuYmlibGUuZm9yLndvbWVu,forceOptOutEdgeToEdge
150290,b3JnLmZpbmRteWtpZHMuYXBw,forceOptOutEdgeToEdge
150291,Y29tLmthZmxpeC5yZWJvcm5jYXJrcg==,forceOptOutEdgeToEdge
150292,Y29tLmdvb2dsZS5lYXJ0aA==,forceOptOutEdgeToEdge
150293,Y29tLmZyZWUudGlwdG9wLnZwbi5wcm94eQ==,forceOptOutEdgeToEdge
150294,Y29tLnRydWVjYWxsZXI=,forceOptOutEdgeToEdge
150295,Y29tLmNuYmMuY2xpZW50,forceOptOutEdgeToEdge
150296,YnIuY29tLm1ldXR1ZG8=,forceOptOutEdgeToEdge
150297,bm90ZS5ub3Rlc2FwcC5ub3RlYm9vay5ub3RlcGFkLnN0aWNreW5vdGVzLmNvbG9ybm90ZQ==,forceOptOutEdgeToEdge
150298,Y29tLnNoZGoudGVzdA==,forceOptOutEdgeToEdge
150299,Y29tLmpleWx1dGEudGltZXN0YW1wY2FtZXJhZnJlZQ==,forceOptOutEdgeToEdge
150300,Y29tLnZpZXR0ZWwudHYzNjA=,forceOptOutEdgeToEdge
150301,Y29tLnByaWNlbGluZS5hbmRyb2lkLm5lZ290aWF0b3I=,forceOptOutEdgeToEdge
150302,Y29tLmZhY2Vib29rLm9yY2E=,forceOptOutEdgeToEdge
150303,Y29tLmlsZXZpdC5hbHdheXouYW5kcm9pZA==,forceOptOutEdgeToEdge
150304,Y29tLnRkY20udHJ1ZWlkYXBw,forceOptOutEdgeToEdge
150305,Y29tLm1rLnRhYjI=,forceOptOutEdgeToEdge
150306,Y29tLnNsaW5n,forceOptOutEdgeToEdge
150307,Y29tLmVva29lLnNtYXJ0Zml0Y29hY2g=,forceOptOutEdgeToEdge
150308,Y29tLmNvaW5tYXJrZXRjYXAuYW5kcm9pZA==,forceOptOutEdgeToEdge
150309,dHcuZ292Lm1vYy5jcA==,forceOptOutEdgeToEdge
150310,Y29tLmNsaWNrLnJ1c2hwcm8=,forceOptOutEdgeToEdge
150311,Y29tLmdvb2dsZS5hbmRyb2lkLmFwcHMueW91dHViZS5raWRz,forceOptOutEdgeToEdge
150312,a3IuY28ub3Blbml0Lm9wZW5yaWRlcg==,forceOptOutEdgeToEdge
150313,Y2xhc3NjYXJkLm5ldA==,forceOptOutEdgeToEdge
150314,Y29tLmhpbHkuYXBw,forceOptOutEdgeToEdge
150315,Y29tLmR1dGNoYnJvcy5sb3lhbHR5,forceOptOutEdgeToEdge
150316,a3IuY28uZGhsb3R0ZXJ5LmxpdGU=,forceOptOutEdgeToEdge
150317,Y29tLm1pbGlicmlzLnByaXNtYS5oYnI=,forceOptOutEdgeToEdge
150318,bXkuZ292Lm9uZWdvdmFwcHN0b3JlLm5paXNl,forceOptOutEdgeToEdge
150319,Y29tLmdvb2dsZS5hbmRyb2lkLmFwcHMuYXV0aGVudGljYXRvcjI=,forceOptOutEdgeToEdge
150320,Y29tLmdyYWJ0YXhpLnBhc3Nlbmdlcg==,forceOptOutEdgeToEdge
150321,Y29tLmRvY3hyZWFkZXIuZG9jdW1lbnRyZWFkZXIud29yZG9mZmljZQ==,forceOptOutEdgeToEdge
150322,Y24uY29tLmFmdGVyc2hva3ouYXBw,forceOptOutEdgeToEdge
150323,Y29tLmF0b21jemFrLm5vdGVwYXQ=,forceOptOutEdgeToEdge
150324,Y29tLnplcm9kaGEua2l0ZTM=,forceOptOutEdgeToEdge
150325,Y29tLnNlZWtoby5hbmRyb2lk,forceOptOutEdgeToEdge
150326,Y29tLm11amk=,forceOptOutEdgeToEdge
150327,Y29tLmtkaC5ibXQ=,forceOptOutEdgeToEdge
150328,Y29tLmZpdmVyci5maXZlcnI=,forceOptOutEdgeToEdge
150329,b3JnLmdlb2dlYnJhLmFuZHJvaWQ=,forceOptOutEdgeToEdge
150330,Y29tLmlWaU5pLmJtd2hhdExpdGU=,forceOptOutEdgeToEdge
150331,Y29tLm5hbXV0ZWsua2FzaA==,forceOptOutEdgeToEdge
150332,Y29tLmJlZW1vLmFpLmZsdXR0ZXJfYmVlbW8=,forceOptOutEdgeToEdge
150333,Y29tLml0YW1hcm1lZGljYWwud2F0Y2hwYXQ=,forceOptOutEdgeToEdge
150334,b3JnLmdlb2dlYnJhLmFuZHJvaWQuY2FsY3VsYXRvci5zdWl0ZQ==,forceOptOutEdgeToEdge
150335,bmV0LnNhcm1hZHkuY29udGFjdGNhcnN3aXRodGFicw==,forceOptOutEdgeToEdge
150336,Y29tLmhlbGxvYnJpZ2l0LkJyaWdpdA==,forceOptOutEdgeToEdge
150337,YnIuY29tLnRhYmVsYWRldHVybm9jb21wbGV0YQ==,forceOptOutEdgeToEdge
150338,dm4ua3VyaW8uYW5kcm9pZA==,forceOptOutEdgeToEdge
150339,Y29tLnB1cnJzb25nLnB1cnJzb25nYXBwdjM=,forceOptOutEdgeToEdge
150340,Y29tLmNvbGVuZGkubW9uZXlfcGF5,forceOptOutEdgeToEdge
150341,Y29tLmthcnZ5,forceOptOutEdgeToEdge
150342,Y29tLmNvbnN1bWVkYnljb2RlLnNsb3Blcw==,forceOptOutEdgeToEdge
150343,Z3IucHJvdGVyZ2lhLm15cHJvdGVyZ2lh,forceOptOutEdgeToEdge
150344,Y29tLm5hdmVyY29ycC5nYW1lLmFuZHJvaWQuY29tbXVuaXR5,forceOptOutEdgeToEdge
150345,Y29tLnNvbGlkaWN0LmViZWJlaw==,forceOptOutEdgeToEdge
150346,Y29tLnViZXJjYWI=,forceOptOutEdgeToEdge
150347,Y29tLnNob3BpZnkuYXJyaXZl,forceOptOutEdgeToEdge
150348,Y29tLmNhbWJ5dGUub2tlbnNjYW4=,forceOptOutEdgeToEdge
150349,YXBwbi5jaGF2YXJhbWF0cmltb255,forceOptOutEdgeToEdge
150350,Y29tLnRlZW1jby5tZWV0aW5nZXI=,forceOptOutEdgeToEdge
150351,Y29tLnNpeGRlZS5tZnMubW1nLmN1c3RvbWVy,forceOptOutEdgeToEdge
150352,bnouY28uc3R1ZmYuYW5kcm9pZC5uZXdz,forceOptOutEdgeToEdge
150353,eW91LmluLnNwYXJrLmVuZXJneS5yaW5nLmdlbg==,forceOptOutEdgeToEdge
150354,a3Iub3IuSUZUVFRfZXp2aWxsZQ==,forceOptOutEdgeToEdge
150355,Y29tLnRyaWFuZ3VsYXIuYm9vdHlzbGFt,forceOptOutEdgeToEdge
150356,Y29tLmZhY2Vib29rLnRhbGs=,forceOptOutEdgeToEdge
150357,Y29tLmJhZG9vLm1vYmlsZQ==,forceOptOutEdgeToEdge
150358,Y29tLmZhdHNlY3JldC5hbmRyb2lk,forceOptOutEdgeToEdge
150359,Y29tLnBuZ2FtaW5nLm15Y2hvaWNl,forceOptOutEdgeToEdge
150360,ZnIuY2lidHAuY2lidHBldG1vaQ==,forceOptOutEdgeToEdge
150361,Y29tLmdhcmVuYS5nYW1lLmtndm4=,forceOptOutEdgeToEdge
150362,ZmFzdC5kaWMuZGljdA==,forceOptOutEdgeToEdge
150363,Y29tLmJlZXAuYmVlcG1lZGNsaWVudA==,forceOptOutEdgeToEdge
150364,Y29tLmJsb29tYmVyZy5hbmRyb2lkLnBsdXM=,forceOptOutEdgeToEdge
150365,Y29tLmthbm91dC5tYXdhcWl0,forceOptOutEdgeToEdge
150366,Y29pbi5pZGVudGlmaWVy,forceOptOutEdgeToEdge
150367,Y29tLnZpc2lvbndpemFyZC5wdWxzZQ==,forceOptOutEdgeToEdge
150368,bW9iaS5yZWRzdG9uZWdhbWVzLmNyb3Nzd29yZC5lbg==,forceOptOutEdgeToEdge
150369,Y29tLmxjYWNBcHA=,forceOptOutEdgeToEdge
150370,Y29tLmNuZS5zZXJ2aWNpb3NjbmU=,forceOptOutEdgeToEdge
150371,Y29tLmV0YXguaWNhbmhhbg==,forceOptOutEdgeToEdge
150372,Y29tLnNtYWxsYm91bGRlcmluZy5hdXJvcmF3YXRjaHVr,forceOptOutEdgeToEdge
150373,Y29tLm9jZWFuZ2FsYXh5LmNhbWVyYS5uZXc=,forceOptOutEdgeToEdge
150374,Y29tLmNvc3Rjby5kbWMuc3RvcmU=,forceOptOutEdgeToEdge
150375,dm4ubWFuZ29wbHVz,forceOptOutEdgeToEdge
150376,Y29tLnZpZXQubWFuYWdlci52bg==,forceOptOutEdgeToEdge
150377,Y29tLmFsaWJhYmEuYWxpZXhwcmVzc2hk,forceOptOutEdgeToEdge
170001,Y29tLmdvb2dsZS5hbmRyb2lkLmdvb2dsZXF1aWNrc2VhcmNoYm94,CoverLauncherWidgetInnerForOneUi80,applyAppCutout
190001,Y29tLmFuZHJvaWQuY2hyb21l,desktopDensityCompat
190002,Y29tLmdvb2dsZS5hbmRyb2lkLmFwcHMuZG9jcw==,desktopDensityCompat
190003,Y29tLmdvb2dsZS5hbmRyb2lkLmFwcHMubWFwcw==,desktopDensityCompat
190004,Y29tLmdvb2dsZS5hbmRyb2lkLnZpZGVvcw==,desktopDensityCompat
190005,Y29tLmdvb2dsZS5hbmRyb2lkLmFwcHMueW91dHViZS5tdXNpYw==,desktopDensityCompat
190006,Y29tLmdvb2dsZS5hbmRyb2lkLnlvdXR1YmU=,desktopDensityCompat
190007,Y29tLm1pY3Jvc29mdC5vZmZpY2Uub2ZmaWNlaHVicm93,desktopDensityCompat
190008,Y29tLm1pY3Jvc29mdC5za3lkcml2ZQ==,desktopDensityCompat
190009,Y29tLnNwb3RpZnkubXVzaWM=,desktopDensityCompat
190010,Y29tLm5ldGZsaXgubWVkaWFjbGllbnQ=,desktopDensityCompat
190011,anAuY28uY2Vsc3lzLmNsaXBzdHVkaW9wYWludC5nYWxheHlzdG9yZQ==,desktopDensityCompat
190012,Y29tLmdvb2Rub3Rlcy5hbmRyb2lkLmFwcA==,desktopDensityCompat
190013,bm90aW9uLmlk,desktopDensityCompat
190014,Y29tLmluc3RhZ3JhbS5hbmRyb2lk,desktopDensityCompat
190015,Y29tLmtha2FvLnRhbGs=,desktopDensityCompat
190016,Y29tLnNzLmFuZHJvaWQudWdjLnRyaWxs,desktopDensityCompat
190017,Y29tLm9wZW5haS5jaGF0Z3B0,desktopDensityCompat
190018,Y29tLmFtYXpvbi5hdm9kLnRoaXJkcGFydHljbGllbnQ=,desktopDensityCompat
190019,Y29tLnBpbnRlcmVzdA==,desktopDensityCompat
190020,Y29tLmFkb2JlLnJlYWRlcg==,desktopDensityCompat
190021,Y29tLmRpc2NvcmQ=,desktopDensityCompat
190022,Y29tLm1pY3Jvc29mdC5vZmZpY2Uud29yZA==,desktopDensityCompat
190023,Y29tLmNhbnZhLmVkaXRvcg==,desktopDensityCompat
190025,bmV0LmNqLmNqaHYuZ3MudHZpbmc=,desktopDensityCompat
190026,Y29tLm1pY3Jvc29mdC5lbW14,desktopDensityCompat
190027,Y29tLm1pY3Jvc29mdC5vZmZpY2UuZXhjZWw=,desktopDensityCompat
190028,Y29tLmJyYXZlLmJyb3dzZXI=,desktopDensityCompat
190029,Y29tLmVpbm5vdmF0aW9uLnRlbXU=,desktopDensityCompat
190030,Y29tLmxlbW9uLmx2b3ZlcnNlYXM=,desktopDensityCompat
190031,b3JnLm1vemlsbGEuZmlyZWZveA==,desktopDensityCompat
190032,Y29tLnNuYXBjaGF0LmFuZHJvaWQ=,desktopDensityCompat
190033,Y29tLmNydW5jaHlyb2xsLmNydW5jaHlyb2lk,desktopDensityCompat
190034,Y29tLnlhaG9vLm1vYmlsZS5jbGllbnQuYW5kcm9pZC5tYWls,desktopDensityCompat
190035,Y29tLmFtYXpvbi5raW5kbGU=,desktopDensityCompat
190036,Y29tLmNvdXBhbmcubW9iaWxlLnBsYXk=,desktopDensityCompat
190037,Y29tLmxpbmtlZGluLmFuZHJvaWQ=,desktopDensityCompat
190038,Y29tLnp6a2tv,desktopDensityCompat
190039,Y29tLmNvdXBhbmcubW9iaWxl,desktopDensityCompat
190040,Y29tLmFkc2suc2tldGNoYm9vaw==,desktopDensityCompat
190041,Y29tLm1pY3Jvc29mdC5vZmZpY2UucG93ZXJwb2ludA==,desktopDensityCompat
190042,Y24ud3BzLm1vZmZpY2VfZW5n,desktopDensityCompat
190043,Y29tLm1pY3Jvc29mdC5vZmZpY2Uub25lbm90ZQ==,desktopDensityCompat
190044,Y29tLnZpYmVyLnZvaXA=,desktopDensityCompat
190045,Y29tLm9wZXJhLmJyb3dzZXI=,desktopDensityCompat
190046,Y29tLm5obi5hbmRyb2lkLm5tYXA=,desktopDensityCompat
190047,b3JnLmp3Lmp3bGlicmFyeS5tb2JpbGU=,desktopDensityCompat
190048,Y29tLnJpcm9zb2Z0LnJpcm9zY2hvb2w=,desktopDensityCompat
190049,Y29tLm5hdmVyY29ycC5nYW1lLmFuZHJvaWQuY29tbXVuaXR5,desktopDensityCompat
190050,Y29tLmR1Y2tkdWNrZ28ubW9iaWxlLmFuZHJvaWQ=,desktopDensityCompat
190051,Y29tLmdvb2dsZS5hbmRyb2lkLmFwcHMuY2hyb21lY2FzdC5hcHA=,desktopDensityCompat
190052,Y29tLmZsZXhjaWwuZmxleGNpbG5vdGU=,desktopDensityCompat
190053,Y29tLm1lcmNhZG9saWJyZQ==,desktopDensityCompat
190054,Y29tLm14dGVjaC52aWRlb3BsYXllci5hZA==,desktopDensityCompat
190055,Y29tLmxhemFkYS5hbmRyb2lk,desktopDensityCompat
190056,Y29tLmJvb2tpbmc=,desktopDensityCompat
190057,Y29tLnRyYWRpbmd2aWV3LnRyYWRpbmd2aWV3YXBw,desktopDensityCompat
190058,Y29tLnRlbmNlbnQubW0=,desktopDensityCompat
190059,Y29tLnppbmcuemFsbw==,desktopDensityCompat
190060,a3IuY28ubm93Y29tLm1vYmlsZS5hZnJlZWNh,desktopDensityCompat
190061,Y29tLnNpcm1hLm1vYmlsZS5iaWJsZS5hbmRyb2lk,desktopDensityCompat
190062,Y29tLnlhbmRleC5icm93c2Vy,desktopDensityCompat
190063,Y29tLmJyYWtlZmllbGQucGFpbnRlcg==,desktopDensityCompat
190064,YWkucGVycGxleGl0eS5hcHAuYW5kcm9pZA==,desktopDensityCompat
190065,Y29tLmppbmd5YW8uZWFzeWJpa2U=,desktopDensityCompat
190066,Y29tLnRlbmNlbnQucXFsaXZl,desktopDensityCompat
190067,Y29tLnlvdWt1LnBob25l,desktopDensityCompat
190068,Y29tLnFpeWkudmlkZW8=,desktopDensityCompat
190069,Y29tLnNzLmFuZHJvaWQudWdjLmF3ZW1l,desktopDensityCompat
190070,Y29tLnhpbmdpbi54aHM=,desktopDensityCompat
190071,Y29tLmJhaWR1Lm5ldGRpc2suc2Ftc3VuZw==,desktopDensityCompat
190072,Y24uZGFtYWk=,desktopDensityCompat
190073,Y29tLlF1bmFy,desktopDensityCompat
190074,Y29tLnZpZGVvZ28=,desktopDensityCompat
190077,Y29tLmJhaWR1LnNlYXJjaGJveA==,desktopDensityCompat
190078,Y29tLmJhaWR1LnRpZWJh,desktopDensityCompat
190079,Y29tLm1jaS5zbWFnYXppbmU=,desktopDensityCompat
190080,Y29tLmhleGluLnBsYXQuYW5kcm9pZA==,desktopDensityCompat
190081,Y21iLnBi,desktopDensityCompat
190082,Y29tLmNoaW5hbXdvcmxkLmJvY21iY2k=,desktopDensityCompat
190083,Y29tLmN0LmNsaWVudA==,desktopDensityCompat
190084,Y29tLnN1cC5hbmRyb2lkLnN1cGVyYg==,desktopDensityCompat
190085,Y29tLmJhaWR1Lm5ldGRpc2s=,desktopDensityCompat
190086,dHYuZGFubWFrdS5iaWxp,desktopDensityCompat
190087,Y29tLnRhb2Jhby5pZGxlZmlzaA==,desktopDensityCompat
190088,Y29tLnF1YXJrLmJyb3dzZXI=,desktopDensityCompat
190089,Y29tLk1vYmlsZVRpY2tldA==,desktopDensityCompat
190090,Y29tLnBob2VuaXgucmVhZA==,desktopDensityCompat
190091,Y29tLlVDTW9iaWxl,desktopDensityCompat
190092,Y29tLnRlbmNlbnQud2V3b3Jr,desktopDensityCompat
190093,Y29tLmx1bmEubXVzaWM=,desktopDensityCompat
190094,Y29tLmxlbW9uLmx2,desktopDensityCompat
190095,Y24uZ292LnRheC5pdHM=,desktopDensityCompat
190096,Y29tLnhpbWFsYXlhLnRpbmcuYW5kcm9pZA==,desktopDensityCompat
190097,Y29tLnpoaWh1LmFuZHJvaWQ=,desktopDensityCompat
190098,Y29tLmNhaW5pYW8ud2lyZWxlc3M=,desktopDensityCompat
190099,Y29tLmhwYnIuYm9zc3poaXBpbg==,desktopDensityCompat
190100,Y29tLmFjaGlldm8udmlwc2hvcA==,desktopDensityCompat
190101,Y29tLnlpdG9uZy5tYmFuay5wc2Jj,desktopDensityCompat
190102,Y29tLnNzLmFuZHJvaWQuYXV0bw==,desktopDensityCompat
190104,Y29tLnNtaWxlLmdpZm1ha2Vy,desktopDensityCompat
190105,Y29tLnNzLmFuZHJvaWQudWdjLmF3ZW1lLmxpdGU=,desktopDensityCompat
190106,Y29tLmt1Z291LmFuZHJvaWQ=,desktopDensityCompat
190107,Y29tLmt1YWlzaG91Lm5lYnVsYQ==,desktopDensityCompat
190109,Y29tLmF1dG9uYXZpLm1pbmltYXA=,desktopDensityCompat
190110,Y29tLnNzLmFuZHJvaWQuYXJ0aWNsZS52aWRlbw==,desktopDensityCompat
190111,Y29tLnNzLmFuZHJvaWQueXVtbWUudmlkZW8=,desktopDensityCompat
190112,Y29tLmNtY2MuY212aWRlbw==,desktopDensityCompat
190113,Y29tLmh1bmFudHYuaW1nby5zYW1zdW5n,desktopDensityCompat
190114,Y29tLmh1bmFudHYuaW1nby5hY3Rpdml0eQ==,desktopDensityCompat
190115,Y29tLnRlbmNlbnQucXFzcG9ydHM=,desktopDensityCompat
190116,Y29tLnNzLmFuZHJvaWQudWdjLmxpdmU=,desktopDensityCompat
190117,Y29tLnRlbmNlbnQubW9iaWxlcXE=,desktopDensityCompat
190118,Y29tLmV4YW1wbGUucHB0dg==,desktopDensityCompat
190119,Y29tLnNpbmEud2VpYm8=,desktopDensityCompat
190120,Y29tLmljYmM=,desktopDensityCompat
190121,Y29tLmdyZWVucG9pbnQuYW5kcm9pZC5tYzEwMDg2LmFjdGl2aXR5,desktopDensityCompat
190122,Y29tLmFuZHJvaWQuYmFua2FiYw==,desktopDensityCompat
190123,Y29tLnNoaXpodWFuZy5kdWFwcA==,desktopDensityCompat
190124,Y29tLnVuaW9ucGF5,desktopDensityCompat
190125,Y3RyaXAuYW5kcm9pZC52aWV3,desktopDensityCompat
190126,Y29tLmFsaWJhYmEuYW5kcm9pZC5yaW1ldA==,desktopDensityCompat
190127,Y29tLmRyYWdvbi5yZWFk,desktopDensityCompat
190128,Y29tLmp2LnNhbXN1bmdlc2hvcA==,desktopDensityCompat
190129,Y29tLmpkLmpyYXBw,desktopDensityCompat
190130,Y29tLm1vamkubWp3ZWF0aGVy,desktopDensityCompat
190131,Y29tLmJhbmtjb21tLkJhbmtjb21t,desktopDensityCompat
190132,Y29tLmNjdHYueWFuZ3NoaXBpbi5hcHAuYW5kcm9pZHA=,desktopDensityCompat
190133,Y29tLmR6LmhtamM=,desktopDensityCompat
190134,Y29tLnRhb2Jhby50YW9iYW8=,desktopDensityCompat
190135,Y29tLnNhbmt1YWkubWVpdHVhbg==,desktopDensityCompat
190136,Y29tLnh1bm1lbmcucGluZHVvZHVv,desktopDensityCompat
190137,Y29tLnRlbmNlbnQucXFtdXNpYw==,desktopDensityCompat
190138,Y29tLmNoaW5hbXdvcmxkLm1haW4=,desktopDensityCompat
190139,Y29tLmppbmdkb25nLmFwcC5tYWxs,desktopDensityCompat
190140,Y29tLnNzLmFuZHJvaWQudWdjLmxpdmVsaXRl,desktopDensityCompat
180001,Y29tLmNyZWF0aXZlLmFwcHMuc3VwZXJ4ZmlwbGF5ZXI=,forceOptOutAad
180002,a3IuY28ubnVyaWFwcC5jYXNv,forceOptOutAad
180003,Y29tLmFsZXhleW1vcm96dWEuZmluZWxpbmVz,forceOptOutAad
180004,Y29tLnByb21vdG9ucw==,forceOptOutAad
180005,Y29tLmFsZXhleW1vcm96dWEudGltZWJyaWRnZQ==,forceOptOutAad
180006,Y29tLmdvb2dsZS5hbmRyb2lkLkdvb2dsZUNhbWVyYQ==,forceOptOutAad
180007,Y29tLm1pcnJvcmFpLmFwcA==,forceOptOutAad
180008,Y29tLmNhbmR5MTIucGFjaw==,forceOptOutAad
180009,Y29tLmNpcmNsZXRvc2VhcmNoLmFuZHJvaWQ=,forceOptOutAad
180010,Y29tLmlybW8uYWkuYXJ0LmdlbmVyYXRvcg==,forceOptOutAad
180011,Y29tLmdhcm1pbi5hbmRyb2lkLmRyaXZlYXBwLnRyZWFk,forceOptOutAad
180012,ZGUucmJiLnJiYjI0,forceOptOutAad
180013,Y29tLmFsbGFrb3JlLnNlbnNpbWFzdGVyZmY=,forceOptOutAad
180014,Y29tLm9yYml0a3dndC5wYWNr,forceOptOutAad
180015,Y29tLnRhcmFzb3Ztb2JpbGUuY2My,forceOptOutAad
180016,amFpbmVlbC52aWRlb2NvbnZlcnRvci5wcm8=,forceOptOutAad
180017,ZGUuc2hlZWdvLm1vYmlsZQ==,forceOptOutAad
180018,Y29tLm1ha2Vub3RldG9zZWxm,forceOptOutAad
180019,Z3VpZGUuaHVuZ2FyeS5idWRhcGVzdC5wcm9k,forceOptOutAad
180020,Y29tLnRvcG1peGt3Z3RieWFobWFkLmt1c3RvbS5wYWNr,forceOptOutAad
180021,YWx3YXlzLm9uLmRpc3BsYXkuYW1vbGVk,forceOptOutAad
180022,Y29tLml0YWxpYW5vLnNpbXBseW1pbmltYWw=,forceOptOutAad
180023,Y29tLnBvd2VyZm94LnBvd2VyZm94,forceOptOutAad
180024,Y29tLmJsdWVjdWJlLmdhbGF4eQ==,forceOptOutAad
180025,Y29tLmNhcmVldm9sdXRpb24ubXlkYXRhaGVscHM=,forceOptOutAad
180026,Y29tLnRob21hc2t1ZW5uZXRoLnRrd2Vlaw==,forceOptOutAad
180027,Y29tLnN0dWRpb25pdmFkZXYucGluZ3RyYWNl,forceOptOutAad
180028,Y29tLmNhcnBlbmd1aW4=,forceOptOutAad
180029,dGsuc2lsdmlvbWFyYW5vLmltYWdlYW5hbHlzaXN0b29sc2V0,forceOptOutAad
180030,dm9sYW50LmludGxwbHVz,forceOptOutAad
180031,Y29tLmZyZWVtaXVtLmFuZHJvaWQuYXBwcy5ncHMuYWx0aXR1ZGUuZWxldmF0aW9u,forceOptOutAad
180032,Y29tLkNsb2NrMQ==,forceOptOutAad
180033,Y29tLm9tZXJhcHAuc2hhcmVhcHA=,forceOptOutAad
180034,Y29tLnVuaW9uY29vcC51Y3M=,forceOptOutAad
180035,Y29tLmVsbnVldm9kaWEuYW5kcm9pZGFwcGxpY2F0aW9u,forceOptOutAad
180036,Y29tLmxkai5zaGkuaG90,forceOptOutAad
180037,bm90aGluZ3Byby5hbmRyb2ZyZWFrLmt3Z3Q=,forceOptOutAad
180038,Y29tLmRvdWJsZXAud2FrZXk=,forceOptOutAad
180039,Y29tLm1pY3Jvc29mdC5sYXVuY2hlci5lbnRlcnByaXNl,forceOptOutAad
180040,Y29tLm1hcmNvY29ycC5jYw==,forceOptOutAad
180041,Y29tLnlpbnFzLndlZWtseW1lYWxwbGFubmVy,forceOptOutAad
180042,Y29tLmNhc2Fkb3plcHMuY29jb2ZlbGl6,forceOptOutAad
180043,ZXUuZmFpcmNvZGUuZW1haWw=,forceOptOutAad
180044,bmV0LmFhc3VpdGVkLnVuaXZlcnNhbHNjb3JldHJhY2tlcg==,forceOptOutAad
180045,cGwud2Fza3lzb2Z0LnNjcmVlbnNob3Rhc3Npc3RhbnQ=,forceOptOutAad
180046,Y29tLmFkYXB0aXZlMTRrd2d0LnBhY2s=,forceOptOutAad
180047,Y29tLmJyaW5nLnNwb3JpbmcuY29udHJvbGxlcg==,forceOptOutAad
180048,Y29tLml0YWxpYW5vLmRpc2NhcmQ=,forceOptOutAad
180049,b25seW1hc2guZmxleGJvb3J1LnBsYXk=,forceOptOutAad
180050,Y29tLmpuZGFwcC5nYWxheHkub25ldWkuZGFyay5pY29ucGFjaw==,forceOptOutAad
180051,YWJrLmtleWJvYXJk,forceOptOutAad
180052,Y29tLmNvb2xnZWR1LmNvb2xndXJ1a3Vs,forceOptOutAad
180053,Y29tLnN3ZWFrLnFyYWxhcm0=,forceOptOutAad
180054,ZGUubGVta2UuZ2V0aWNvbg==,forceOptOutAad
180055,Y29tLnBhdHJvbnVzZ3JvdXAuY2FyZXI=,forceOptOutAad
180056,Y29tLm15b3Nrd2d0c2J5YWhtYWQua3VzdG9tLnBhY2s=,forceOptOutAad
180057,Y29tLmVraWsudGFjdGljYWxuYXZpZ2F0aW9u,forceOptOutAad
180058,Y29tLnBpd2lnby5waXdpZ29fbmc=,forceOptOutAad
180059,b3JnLm1hcGFwcHMuc21hcnRtYXBzb2ZmbGluZQ==,forceOptOutAad
180060,Y29tLml0YWxpYW5vLnN0b2NrYWk=,forceOptOutAad
180061,Y29tLm5vdGhpbmdwbHVza3dndC5wYWNr,forceOptOutAad
180062,Y29tLmxpdGV1cC5nZXRnYWlucw==,forceOptOutAad
180063,Y29tLnViZWVzbGFiLm15YmVl,forceOptOutAad
180064,Y29tLnNob3lvLnpuYWtvdmk=,forceOptOutAad
180065,Y29tLmNvbXBhc3Npb24uY29tcGFzc2lvbg==,forceOptOutAad
180066,Y29tLnNhbXN1bmcuYW5kcm9pZC5ydWxlcg==,forceOptOutAad
180067,Y29tLnJlY3ljbGVkZXZpY2UucGFydG5lcnM=,forceOptOutAad
180068,Y29tLmZzb3lkYW4ub2FrYWk=,forceOptOutAad
180069,anAucmF6dW1hLnNlcGlhcGhvdG8=,forceOptOutAad
180070,Y29tLmJpem5lb2hyLnB3YQ==,forceOptOutAad
180071,Y29tLm1hbGF5YWxpX2RhdGluZ2FwcA==,forceOptOutAad
180072,Y29tLmV6cmVtcy5tX3Jlcw==,forceOptOutAad
180073,Y29tLnVyYmFucGlwZXIubmFuZHVz,forceOptOutAad
180074,Y29tLmplc3VzbS5wYXNzZXNyZWFkZXI=,forceOptOutAad
180075,YmFzLmxpbWJpYy5haQ==,forceOptOutAad
180076,Y29tLmplbml1cw==,forceOptOutAad
180077,b3JnLnRvdHNjaG5pZy5teWV4cGVuc2Vz,forceOptOutAad
180078,Y29tLnNob3BzdHJlZXQuYXBw,forceOptOutAad
180079,Y29tLmZyZWVtaXVtLmFuZHJvaWQuYXBwcy5zb3VuZG1ldGVy,forceOptOutAad
180080,Y29tLmZsYXNobGlnaHQuZmxhc2hhbGVydC5sZWRzY3JlZW4=,forceOptOutAad
180081,Y29tLml0YWxpYW5vLmlibGFjaw==,forceOptOutAad
180082,ZGUudm94dHVuZQ==,forceOptOutAad
180083,Y29tLml0YWxpYW5vLnRyYW5zcGFyZW5jeQ==,forceOptOutAad
180084,Y29tLm5vdGhpbmdyZW1peGt3Z3QucGFjaw==,forceOptOutAad
180085,Y29tLml0YWxpYW5vLm1pZG5pZ2h0ZGFyaw==,forceOptOutAad
180086,Y29tLnRodW5kZXJrd2d0LnBhY2s=,forceOptOutAad
180087,Y29tLmFwcC5rYXNpbmE=,forceOptOutAad
180088,Y29tLnJvc2FuLmRoaXp1a3U=,forceOptOutAad
180089,Y29tLmJyeWFuY2FuZGkuYW5kcm9pZC51aXR1bmVy,forceOptOutAad
180090,Y29tLml0YWxpYW5vLnBhc3RlbGRhcms=,forceOptOutAad
180091,Y29tLnpleWtpdC5kZXYuY3J5cHRvbWFya2V0Y2Fw,forceOptOutAad
180092,d2F2eS53YWxscy5kcm9pZGJlYXV0eS5wYWNr,forceOptOutAad
180093,Y29tLm5hdmljbGllbnQ=,forceOptOutAad
180094,Y29tLnN1cnJlYWxkZXYubWF4,forceOptOutAad
180095,Y29tLnBlb3BsZWNvbm5lY3QuY2xhc3NtYXRlcw==,forceOptOutAad
180096,Y29tLnNjaG9vbGJyaWRnZS5yb3NlbW91bnRwcmVzY2hvb2w=,forceOptOutAad
180097,Y29tLml0YWxpYW5vLml3aGl0ZQ==,forceOptOutAad
180098,Y29tLm1vdGlvbmNhbS5wcm8=,forceOptOutAad
180099,ZGV2LnZva3N1Lmhpem8=,forceOptOutAad
180100,c3dvcmtpdGFwcC5zd29ya2l0LmNvbQ==,forceOptOutAad
180101,Y29tLmhvc3RpbmdkdXR5LmRpZ2lwaW4=,forceOptOutAad
180102,YXBwLmV4dHJhLmFuZHJvaWQ=,forceOptOutAad
180103,Y29tLmF4aWVsNy5tb2VsaXN0,forceOptOutAad
180104,cHkuY29tLmNsYXJvLmFuZHJvaWQ=,forceOptOutAad
180105,Y29tLnNwZWVkcmVhZGluZy5hbGV4YW5kZXIuc3BlZWRyZWFkaW5n,forceOptOutAad
180106,Y29tLnRhbW9iLmdhaW52b2x1bWVib29zdGVy,forceOptOutAad
180107,Y29tLmJsYWdveW91dGguaHltbnMzMzAw,forceOptOutAad
180108,dm4ucGFtZy5haS5jaGFyYWN0ZXIuY2hhdA==,forceOptOutAad
180109,Y29tLmdvb2dsZS5hbmRyb2lkLmFwcHMua2lkcy5ob21l,forceOptOutAad
180110,b3JnLmxlZXR6b25lLmFuZHJvaWQueWF0c2V3aWRnZXRmcmVl,forceOptOutAad
180111,Y29tLml0YWxpYW5vLnBhc3RlbGNvenk=,forceOptOutAad
180112,Y29tLmZsYXR0ZW4uc2hvZXByaXpl,forceOptOutAad
180113,Y29tLmpnZWVrMDAubGlua2R5,forceOptOutAad
180114,Y29tLnNhbml0YXMuc2FuaXRhcw==,forceOptOutAad
180115,aXQuU2hhdXJ5YW5QaG9uZS5tdXNpYw==,forceOptOutAad
180116,Y29tLmZsYWlybWVzaC5mbG9vZ3Bz,forceOptOutAad
180117,Y29tLmFuZHJvMTJrd2d0Lmt1c3RvbS5wYWNr,forceOptOutAad
180118,Y29tLm1pcnJvci5saW5rLnNjcmVlbm1pcnJvcmluZ2ZvcmNhci5taXJyb3JsaW5rLnNjcmVlbm1pcnJvcmluZy5taXJhY2FzdC53aXJlbGVzcy5jb25uZWN0aW9uLmNhc3R0b2Nhcg==,forceOptOutAad
180119,Y29tLml0YWxpYW5vLmRhcmtzaWRl,forceOptOutAad
180120,Y29tLmZsYWlybWVzaC5zY2FudG9wYw==,forceOptOutAad
180121,Y29tLmhvbW5pLnhqeS5pb25fbmV3,forceOptOutAad
180122,Y29tLndtc3BhbmVsLmxhcml4X2Jyb2FkY2FzdGVy,forceOptOutAad
180123,Y29tLmFsbGFrb3JlLnN3YXBub3Jvb3Q=,forceOptOutAad
180124,Y29tLmRpY2Vrd2d0LnBhY2s=,forceOptOutAad
180125,Y29tLml0YWxpYW5vLnNpbXBseXlvdQ==,forceOptOutAad
180126,Y29tLmVkbXRyYWluLmVkbXRyYWNrcw==,forceOptOutAad
180127,Y29tLmFpLmhlYWRzaG90LmdlbmVyYXRvcmFwcA==,forceOptOutAad
180128,dmVsYXJrd2d0LmRyb2lkYmVhdXR5LnBhY2s=,forceOptOutAad
180129,ZnJvc3Rrd2d0LmRyb2lkYmVhdXR5LnBhY2s=,forceOptOutAad
180130,Y29tLnBnLmxhY3Vwb25lcmE=,forceOptOutAad
180131,Y29tLmFsZXhleW1vcm96dWEuc3BvcnRwdWxzZQ==,forceOptOutAad
180132,ZGljb20uZmVuZy5nYW8=,forceOptOutAad
180133,Y29tLndhbGx6b25lLnBhY2s=,forceOptOutAad
180134,YmFyYW1hdGltYy5hcHA=,forceOptOutAad
180135,Y29tLnNpdg==,forceOptOutAad
180136,Y29tLml0YWxpYW5vLnllbGxvd3N0YXI=,forceOptOutAad
180137,Y29tLmFtYWx0cmFuc2xhdG9yLmJpc2F5YXRhZ2Fsb2c=,forceOptOutAad
180138,Y29tLmdhbWVzd29ya3Nob3AudzQwaw==,forceOptOutAad
180139,Y29tLmdlbWt3Z3RieWFobWFkLmt1c3RvbS5wYWNr,forceOptOutAad
180140,Y29tLnN0ZXBoYW5lZ2luaWVyLm5vbWFk,forceOptOutAad
180141,bGhvdHNla3dndC5rdXN0b20ucGFjaw==,forceOptOutAad
180142,Y29tLnNraWxsY2F0,forceOptOutAad
180143,Y29tLkJUUEFTVHJhTQ==,forceOptOutAad
180144,Y29tLmFsZXhleW1vcm96dWEucnVzdGljd2FsbnV0,forceOptOutAad
180145,Y29udmVyc29yLmNvbnZlcnNhb3RheGFzYmFzaWNvLmV1cmdpcA==,forceOptOutAad
180146,Y29tLmFjZC5jYWxlbmRhcg==,forceOptOutAad
180147,Y29tLmZyZWVtaXVtLmFuZHJvaWQuYXBwcy5mMWNhbGVuZGFyYW5kcmVtYWluZGVy,forceOptOutAad
180148,Y29tLm1hZ25ldHZwbg==,forceOptOutAad
180149,Y29tLmVhLmdwLmJyb29rbHlu,forceOptOutAad
180150,Y29tLmRwLmxvZ2NhdGFwcA==,forceOptOutAad
180151,aWUuZG9uZWRlYWwuYW5kcm9pZA==,forceOptOutAad
180152,YWkuc2VhcmNoLmVuZ2luZS5icm93c2Vy,forceOptOutAad
180153,Y29tLmV4cGVydGFwcC5tb3ZpZWxpeA==,forceOptOutAad
180154,c2ZzLmdhbWluZ2Jw,forceOptOutAad
180155,Y29tLnhpZ2VtZS5iYXRjaHJlbmFtZS5hbmRyb2lk,forceOptOutAad
180156,Y29tLm1heGVsdXMuZ2FsYXh5cGFja2xpdmV3YWxscGFwZXI=,forceOptOutAad
180157,ZXUud2l0dGdydXBwZS53aXR0,forceOptOutAad
180158,Y29tLmFyY3RpY3MuZ2VvbGlv,forceOptOutAad
180159,bmV0Lmlta25vd24uYW5kcm9pZC5mb3JlZnJvbnRpbmZv,forceOptOutAad
180160,Y29tLmtlaWNlLnF1aWNrbGF1bmNoZXI0,forceOptOutAad
180161,Y29tLmFpcGx1c3dhbGxzLnBhY2s=,forceOptOutAad
180162,Y29tLnNlY3VyZS52cG4uZnJlZXZwbg==,forceOptOutAad
180163,Y29tLmV4YW1wbC5hbGxkdWJzdGVwcmFkaW8=,forceOptOutAad
180164,ZGUuZGlldGVydGhpZXNzLnZwbnNob3J0Y3V0,forceOptOutAad
180165,Y29tLnNhcnllbGdtYWwuY29udGFjdHBob3Rv,forceOptOutAad
180166,d2luZGtsd3AuZHJvaWRiZWF1dHkucGFjaw==,forceOptOutAad
180167,Y29tLnNpbXBsZWlub3V0LmFuZHJvaWQ=,forceOptOutAad
180168,Y29tLmJyeWFuZi50b29s,forceOptOutAad
180169,Y29tLmFwcHRhc3RpYy5iZXJsaW51YmFobm1hcA==,forceOptOutAad
180170,d2Vhci53YXRjaGZhY2VzLmdyZWVuYXJteXJ1bndhdGNoZmFjZQ==,forceOptOutAad
180171,YXV0b2NhbGxzY2hlZHVsZS5jb3ZheXVydC5jb20uYXV0b2NhbGxzY2hlZHVsZQ==,forceOptOutAad
180172,Y29udmVyc29yLmNvbnZlcnNhb3RheGFzYmFzaWNvLnVzZGNyYw==,forceOptOutAad
180173,Y29tLnBvY2tldHByZXAuYW5kcm9pZC5iZWhhdmlvcmFsaGVhbHRo,forceOptOutAad
180174,bGl2ZS5zdHVkeXN0cmVhbS5hcHA=,forceOptOutAad
180175,Y29tLnBvY2tldHByZXAuYW5kcm9pZC5lc3NlbnRpYWxz,forceOptOutAad
180176,Y29tLmFzdHJvZ3VpZGUuaG9yb3Njb3BlLnRhcm90LmZyZWU=,forceOptOutAad
180177,Y29tLmVhcnRod2FsbHBhcGVyM0QubmF0dXJlc3BhY2U0Sy5oZGJhY2tncm91bmQuYW5pbWF0ZWQ=,forceOptOutAad
180178,Y29tLmVudmVsb3BlZGV2ZWxvcG1lbnQubG9vcHo=,forceOptOutAad
180179,Y29tLnRheWxvci5ibGFja3N0b25l,forceOptOutAad
180180,Y29tLmJvYmVrLmNvbXBhc3M=,forceOptOutAad
180181,b3JnLm5hdGlvbmFsaW50ZXJuZXRvYnNlcnZhdG9yeS5tb2JpbGU=,forceOptOutAad
180182,Y29tLnJlYXBlcmRldnMuYWZ0Y2FsYw==,forceOptOutAad
180183,Y29tLnBvY2tldHByZXAuYW5kcm9pZC5tZWRpY2Fs,forceOptOutAad
180184,bW9iaWxlU1NILmZlbmcuZ2Fv,forceOptOutAad
180185,Y29tLmZhbnpldGVjaC5ob2x5cXVyYW4=,forceOptOutAad
180186,Y29tLmR5bmFtaWNnLnRpbWVyZWMucGx1Z2luOQ==,forceOptOutAad
180187,bmV0LnZvbGNhbm9tb2JpbGUubWlkaXBsYXllcg==,forceOptOutAad
180188,Y29tLnN1YnRpdGxlLmdvb2dsZQ==,forceOptOutAad
180189,Y29tLmludml0cm8uYXBw,forceOptOutAad
180190,Y29tLmFic2ludGhlLmxpYmNoZWNrZXI=,forceOptOutAad
180191,Y29tLnJlZG1hbml0LmxvY2tzY3JlZW4=,forceOptOutAad
180192,cm8uYXJncGkueW9nYXRpbWVy,forceOptOutAad
180193,b3JnLnNwYXJjcy5vdGxwbHVz,forceOptOutAad
180194,Y29tLnNwcmluZ2FwcGxpY2F0aW9ucy5zcGVlZG9tZXRlcg==,forceOptOutAad
180195,cnUuZGltb252aWRlby5uZXdz,forceOptOutAad
180196,Y29tLmJ1c3Zhcm5hLnRpY2tldA==,forceOptOutAad
180197,Y29tLmViaW4ucHJheWVyLmFwcA==,forceOptOutAad
180198,Y29tLmJlcmVhbC5mdA==,forceOptOutAad
180199,Y29tLnN1cHJlbWV2dWUuZWNvYmVld3JhcA==,forceOptOutAad
180200,Y29tLmJydW5vcGlvdmFuLmF2b3pkYXp1ZWlyYQ==,forceOptOutAad
180201,Y29tLm92aXZvLnBpenphLnBlcmZlY3Q=,forceOptOutAad
180202,Y29tLnZpZXR0cmFuLklOS3JlZGlibGVQcm8=,forceOptOutAad
180203,Y29tLmh1c3Rtb2JpbGUudGVzbGFtaXJyb3I=,forceOptOutAad
180204,Y29tLmtyb2VnZXJhbWEuYXBwY2hlY2tlcg==,forceOptOutAad
180205,Y29tLnN0YW1wbWUuYW5kcm9pZA==,forceOptOutAad
180206,Y29tLnRob3JrcmFjaW5nLmRtZDJsYXVuY2hlcg==,forceOptOutAad
180207,YXBwLm9yZ2FuaWNtYXBz,forceOptOutAad
180208,Y29tLnRocmVlLnVzY2l0aXplbnNoaXA=,forceOptOutAad
180209,Y29tLmJsb29tYmVyZy5hbmRyb2lkLmFueXdoZXJl,forceOptOutAad
180210,aW4uY28uZXpv,forceOptOutAad
180211,Y29tLml0YWxpYW5vLnB1cmVlc3NlbmNl,forceOptOutAad
180212,Y29tLnRvbmFsLmNvbXBhbmlvbg==,forceOptOutAad
180213,Y29tLnp1bGlwbW9iaWxl,forceOptOutAad
180214,d3d3LnVjdXpraXRhcGFsLmNvbQ==,forceOptOutAad
180215,d29ya3MudGVtcGVyLnRlbXBlckFuZHJvaWQ=,forceOptOutAad
180216,cnUuYWRlbmdp,forceOptOutAad
180217,Y29tLnByb3Blb3BsZS5hbmRyb2lkLm5mYmlv,forceOptOutAad
180218,anAubmUuZG9jb21vLnJzcC5ncA==,forceOptOutAad
180219,Y29tLm1jYi5ha3NoYXJhLmFjdGl2aXR5,forceOptOutAad
180220,Y29tLm51bWVyb3Njb3BlLm51bWVyb2xvZ3kubnVtYmVy,forceOptOutAad
180221,Y29tLmFuc2FyaS5rd2d0,forceOptOutAad
180222,Y29tLnJhdmVuZmVsZC5wYW5vcmFtYXguYmFiYQ==,forceOptOutAad
180223,YmltYTEwMXNvay5qYXZh,forceOptOutAad
180224,aW8udGluYml0cy5tZW1vcmlnaQ==,forceOptOutAad
180225,ZHJhbWFzaG9ydHMuZHJhbWFyZWVscy5zaG9ydGZpbG0udmlkZW9yZWVscw==,forceOptOutAad
180226,Y29tLnBvY2tldHByZXAuYW5kcm9pZC5wcm9mZXNzaW9uYWw=,forceOptOutAad
180227,Y29tLnBvY2tldHByZXAuYW5kcm9pZC5udXJzaW5n,forceOptOutAad
180228,Y29tLk11c2llLk11c2lzaW1wbGVtdXNpY2F1ZGlvcGxheWVy,forceOptOutAad
180229,Y29tLmNhdGFtYXJhbnJ4LmJyaW92YXJ4,forceOptOutAad
180230,Y29tLnRoZWdyaXp6bHlsYWJzLmdlbml1c3NjYW4=,forceOptOutAad
180231,Y29tLm1vb25kcm9wbGFiLm1vb25kcm9wLm1vb25kcm9wX2FwcA==,forceOptOutAad
180232,b3JnLnltY2EzNjAub21uaQ==,forceOptOutAad
180233,ZGV2LmR3b3Jrcy5hcHBzLmFuZXhwbG9yZXIucHJv,forceOptOutAad
180234,ZGUuaGVpbmUubW9iaWxl,forceOptOutAad
180235,Y29tLmZ1aml4d2Vla2x5LlJpY29oUmVjaXBlcw==,forceOptOutAad
180236,anAucmF6dW1hLmNpcmNsZWNyb3A=,forceOptOutAad
180237,Y29tLm9wZW5wZXQucGV0Zm9yZWNhc3Q=,forceOptOutAad
180238,ZWR1LnZpdC5zZWxmY2FyZQ==,forceOptOutAad
180239,ZXUud2l0dGdydXBwZS5jcmVhdGlvbmw=,forceOptOutAad
180240,Y29tLmdjLnRlYW1tYW5hZ2Vy,forceOptOutAad
180241,Y29tLnBhcGVybGVzcy5wYXBlcmxlc3Nwb3N0,forceOptOutAad
180242,Y29tLmhvbWV0b2dv,forceOptOutAad
180243,Y29tLmFyamFudmxlay5veHlnZW51cGRhdGVy,forceOptOutAad
180244,Y29tLmdhbWlmeXN0dWRpby5jYXIuZGVhbGVyc2hpcA==,forceOptOutAad
180245,Y29tLmh1bW1pbmd1cC52b2ljZS5hbmRyb2lk,forceOptOutAad
180246,Y29tLnBhdmVscmVrdW4uc2tpdA==,forceOptOutAad
180247,Y29tLnByYW5hdnBhbmRleS50aGVtZQ==,forceOptOutAad
180248,Y29tLnBpY3RhcmluZS5waG90b3ByaW50,forceOptOutAad
180249,aW8uYmlyZG5lcmQubGFyaw==,forceOptOutAad
180250,ZXUuZmxpZ2h0YXBwcy5haXJ0cmFmZmlj,forceOptOutAad
180251,Y29tLmRyaWtwLmNvcmU=,forceOptOutAad
180252,ZXMuc29vZnQucGlkZXRheGk=,forceOptOutAad
180253,aW5mby5kdmtyLnNjcmVlbnN0cmVhbQ==,forceOptOutAad
180254,aW52aS5rYXlvLnByb2plY3Q=,forceOptOutAad
180255,Y29tLnBhdmVscmVrdW4uc2tpdC5wcmVtaXVt,forceOptOutAad
180256,Y29tLml0YWxpYW5vLnNpbXBseWFkYXB0aXZl,forceOptOutAad
180257,Y29tLml0YWxpYW5vLmhlbG1ldA==,forceOptOutAad
180258,Y29tLmFsbWFtZWRpYS5raW9za2kuYWFtdWxlaHRp,forceOptOutAad
180259,Y29tLml0c29sdXRpb24ubmFtYXpzaGlra2E=,forceOptOutAad
180260,Y29tLmFuYnVpLmFwcA==,forceOptOutAad
180261,Y2FzYW1iaS50cmlkb25pYw==,forceOptOutAad
180262,cm8uYXNjZW5kbmV0LmJyaW5nbw==,forceOptOutAad
180263,Y29tLm5pdHJhbWl0ZS5jcnlwdG9ncmFwaHk=,forceOptOutAad
180264,Y29tLmxpdmVwbGF5ZXIubWVkaWE=,forceOptOutAad
180265,anAuc29mdGJhbmsubWIuYmFzZWJhbGw=,forceOptOutAad
180266,anAuY28uc29mdGJhbmsuc2JjdXN0b21lcnNvbmx5,forceOptOutAad
180267,Y29tLm1peGFwcGxpY2F0aW9ucy52ZW50b3lfYXBw,forceOptOutAad
180268,Y29tLmFyYWJ5ZnJlZS56YWFhYWFraA==,forceOptOutAad
180269,YWlyLmNvbS5FWHN3YXAuTWluZG9tbw==,forceOptOutAad
180270,Y2guYWxwc29mdC5xb3FhLnVp,forceOptOutAad
180271,Y29tLmVsYW5kLmNhbXBlcmxldmVsZXJmcmVlZWRpdGlvbg==,forceOptOutAad
180272,aXQucGF5YmFjay5jbGllbnQuYW5kcm9pZA==,forceOptOutAad
180273,Y29tLm0ya2Rldi51bHRyYXBpeGVsbGl0ZQ==,forceOptOutAad
180274,Y29tLnBzYXBwX2lmaXRuZXNz,forceOptOutAad
180275,Y29tLm9pbWJpcmUubHVja3lfZmlzaGVy,forceOptOutAad
180276,cnUuaXZpLmNsaWVudA==,forceOptOutAad
180277,Y29tLndoaXN0bGUud2hpc3RsZQ==,forceOptOutAad
180278,Y29tLnJvdmVydG93bi5yb2FkcmFuZ2Vy,forceOptOutAad
180279,Y29tLmFwcHNsYWIubm90aGluZy53aWRnZXRzcHJv,forceOptOutAad
180280,Y2guYWJ3ZXNlbmQuZHJvbmVtYXBz,forceOptOutAad
180281,cGwuY29tLmZvdXJmLmVjb21tZXJjZQ==,forceOptOutAad
180282,ZGUudW5pc3Rlci5haWR1,forceOptOutAad
180283,Y29tLnNwb3J0cmFjdGl2ZQ==,forceOptOutAad
180284,aW8uemlwZ2VvLmFuZHJvaWQ=,forceOptOutAad
180285,c2UucXVhcnRyLmFuZHJvaWQ=,forceOptOutAad
180286,Y29tLmFwcHMuYWRyY290ZmFzLmdvb2R0aW1l,forceOptOutAad
180287,Y29tLmRldnNpZy5zdnIucHJv,forceOptOutAad
180288,Y29tLmFuYnVpLmNxY20uYXBw,forceOptOutAad
180289,Y29tLnByb2ZpY2lvLmNvbW11dGU=,forceOptOutAad
180290,Y29tLnZpZGVvZG93bmxvYWRlci5hbGwudmlkZW8udHViZS5kb3dubG9hZC5zdGF0dXMudmlkZW8uYWkuZG93bmxvYWRlcg==,forceOptOutAad
180291,Y29tLnBpY3RhcmluZS5waG90b3ByaW50LmN2cw==,forceOptOutAad
180292,Y29tLnNvbm5lbl9tb2JpbGU=,forceOptOutAad
180293,Y29tLmJpdG1hdnJpY2subHVtb2xpZ2h0,forceOptOutAad
180294,Y29tLnBvY2tldHByZXAuYW5kcm9pZC5lbXM=,forceOptOutAad
180295,Y29tLmFwcC5kZXNrYmlyZA==,forceOptOutAad
180296,b3JnLm5peGdhbWUuYnViYmxlbGV2ZWw=,forceOptOutAad
180297,Y29tLmxpcXVpZGdsYXNzLmtsd3A=,forceOptOutAad
180298,cGwuZGVkeXMubmllZHppZWxhaGFuZGxvd2E=,forceOptOutAad
180299,Y29tLmY5MXc=,forceOptOutAad
180300,anAuc29mdGJhbmsubWIuYmFza2V0YmFsbA==,forceOptOutAad
180301,Y29tLmVtYmVybWl0cmUuaGFucGluZy5hcHAucHJv,forceOptOutAad
180302,Y29tLnNreXBhdy5kZWNpYmVs,forceOptOutAad
180303,Y29tLm9wbHVzLm1lbG9keQ==,forceOptOutAad
180304,Y29tLmxpbmtrZXIuYXBw,forceOptOutAad
180305,cGwucGF5YmFjaw==,forceOptOutAad
180306,Y29tLmNvaW5vbWkud2FsbGV0,forceOptOutAad
180307,Y29tLndpbml0bGxjLnRpY2tldGZpZ2h0ZXI=,forceOptOutAad
180308,Y29tLmdvb2dsZS5hbmRyb2lkLmFwcHMud2VhdGhlcg==,forceOptOutAad
180309,Y29tLnZpZHUub3ZlcnNlYQ==,forceOptOutAad
180310,Y29tLnNoZXJ3aW4uZGl5,forceOptOutAad
180311,ZXZvcXVla3dndC5rdXN0b20ucGFjaw==,forceOptOutAad
180312,aXRhZ2ZpbmRlci5hcHAuaXRhZw==,forceOptOutAad
180313,Y29tLnF4LnFnYm94,forceOptOutAad
180314,Y29tLmhkLmxpdmUud2FsbHBhcGVyLmhkLnBhcmFsbGF4,forceOptOutAad
180315,Y29tLnNpZ21hbGVkZ2VyLmN1YmUud2FsbGV0,forceOptOutAad
180316,b3JnLmlzb3Jvbi51aGFiaXRz,forceOptOutAad
180317,Y29tLmFpLnZpZGVvLmdlbmVyYXRvci5hcHA=,forceOptOutAad
180318,Y29tLm50dGJwLmp3Mg==,forceOptOutAad
180319,Y29tLmt0d2FwcHMuZGlnaXRhbGNvbXBhc3M=,forceOptOutAad
180320,cGwuZ2FkdWdhZHU=,forceOptOutAad
180321,Y29tLndpbmVzZWFyY2hlcg==,forceOptOutAad
180322,Y29tLmJ1eWhhdGtlLmFzc2lzdGFudA==,forceOptOutAad
180323,cnUudXhhcHBzLmNvdW50ZXI=,forceOptOutAad
180324,Y29tLnlhbmRleC5icm93c2VyLmFscGhh,forceOptOutAad
180325,Y29tLnByZW1lcmEuYW5kcm9pZA==,forceOptOutAad
180326,Y29tLmZyb25pdXMuc29sYXJ3ZWI=,forceOptOutAad
180327,Y29tLm15c3RpY21vYmlsZWFwcHMuZ3BzLmxvY2F0aW9u,forceOptOutAad
180328,Y29tLnVyYmFudnBuLnByZW1pdW0uYW5kcm9pZA==,forceOptOutAad
180329,Y29tLnRvbW9ycm93bGFuZC5vbmV3b3JsZHJhZGlv,forceOptOutAad
180330,bmwudWl0emVuZGluZ2dlbWlzdA==,forceOptOutAad
180331,Y28ud2VsbC53ZWxsYXBw,forceOptOutAad
180332,ZGVja2Vycy50aGliYXVsdC5hdmVz,forceOptOutAad
180333,Y29tLmd1c3Rhdm9hcy5ub3Rp,forceOptOutAad
180334,ZGV2LmR3b3Jrcy5hcHBzLmFuZXhwbG9yZXI=,forceOptOutAad
180335,Y29tLmM0bXByb2Qudm9pdHVyZWxpYg==,forceOptOutAad
180336,Y29tLnZwbmhvb2QuY29ubmVjdC5hbmRyb2lk,forceOptOutAad
180337,Y29tLmhlbGdlYXBwcy5iYWNrZ3JvdW5kdmlkZW9yZWNvcmRlcg==,forceOptOutAad
180338,bmV0Lmh1YmFsZWsuYW5kcm9pZC53b3JsZGNsb2Nr,forceOptOutAad
180339,Y29tLnN1cGVyZmk=,forceOptOutAad
180340,ZGUuYm9lcnNlZ28uZ210LmFuZHJvaWQ=,forceOptOutAad
180341,ZGUuZ29kZGNoZW4uYW5kcm9pZC5wb3dlcmZvbGRlci5B,forceOptOutAad
180342,Y29tLmJpbi5jYWxsbG9ncw==,forceOptOutAad
180343,Y29tLm9wZW5zbm93LmFuZHJvaWQ=,forceOptOutAad
180344,Y29tLnN1Z2FyYXBwcy5hdXRvc3RhcnRtYW5hZ2Vy,forceOptOutAad
180345,Y29tLmJ5YWdvd2kucGVyc2lhbmNhbGVuZGFy,forceOptOutAad
180346,Y29tLmNydHFzb2Z0d2FyZS5sb3RlcmlhZG9taW5pY2FuYQ==,forceOptOutAad
180347,Y29tLmNyZWF0aXZlcGl4ZWxzLmNvbWljcy5pY29ucGFjay5hcHA=,forceOptOutAad
180348,Y29tLnRvbW9jcmVkaXQuYm9vc3Q=,forceOptOutAad
180349,Y29tLm15dGhpbmdnbGFzc2t3Z3QucGFjaw==,forceOptOutAad
180350,ZGUub3R0by5sYXNjYW5h,forceOptOutAad
180351,YnJhdmVoZWFydC5hcHBzLmFwa2V4dHJhY3Q=,forceOptOutAad
180352,Y28uYmVlbGluZQ==,forceOptOutAad
180353,Y29tLnByaW1lZGlhLmFwYXJ0bWVudGd1aWRl,forceOptOutAad
180354,Y29tLmNvbnRvcnJhLmdvbGZwYWQ=,forceOptOutAad
180355,Y29tLnF4Lmdvb2dsZWdhbWVwYWRzcGFjZQ==,forceOptOutAad
180356,ZGUuY2FzYW11bmRvLmNhc2FtdW5kb21vYmlsZQ==,forceOptOutAad
180357,Y29tLnRlYW1wZWFudXQucGVhbnV0,forceOptOutAad
180358,Y29tLmhlbGdlLmRyb2lkZGFzaGNhbQ==,forceOptOutAad
180359,Y29tLmxiLmFwcF9tYW5hZ2Vy,forceOptOutAad
180360,Y29tLmJpZ2d1LnNob3BzYXZ2eQ==,forceOptOutAad
180361,Y29tLmtpbWJyZWxrLmhhbQ==,forceOptOutAad
180362,Y29tLm1vdGlvbmNhbQ==,forceOptOutAad
180363,Y29tLmRlYmxvY2suZGVibG9ja2FwcA==,forceOptOutAad
180364,Y29tLnNjcmVlbi50cmFuc2xhdGUuZ29vZ2xl,forceOptOutAad
180365,Y29tLmNsYWFzLnN0b3JlLmNvbm5lY3Q=,forceOptOutAad
180366,ZGV2Lm5hcmlrZGVzaWduLm5vdGhpbmdtYXRlcmlhbHlvdQ==,forceOptOutAad
180367,Y29tLnNoYW1hbmxhbmQucHJpdmF0ZXNjcmVlbnNob3Rz,forceOptOutAad
180368,Y29tLm5vc2FwcHMuYW5kcm9pZC5pNW8y,forceOptOutAad
180369,aW5mby5pbnRyYXNvZnQuaGFiaXRnb2FsdHJhY2tlcg==,forceOptOutAad
180370,YmUueGJkLmtvdGxpbg==,forceOptOutAad
180371,Y2gucGFya2luZ2NhcmQuY3VzdG9tZXI=,forceOptOutAad
180372,Y29tLnZpZXR0cmFuLklOS3JlZGlibGU=,forceOptOutAad
180373,Y29tLmh1c3QuZmFjZWRldGVjdA==,forceOptOutAad
180374,Y29tLmNhbG0uZXZleGlh,forceOptOutAad
180375,Y29tLnRlc3RiaXJkcy50ZXN0ZXI=,forceOptOutAad
180376,Y29tLm1hbnVsaWZlLm9ubGluZS52bg==,forceOptOutAad
180377,Y29tLm1leHByZXNzaXZla3dndC5hcHA=,forceOptOutAad
180378,Y29tLnR1bmVmbG93,forceOptOutAad
180379,Y29tLmJ5Z29vZGllYm94LmFwcA==,forceOptOutAad
180380,Y29tLmFycm93a3dndC5wYWNr,forceOptOutAad
180381,ZGUuZGlnYW1lLmVzYw==,forceOptOutAad
180382,Y29tLnBoMDNuaXhfeC5jYXBhY2l0eWluZm8=,forceOptOutAad
180383,amFpbmVlbC52aWRlb2NvbnZlcnRvcg==,forceOptOutAad
180384,ZGUudm9yd2Vyay5teWtvYm9sZC5hcHA=,forceOptOutAad
180385,Y29tLmF2Y3JidC5mdW5pbWF0ZQ==,forceOptOutAad
180386,Y29tLnBvbGFyb2lkb3JpZ2luYWxzLnBvMQ==,forceOptOutAad
180387,ZGVyc3RhbmRhcmQuYXQuaXN0YW5kYXJkeA==,forceOptOutAad
180388,Y29tLnJlbWl4a3dndGJ5YWhtYWQua3VzdG9tLnBhY2s=,forceOptOutAad
180389,Y29tLmV2ZXJ5ZGF5Y2FsY3VsYXRpb24uY2l0aXplbmNhbGN1bGF0b3IucHJv,forceOptOutAad
180390,aW8uYmxvY28ubGFyZ2V0ZXh0,forceOptOutAad
180391,ZmkuaWx0YXNhbm9tYXQ=,forceOptOutAad
180392,Y29tLml0YWxpYW5vLmVjbGlwc2V0cmFuc3BhcmVudA==,forceOptOutAad
180393,Y29tLmV2ZXJ5ZGF5Y2FsY3VsYXRpb24uY2FzaW9jYWxjdWxhdG9y,forceOptOutAad
180394,Y29tLnRyYWluc3BsaXQudHJhaW5zcGxpdA==,forceOptOutAad
180395,YXQucGF5YmFjay5jbGllbnQuYW5kcm9pZA==,forceOptOutAad
180396,ZGUuc3Bpbi5tb25vcmFpbA==,forceOptOutAad
180397,Y29tLm9yYW5nZS5vYmw=,forceOptOutAad
180398,Y29tLnJlbnQ=,forceOptOutAad
180399,Y29tLmRlZ2FsdGVjLmVjb2xhdW5kcnlhcHA=,forceOptOutAad
180400,Y29tLml0YWxpYW5vLmdsYXNzeXJvdW5k,forceOptOutAad
180401,Y29tLm1hbmFnZWVuZ2luZS5tZG0uYW5kcm9pZA==,forceOptOutAad
180402,Y29tLm1nLnN1YnRpdGxlLmdvb2dsZQ==,forceOptOutAad
180403,Y29tLnRlcm5pdHVwLnNwZW5kcmFwcA==,forceOptOutAad
180404,Y29tLmppbGFiYS5sYWxpdGhhc2NoZW1lYXBw,forceOptOutAad
180405,Y29tLm1lcmtvc3Quc3VieQ==,forceOptOutAad
180406,Y29tLmhleWFsbGUuYW5kcm9pZA==,forceOptOutAad
180407,Y29tLmRlZGUuYW5kcm9pZF9lZ2dz,forceOptOutAad
180408,Y29tLmlmcmllbmQuYXBw,forceOptOutAad
180409,Y29tLmZyZWVtaXVtLmFuZHJvaWQuYXBwcy5ncHMuY29vcmRpbmF0ZXM=,forceOptOutAad
180410,aW8uaXBpbmZvLmRldmljZWluZm8=,forceOptOutAad
180411,YXBwLm1sYXVuY2hlcg==,forceOptOutAad
180412,b3JnLmpmZWRvci5tb3JzZWNvZGU=,forceOptOutAad
180413,ZGUuZGVubmlzZ3VzZS5vcGVudHJhY2tzLnBsYXlzdG9yZQ==,forceOptOutAad
180414,bW9iaWxlLnNjc29mdC5jb20ubm9pZGE=,forceOptOutAad
180415,Y29tLmthbGFudG9zLnV0aWxpdHkuc2hha2U=,forceOptOutAad
180416,YXIuY29tLmxpY2h0bWFpZXIuYW50ZW5hcw==,forceOptOutAad
180417,Y29tLncyc3YuZmlsZW5hdmlnYXRvcg==,forceOptOutAad
180418,Y29tLnRvdWNoNHdhc2gudG91Y2g0d2FzaA==,forceOptOutAad
180419,Y29tLnByYW5hdnBhbmRleS5tYXRyaXg=,forceOptOutAad
180420,Y29tLnZpbmV0cmVlLmdhbWV0YWxrdGFsazI=,forceOptOutAad
180421,Y29tLmRvenVraS5kb3p1a2lfZ3VpZGVz,forceOptOutAad
180422,Y29tLm1vYmlsZS50ZW5zdHJlZXQuZHJpdmVycHVsc2U=,forceOptOutAad
180423,Y29tLnB5YW1zb2Z0LnRldGhlcmZp,forceOptOutAad
180424,Y29tLml0YWxpYW5vLm5pZ2h0dm9pZA==,forceOptOutAad
180425,ZmkuaHMuYW5kcm9pZA==,forceOptOutAad
180426,Y29tLmZlcmF2b2x0LmZkZWFpLmRvbmF0ZQ==,forceOptOutAad
180427,Y29tLm1paW5vc29mdC51bmZyaWVuZA==,forceOptOutAad
180428,Y29tLnlhbmRleC5zZWFyY2hhcHAuYmV0YQ==,forceOptOutAad
180429,Y29tLmJoYWt0aWFwcHNzdG9yZS5iaGFrdGlyaW5ndG9uZXNhbmdyYWg=,forceOptOutAad
180430,bm90aGluZy5rd2d0LmFwcA==,forceOptOutAad
180431,YXUuY29tLnFhbnRhcy5xYW50YXM=,forceOptOutAad
180432,Y29tLnN1Ynplcm8uZ3JvdXAub3duZXJzLmFwcA==,forceOptOutAad
180433,Y29tLmxvY2F0aW9uLnRlc3Q=,forceOptOutAad
180434,c29sdWNvZXMuemVuby5zaW5ldHJhbQ==,forceOptOutAad
180435,YXQucGVyc2llMC5pbWFnZV9lbmhhbmNlcg==,forceOptOutAad
180436,c2VuLnR5cGluZ2hlcm8=,forceOptOutAad
180437,cnUueDUub21uaQ==,forceOptOutAad
180438,aW8ubWV3dGFudC5waXhhaWFydA==,forceOptOutAad
180439,YWkuZm9ydHk0cGl4ZWxzLmNoYXQ=,forceOptOutAad
180440,Y29tLmhhcmR5aW5maW5pdHkuc2NyZWVuZGltbWVyLmxpdGU=,forceOptOutAad
180441,Y29tLnNwcmVha2VyLmFuZHJvaWQuc3R1ZGlv,forceOptOutAad
180442,Y29tLmZpdGJpdC5GaXRiaXRNb2JpbGU=,forceOptOutAad
180443,Y29tLmh5cGVyaWNlLmFwcA==,forceOptOutAad
180444,Y29tLmJyYW5jaG1lc3Nlbmdlcg==,forceOptOutAad
180445,ZGUuYnZiMDkuYW5kcm9pZA==,forceOptOutAad
180446,bmV0Lm1vbW1vbS5tb21zdG91Y2g=,forceOptOutAad
180447,Y29tLnJrYmFwcHMuZ2RlYWx6,forceOptOutAad
180448,YW11c2V3b3Jrcy50aGVybW9tZXRlcg==,forceOptOutAad
180449,Y29tLmFuYWxpdGkuZmFzdGVzdC5hbmRyb2lk,forceOptOutAad
180450,Y2hhc2thZm9yeW91LmFwcHMuY2FsY3VsYXRvcmFjdGlvbnM=,forceOptOutAad
180451,Y29tLmdvb2dsZS5hbmRyb2lkLndlYnZpZXcuY2FuYXJ5,forceOptOutAad
180452,cnUuZHVibGdpcy5kZ2lzbW9iaWxl,forceOptOutAad
180453,Y29tLnBhdmVscmVrdW4udGlsbGEucHJlbWl1bQ==,forceOptOutAad
180454,Y29tLmNyZWF0aXZlcGl4ZWxzLmlyaXNkYXJrLmljb25wYWNrLmFwcA==,forceOptOutAad
180455,Y29tLmFvaW5zLmF1dG9vd25lcnNtb2JpbGU=,forceOptOutAad
180456,Y29tLm15bW9qb2hlYWx0aC5hcHA=,forceOptOutAad
180457,cGFydGwuYXRvbWljY2xvY2s=,forceOptOutAad
180458,bmV0LmJlZ2lubmVycy53ZWlnaHQubG9zcy53b3Jrb3V0LndvbWVuLnlvZ2EuZ28=,forceOptOutAad
180459,Y29tLmtyaXNkYi53ZWFyY2FzdHM=,forceOptOutAad
180460,Y29tLmhvbGxhbmRhbmRiYXJyZXR0LmhibWU=,forceOptOutAad
180461,Y29tLmNhcmVldm9sdXRpb24ubXlmaHI=,forceOptOutAad
180462,Y29tLnBhZ2V0OTYuYmF0dGVyeWd1cnU=,forceOptOutAad
180463,Y29tLmRlbGhpdHJhbnNwb3J0Lm9uZWRlbGhp,forceOptOutAad
180464,Y29tLm1peGFwcGxpY2F0aW9ucy51c2J0b29scw==,forceOptOutAad
180465,ZGUub2NtLmFwcA==,forceOptOutAad
180466,aW8uYXBwZ3JvdW5kLmJsZWs=,forceOptOutAad
180467,ZXUuZGVwYXUuZXRjaGRyb2lk,forceOptOutAad
180468,Y29tLnFhbWFyLmlkZS5qYXZh,forceOptOutAad
180469,Y29tLmdlZWtzdmlsbGUubWVzaA==,forceOptOutAad
180470,Y29tLmZvdXJkZWdyZWV3YXRlci53aW50d2VhbHRo,forceOptOutAad
180471,YmEucGlrLnYyLmFuZHJvaWQ=,forceOptOutAad
180472,Zm0uYW5jaG9yLmFuZHJvaWQ=,forceOptOutAad
180473,Y29tLm1peGFwcGxpY2F0aW9ucy51bHRpbWF0ZXVzYg==,forceOptOutAad
180474,dWsuY28uZ291c3RvLmdvdXN0bw==,forceOptOutAad
180475,ZGUua3ZkaWdpdGFsLm5mYQ==,forceOptOutAad
180476,YXQuYml0ZmlyZS5kYXZkcm9pZA==,forceOptOutAad
180477,Y29tLnBsYXlsaXN0LnRyYW5zZmVyLmFwcA==,forceOptOutAad
180478,Y29tLnBhdmVscmVrdW4udGlsbGE=,forceOptOutAad
180479,a29kYWZvcmt1c3RvbS5kcm9pZGJlYXV0eS5wYWNr,forceOptOutAad
180480,b3JnLm9wZW5vYnNlcnZhdG9yeS5vb25pcHJvYmU=,forceOptOutAad
180481,Y29tLmRldmFuc2guc3RyZWFtaW5nLmFuZHJvaWQ=,forceOptOutAad
180482,Y29tLmdyaWNlLmVhc3lsYXVuY2hlcg==,forceOptOutAad
180483,Y29tLnZpZGVvYWkuZWZmZWN0cw==,forceOptOutAad
180484,b3JnLmNoaWNrZW5ob29rLmFuZHJvaWRleHBsb2l0cw==,forceOptOutAad
180485,Y29tLm90cC5vY3RvcGlsYXVuY2hlcg==,forceOptOutAad
180486,b3JnLmJyaWxsaWFudC5hbmRyb2lk,forceOptOutAad
180487,Y29tLnVzLmluc2lnaHQ=,forceOptOutAad
180488,Y29tLnBob25lZ2FwLklSRVBNb2JpbGU=,forceOptOutAad
180489,Y29tLmJpdHdhcmRlbi5hdXRoZW50aWNhdG9y,forceOptOutAad
180490,YXBwLnN5bWZvbmlrLm11c2ljLnBsYXllcg==,forceOptOutAad
180491,anAubmUuaGFyZHlpbmZpbml0eS5ibHVlbGlnaHRmaWx0ZXIuZnJlZQ==,forceOptOutAad
180492,Y29tLnRpcWlhYS5yZW1vdGU=,forceOptOutAad
180493,cGFydGwuRGlhcml1bQ==,forceOptOutAad
180494,Y29tLmNyZWF0aXZlcGl4ZWxzLmlyaXNsaWdodC5pY29ucGFjay5hcHA=,forceOptOutAad
180495,Zmxhc2hjYXJkcy53b3Jkcy53b3Jkcw==,forceOptOutAad
180496,Y29tLm5sbC5hc3I=,forceOptOutAad
180497,Y29tLnNwcmVha2VyLmFuZHJvaWQ=,forceOptOutAad
180498,Y29tLnJvbWV4c29mdC50dm1vYnJvbWFuaWE=,forceOptOutAad
180499,Y29tLm5sbC5jYg==,forceOptOutAad
180500,Y29tLmRlbHBoaWNvZGVyLmZsdWQucGFpZA==,forceOptOutAad
180501,Y29tLmt0d2FwcHMuc291bmRtZXRlcg==,forceOptOutAad
180502,Y29tLnBsYXl0ZXN0Y2xvdWQudGVzdGVy,forceOptOutAad
180503,Y29tLmtpaW90LmV1cm9zdGVyNDA0MHNtYXJ0,forceOptOutAad
180504,Y29tLm5hdmthcmV2ZW50Lmpvam8=,forceOptOutAad
180505,Y29tLm1peGFwcGxpY2F0aW9ucy5ydWZ1cw==,forceOptOutAad
180506,Y29tLmVhdG9zLmlsaXF1aWRvcw==,forceOptOutAad
180507,Y2guYmVybmVyemVpdHVuZy5hcHA=,forceOptOutAad
180508,Y29tLnBpdHR2YW5kZXdpdHQud2F2ZWxldA==,forceOptOutAad
180509,Y29tLmZyZWUuYmxvY2subXVzaWN1bQ==,forceOptOutAad
180510,Y29tLmRpdmlzaW9uYnl6ZXJvLmxpdmV0ZW5uaXM=,forceOptOutAad
180511,aW8uYXBwZ3JvdW5kLmJsZWtwcmVtaXVt,forceOptOutAad
180512,dGhlaW5kdXNkZXZlbG9wZXIuY29tLmNvbG9yY2FtZXJh,forceOptOutAad
180513,c2UucHJpc2pha3QucHJpY2VzcHk=,forceOptOutAad
180514,Y29tLm11c2NsZXdpa2kubWFjcm8=,forceOptOutAad
180515,Y29tLlNwbGFzaGFwcC5NZW1lU291bmRib2FyZDIwMjE=,forceOptOutAad
180516,bmV0Lm5yaXNlLnF1YXQ=,forceOptOutAad
180517,anAucmF6dW1hLm5lZ2F0aXZlaW1hZ2U=,forceOptOutAad
180518,Y29tLnJlZ2Fzb2Z0d2FyZS51ZGlzYw==,forceOptOutAad
180519,ZG5nc29mdHdhcmUuZmlsYW1lbnRyZmlk,forceOptOutAad
180520,ZWxlbWVudHNrd2d0Lmt1c3RvbS5wYWNr,forceOptOutAad
180521,Y29tLnlhbmRleC5icm93c2VyLmJldGE=,forceOptOutAad
180522,Y29tLmFscXVyYW4ubGVuZ2thcGxpdGU=,forceOptOutAad
180523,Y29tLnNpZ25hbHJlcG9ydC5jbGFzcw==,forceOptOutAad
180524,Y29tLmRlZmlhbnR0ZWNoLmRpc2tkaWdnZXJwcm8=,forceOptOutAad
180525,Y29tLnByaW50ZnVsLmFwcA==,forceOptOutAad
180526,Y29tLnVsZmRpdHRtZXIuYW5kcm9pZC5waW5n,forceOptOutAad
180527,Y29tLmhhcmR5aW5maW5pdHkuc2NyZWVuZGltbWVy,forceOptOutAad
180528,Y29tLnNodWIzOS5ydXNoLnBsYXk=,forceOptOutAad
180529,Y29tLm5laWx0dXJuZXIuYWVyaWFsdmlld3M=,forceOptOutAad
180530,Y29tLkVWR0FURVdBWQ==,forceOptOutAad
180531,aW8ubG9uZXBhbG0ucmV0cm8=,forceOptOutAad
180532,Y29tLmFsZXhleW1vcm96dWEuZGl2ZXJzYmx1ZQ==,forceOptOutAad
180533,Z2xvYmFsLmZ3ZC5vbW5l,forceOptOutAad
180534,Y29tLmFydGlmYWNhLnBva2VyX3RpbWVy,forceOptOutAad
180535,Y29tLmFwZXgub25lcGFzcw==,forceOptOutAad
180536,Z29wYW56YS5lY29uby5hbmRyb2lk,forceOptOutAad
180537,aGRlc2lnbi50aGVjbG9jaw==,forceOptOutAad
180538,bmV0LnZpZGVvZG93bmxvYWRlci50d2l0dGVydmlkZW9pbmRpcg==,forceOptOutAad
180539,Y29tLm1jYi5uYWxhbmRhLmFjdGl2aXR5,forceOptOutAad
180540,Y29tLnVuZGVmaW5lZC5tYXRl,forceOptOutAad
180541,Y29tLmV2aWxkdWNrLm11c2ljaWFua2l0,forceOptOutAad
180542,Y29tLnFkYW5jZS5yYWRpbw==,forceOptOutAad
180543,bmV0LmJsYWNrZW52ZWxvcGUud3JpdGVpbnJ1bmlj,forceOptOutAad
180544,b3JnLmRuc2NoZWNrZXIuYXBw,forceOptOutAad
180545,Y29tLmpvaW5zYXR1cm4uYW5kcm9pZDE=,forceOptOutAad
180546,bmV0LmlwbGF0by5teWdw,forceOptOutAad
180547,Y29tLmhlcm9maW5jb3JwLmRpeWpvdXJuZXlz,forceOptOutAad
180548,Y29tLnRydWNrbWFwLnRydWNrbWFw,forceOptOutAad
180549,Y29tLnRyYW5zY29yZS5tZA==,forceOptOutAad
180550,Y29tLm9oLmJybw==,forceOptOutAad
180551,Y29tLnNvYWFr,forceOptOutAad
180552,Y29tLmd5cm9jYWRlLnN0YXJsaWdodA==,forceOptOutAad
180553,Y29tLmJyYWludGluZy5jYXJsdHVuZQ==,forceOptOutAad
180554,Y29tLmNyZWF0aXZlcGl4ZWxzLmNhbW9kYXJrLmljb25wYWNrLmFwcA==,forceOptOutAad
180555,ZGV2LmR3b3Jrcy5hcHBzLmFuZXhwbG9yZXIuZnJlZQ==,forceOptOutAad
180556,YWdsLmRpZ2l0YWwubW9iaWxl,forceOptOutAad
180557,Y29tLnJvb2tpZXN0dWRpby5wZXJmZWN0dmlld2Vy,forceOptOutAad
180558,Y29tLm1vYmlsZWhlYWx0aC5jYXJkaWFj,forceOptOutAad
180559,a3IuZ28ubW9mYS5nNGsubWNvbnN1bA==,forceOptOutAad
180560,Y29tLndhbGxhcGVycy5zaWxseXNtaWxlcy5saXZlLndhbGxwYXBlcg==,forceOptOutAad
180561,Y29tLnN1YnRpdGxlLnZvaWNl,forceOptOutAad
180562,Y29tLmJvb21lcmFuZy52aWRlby5tYWtlci5sb29wZXIuYm9vbWVyaXQ=,forceOptOutAad
180563,Y29tLmRveGltaXR5LmRveGltaXR5ZHJvaWQ=,forceOptOutAad
180564,bGl2aW8ucGFjay5sYW5nLmRlX0RF,forceOptOutAad
180565,Y29tLmxlZHZhbmNlLnNtYXJ0dW5pZnk=,forceOptOutAad
180566,Y29tLmFhcHRpdi5hbmRyb2lk,forceOptOutAad
180567,Y29tLmNlbnRyYWxkZXBhcnRtZW50LmFwcA==,forceOptOutAad
180568,Y29tLmNvbm5lY3RtZS5waWd0YWlscw==,forceOptOutAad
180569,Y29tLmVza3k=,forceOptOutAad
180570,Y29tLmRvdy5saWZlaW50aGV1a3Rlc3Q=,forceOptOutAad
180571,Y29tLnRpY2tldHN3YXAudGlja2V0c3dhcA==,forceOptOutAad
180572,YXIuY29tLmNsYXJvLmFuZHJvaWQ=,forceOptOutAad
180573,ZGV2Lnp3YW5kZXIuY2FtZXJheGluZm8=,forceOptOutAad
180574,Y29tLmxiLmJhY2t1cF9wbHVz,forceOptOutAad
180575,Y29tLnhpYW9ydW8uY3JhZnRtb2Rz,forceOptOutAad
180576,Y29tLnBpeG1peGt3Z3RzYnlhaG1hZC5rdXN0b20ucGFjaw==,forceOptOutAad
180577,Y29tLmxpbmdvYW55Lm15Zmlyc3Rlbmc=,forceOptOutAad
180578,b3JnLmdudWNhc2gucG9ja2V0LnBuZW1vbmlj,forceOptOutAad
180579,bmFtZS5jaG9lLmhhbmphaGFuZHdyaXRpbmdyZWNvZw==,forceOptOutAad
180580,Y29tLml0YWxpYW5vLmRhcmtzaGFwZWxlc3M=,forceOptOutAad
180581,Y29tLmt5bGVjb3JyeS50cmFpbF9zZW5zZQ==,forceOptOutAad
180582,Y29tLmdhbGF4dXNhcHA=,forceOptOutAad
180583,Y29tLmZhbnRhc2kucGFub3JhbWE=,forceOptOutAad
180584,Y29tLmZzb3lkYW4uaG93aXN0aGV3ZWF0aGVy,forceOptOutAad
180585,anAucmF6dW1hLmJsYWNrYW5kd2hpdGVwaG90bw==,forceOptOutAad
180586,Y29tLnRpZGFsd2F2ZXByb3ZpZGVy,forceOptOutAad
180587,Y29tLm9uZXVpN2t3Z3QucGFjaw==,forceOptOutAad
180588,Y29tLmthbm1hbmkudW5sb2NrX3BkZg==,forceOptOutAad
180589,YXBwLmxpbmVhcg==,forceOptOutAad
180590,Y29tLndhdGNoZmFjZXN0dWRpby5hbmFsb2dkaWdpdGFsMg==,forceOptOutAad
180591,Y29tLmFkYXloZWFsdGgub2xpdmU=,forceOptOutAad
180592,Y29tLmNzcGRjbC5jc3BkY2xfY29uc3VtZXI=,forceOptOutAad
180593,Y29tLnByYW5hdnBhbmRleS5yb3RhdGlvbg==,forceOptOutAad
180594,ZnJlZS5tb3IubW9yZG8uZG8=,forceOptOutAad
180595,Y29tLnBvY2tldHByZXAuYW5kcm9pZC5pdGN5YmVyc2VjdXJpdHk=,forceOptOutAad
180596,cGwuUmFkaW8zNTc=,forceOptOutAad
180597,Y29tLmdpdGh1Yi5jYXRmcmllbmQxLnN5bmN0aGluZ2FuZHJvaWQ=,forceOptOutAad
180598,bHYubWNwcm90ZWN0b3IubWNwcm8yNGZwcw==,forceOptOutAad
180599,a3IuY28uZ29vZHR2Lktub2NrVGFsaw==,forceOptOutAad
180600,Y29tLnBsdGhhdGZ1bmt5bXVzaWMudWx0aW1hdGVjaGFsbGVuZ2UucHVzaHVwcw==,forceOptOutAad
180601,ZGUubXlwb3N0ZXIubXlwb3N0ZXJhcHA=,forceOptOutAad
180602,YXBwLm5pbmphdnBuLmFuZHJvaWQ=,forceOptOutAad
180603,Y29tLm1lcnJ5ZmllbGQ=,forceOptOutAad
180604,Y29tLmFzY2VudA==,forceOptOutAad
180605,bmV0LnVzYi51c2J5NA==,forceOptOutAad
180606,Y29tLndoeXlhby5yaW5ncw==,forceOptOutAad
180607,bmljLmhwLmVzYW1hZGhhbg==,forceOptOutAad
180608,ZGUuZXZlcmhvbWUuY2xvdWRib3hwcm9k,forceOptOutAad
180609,Y29tLmdydW1zZW5kZXYuZmluZF9teV9jYXI=,forceOptOutAad
180610,Y29tLk1lZGlhcGxheWVyUTUyNQ==,forceOptOutAad
180611,Y29tLmJvd2VyeWRpZ2l0YWwuYmVuZA==,forceOptOutAad
180612,Y29tLm1lZ2F6b25lLmFpcnBvcnQuZHV0eWZyZWU=,forceOptOutAad
180613,Y29tLndoZWVsc3VwLmFwcC5hcHA=,forceOptOutAad
180614,cnUuYW5kcm9pZHRvb2xzLnRleHRlZGl0b3I=,forceOptOutAad
180615,Y29tLndlYXJvbml6ZS5zd2F0Y2hwYXk=,forceOptOutAad
180616,Y29tLm5hdGFzYWRldi53YXRjaGZhY2UuYmx1ZWxhZ29vbg==,forceOptOutAad
180617,cnUueWFuZGV4LnNlYXJjaHBsdWdpbg==,forceOptOutAad
180618,Y29tLnBvd2VyYW1wLnYzLmRhaXM=,forceOptOutAad
180619,Y29tLmtpY2MuZWFzeXNob3AuYXV0b2Jvb2tz,forceOptOutAad
180620,Y29tLmNoZWF0bW9vbi5taW5lY2hlYXRtb29u,forceOptOutAad
180621,bWljcm9saWZlLm1haW4ubWljcm9saWZlY29ubmVjdGVkaGVhbHRocGx1cy5tbHU=,forceOptOutAad
180622,Y29tLnBheXRyb25peC5hbGx0b3du,forceOptOutAad
180623,Y29tLmh5cGViZWFzdC5zdG9yZQ==,forceOptOutAad
180624,Y29tLmppZWFwcC50YWl3YW5yYWlscw==,forceOptOutAad
180625,Y29tLmRvY2RvYy5kb2Nkb2M=,forceOptOutAad
180626,Y29tLm1jYi52aWR5YXNoaWxwYWNhZGVteXBhcmVudC5hY3Rpdml0eQ==,forceOptOutAad
180627,Y29tLmZ1dGJvbGVubGF0di5kZXBvcnRlc2VubGF0dg==,forceOptOutAad
180628,ZXMuemVzcXVpLnBhcGVyaWNvbnBhY2s=,forceOptOutAad
180629,Y29tLmFsZXhleW1vcm96dWEuY3liZXJibG9vbQ==,forceOptOutAad
180630,dG9wLmZsaWdodGJvYXJkLmRlcGFydHVyZXM=,forceOptOutAad
180631,Y29tLmRldmpzZy5tYXBsZWxhbmRfZ2c=,forceOptOutAad
180632,Y29tLmNhcnBheW1lbnQuYXV0b2xvYW5jYWxjdWxhdG9y,forceOptOutAad
180633,Y29tLnBvd2VyYW1wLnYzLm1lbG9kaQ==,forceOptOutAad
180634,Y29tLmFiY3N1cHBseS5tb2JpbGU=,forceOptOutAad
180635,Y29tLm10c3NpLnN1cGVybm92YQ==,forceOptOutAad
180636,Y29tLmJyb2Rza2kuYW5kcm9pZC5jdXJyZW5jeXRhYmxl,forceOptOutAad
180637,Y29tLmJhZGdlci5iYWRnZXJtYXA=,forceOptOutAad
180638,Y29tLmFtYm9kYWxsZWFwcC5oaXR1bmd6YWthdGxlbmdrYXA=,forceOptOutAad
180639,Y29tLkludGVsaW5vdmEuVGdBcHA=,forceOptOutAad
180640,Y29tLm1rLndlYXJzb2NpYWxz,forceOptOutAad
180641,Y29tLmtlaW5vaXMucHJldHR5cHJvZ3Jlc3M=,forceOptOutAad
180642,Y29tLmNoaW1lcmEuc2F0dXJkYXkuZXZvZ2FtZXBhZHRlc3Rlcg==,forceOptOutAad
180643,Y29tLmxlYXJueWxhbmQuc3BhY2U=,forceOptOutAad
180644,Y29tLmRhbmdvc29mdC50b29scy5sb3R0b3dpbjcyMA==,forceOptOutAad
180645,Y29tLmdvY2l0eXBhc3M=,forceOptOutAad
180646,Y29tLmZvbmdvLmRlbGx2b2ljZQ==,forceOptOutAad
180647,a3IuY28uc21jLmdwLm1haW4=,forceOptOutAad
180648,Y29tLmxvd2lucy5jaGF0,forceOptOutAad
180649,ZGV2LnJld2hleC5zY3JlZW5kaW1tZXI=,forceOptOutAad
180650,Y29tLml0YWxpYW5vLmdob3N0Ym9v,forceOptOutAad
180651,ZmkuZGFuc2tlYmFuay5tb2JpbGVwYXk=,forceOptOutAad
180652,Y2MubWVvd3NzYWdlLmFzdHJvd2VhdGhlcg==,forceOptOutAad
180653,Y29tLnJpbmd0b25lLm5vdGlmaWNhdGlvbi5hbGFybS5zb3VuZHM=,forceOptOutAad
180654,aWQucG9zZ3JhbQ==,forceOptOutAad
180655,b3JnLmhlYWx0aGZpcnN0LmFuZHJvaWQubWVtYmVy,forceOptOutAad
180656,Y29tLmtlbnR1Y2t5ZmFybWJ1cmVhdS5reWZi,forceOptOutAad
180657,Y29tLndhdGNoZmFjZXN0dWRpby5iYWxsb3ppX3Zlcm8=,forceOptOutAad
180658,Y29tLmZseS5ncHM=,forceOptOutAad
180659,ZXMubXJjbC5hcHAuanVhc2FwcA==,forceOptOutAad
180660,Y29tLmFyanVuYXJvcmEucGl4X3lvdV9jb3JuZmxvd2VyX2RhcmtfaWNvbnM=,forceOptOutAad
180661,Y29tLmNvbG9yb3MudmlkZW8=,forceOptOutAad
180662,aXQud2VieHBlcmllbmNl,forceOptOutAad
180663,bmV0LmNyZWNjZXIuZ2Q=,forceOptOutAad
180664,dXkuY29tLmNsYXJvLmFuZHJvaWQ=,forceOptOutAad
180665,Y29tLmt0d2FwcHMud2FsbGV0bWFuYWdlcg==,forceOptOutAad
180666,Y29tLndhdGNoZmFjZXN0dWRpby5yYW5hbG9nYg==,forceOptOutAad
180667,Y29tLndhdGNoZmFjZXN0dWRpby5iYWxsb3ppX2ZvcnRv,forceOptOutAad
180668,Y29tLnlhbmRleC5icm93c2VyLmNvcnA=,forceOptOutAad
180669,Y29tLmNhc3QudHYucmVtb3RldHYuYnJvd3Nlci5jYXN0YnJvd3Nlcg==,forceOptOutAad
180670,cnUuZHVibGdpcy5kZ2lzbW9iaWxlNHByZXZpZXc=,forceOptOutAad
180671,Y29tLm5hdGFzYWRldi53YXRjaGZhY2UuYWxpZW4=,forceOptOutAad
180672,Y29tLnRhcmthcm4ud2hlcmV3ZWdv,forceOptOutAad
180673,ZGsuZGFuc2tlYmFuay5tb2JpbGVwYXk=,forceOptOutAad
180674,Y29tLmF0dXJpcy5LU0IuZWtv,forceOptOutAad
180675,Y29tLmFvZGxpbmsubG9ja3NjcmVlbg==,forceOptOutAad
180676,Y29tLmRlZW4=,forceOptOutAad
180677,Y29tLndhdGNoZmFjZXN0dWRpby5uX3Nwb3J0NzM0,forceOptOutAad
180678,Y29tLmFtZWVydXNhLmJvb2tz,forceOptOutAad
180679,Y29tLmh5cGVycS5pbmZvLmN0Y18yMA==,forceOptOutAad
180680,Y29tLnBsYW5ldGgudmFiZWFzdHVzZXJjb21waWxhdGlvbjE=,forceOptOutAad
180681,Y29tLnBvd2VyYW1wLnYzLmltcHJvdmVk,forceOptOutAad
180682,Y29tLmFsZXhleW1vcm96dWEuYXF1YW5lYnVsYQ==,forceOptOutAad
180683,Y29tLndhdGNoZmFjZXN0dWRpby5uX3Nwb3J0NzIz,forceOptOutAad
180684,Y29tLnRhcHVuaXZlcnNlLmF1ZGlvY29udmVydGVy,forceOptOutAad
180685,Y29tLnNvdW5kcy5nZWNrbw==,forceOptOutAad
180686,aXQubWF4ZnJpZW5kcy5hcHA=,forceOptOutAad
180687,Y29tLmFscGhhbmV0d29yay5hbHBoYW1pbmVy,forceOptOutAad
180688,Y29tLm1jYi5rZXlzdG9uZXNjaG9vbA==,forceOptOutAad
180689,Y29tLm5hdGFzYWRldi53YXRjaGZhY2UuYWNlb2Zob3Jpem9ucw==,forceOptOutAad
180690,Y29tLndhdGNoZmFjZXN0dWRpby5yYW5hbG9nZA==,forceOptOutAad
180691,Y29tLmNyZWF0aXZlcGl4ZWxzLmF1cmljLmljb25wYWNrLmFwcA==,forceOptOutAad
180692,a3IuY29tLm5nbG1z,forceOptOutAad
180693,Y29tLndhdGNoZmFjZXN0dWRpby5uX3Nwb3J0NzM1,forceOptOutAad
180694,Y29tLnV0aWxpdGllcy5tb3J0Z2FnZWNhbGN1bGF0b3I=,forceOptOutAad
180695,Y29tLm5zYi5hcHA=,forceOptOutAad
180696,Y29tLm15YWxidW0uYXBwdjQ=,forceOptOutAad
180697,Y29tLnN0b2NrbWFya2V0LnBlbm55c3RvY2tz,forceOptOutAad
180698,a3IuZ28uZGdlLmRlZHVhcHA=,forceOptOutAad
180699,amNzbGEucmFuZG9tdGFsaw==,forceOptOutAad
180700,YXBwLm1yY29vay50d2E=,forceOptOutAad
180701,Y29tLnRhc2FraWFwcHMucGRmLmNvbnZlcnRlci5pbWFnZXRvcGRmLmpwZ3RvcGRmLmNyZWF0ZXBkZg==,forceOptOutAad
180702,ZG12LnBlcm1pdC50ZXN0VVNB,forceOptOutAad
180703,Y29tLmFsZXhleW1vcm96dWEubWFnaWNob3Vy,forceOptOutAad
180704,Y29tLnBvc2tvNzc3LnRvb2wuZGljb212aWV3ZXI=,forceOptOutAad
180705,Y29tLmxpa2Vrd2d0Lmt1c3RvbS5wYWNr,forceOptOutAad
180706,Y29tLndhdGNoZmFjZXN0dWRpby5kYzIy,forceOptOutAad
180707,Y29tLm15bG9jYXRpb24ubGF0aXR1ZGVsb25naXR1ZGU=,forceOptOutAad
180708,Y29tLndlYXRoZXJpLmdjbW1hbmFnZXIy,forceOptOutAad
180709,Y29tLnBhcnNldXMuY29kZWNpbmZv,forceOptOutAad
180710,ZGUuZGF2aWRiYXR0ZWZlbGQuYmVybGluc2t5bGFya3M=,forceOptOutAad
180711,Y29tLnJzc29sdXRpb24uYWNhbGNndWlkZQ==,forceOptOutAad
180712,Y29tLmZyZWVtaXVtLmFuZHJvaWQuYXBwcy52aWJyYXRpb24ubWV0ZXI=,forceOptOutAad
180713,Y29tLnNhcC5tb2JpbGUuYXBwcy5zYXBzdGFydA==,forceOptOutAad
180714,Y29tLnBsYW5ldGgubGlua3RvbWlkaQ==,forceOptOutAad
180715,Y29tLnN0b255cGFyay51dGlsLndlYXRoZXJp,forceOptOutAad
180716,Y29tLm5hdGFzYWRldi53YXRjaGZhY2UuaGF1bnRpbmdob3Vycw==,forceOptOutAad
180717,Z3J1YS5wbGFuaWZpY2Fy,forceOptOutAad
180718,ZXMubW92aXN0YXIuY2xvdWQ=,forceOptOutAad
180719,eHl6LnRva2VucHJvb2Yud2FsbGV0,forceOptOutAad
180720,bWljcm9saWZlLm1haW4ubWljcm9saWZlY29ubmVjdGVkaGVhbHRocGx1cw==,forceOptOutAad
180721,Y29tLnZpc3VhbDNkc2NpZW5jZS5EaWdlc3RpdmVTeXN0ZW0=,forceOptOutAad
180722,Y29tLnVkaGFycGF5LnBheWxhdGVybWVyY2hhbnQ=,forceOptOutAad
180723,Y29tLnNhcm5pLmZsdXR0ZXJmaW5k,forceOptOutAad
180724,Y29tLnBsYW5ldGguZ3N0b21wZXJwcm9kdWNlcmRlbW8=,forceOptOutAad
180725,Y29tLmp1bmdsZWppbXMuYW5kcm9pZA==,forceOptOutAad
180726,Y29tLmFscGhhZ2FtZXMuY2FzaHdhbGs=,forceOptOutAad
180727,Y29tLmJhcmVmb29kZmFjZXMuYmFub2ZmZWVwaWU=,forceOptOutAad
180728,Y29tLmRhdGF4aW5nLmluZGlhcG9sbHNfYXBwbGljYXRpb24=,forceOptOutAad
180729,Y29tLmNhcmliYmVhbmFpcmxpbmVzLmpldHBhaw==,forceOptOutAad
180730,Y29tLmpldGtpdGUuZ2VtbXk=,forceOptOutAad
180731,dGhhbmhsZXRyYW5uZ29jLmNhbGN1bGF0b3IucHJv,forceOptOutAad
180732,Y29tLmZ1dG9ydW0udzU1,forceOptOutAad
180733,Y29tLmNyZWF0aXZlcGl4ZWxzLnJhdmVuZGFyay5pY29ucGFjay5hcHA=,forceOptOutAad
180734,Y29tLndhdGNoZmFjZXN0dWRpby5zZ182MQ==,forceOptOutAad
180735,Y29tLnVzZWxlc3MuY291bnRlcg==,forceOptOutAad
180736,Y29tLmFwYWxvbi5mbGlnaHQudHJhY2tlcg==,forceOptOutAad
180737,Y29tLnBhY29sYWJzLm1pbmlmaWdzY2Fu,forceOptOutAad
180738,Y29tLmFycm93LndhbGxwYXBlcnMud2FsbGlwb3A=,forceOptOutAad
180739,Y29tLmFycm93LnN0b2NrLndhbGxwYXBlcnM=,forceOptOutAad
180740,Y29tLmFua2kudmVjdG9y,forceOptOutAad
180741,Y29tLmZ1dG9ydW0udzY1,forceOptOutAad
180742,Y29tLmZ1dG9ydW0udzc1,forceOptOutAad
180743,Y29tLnBodW9uZ3BuLndob3VzZW15d2lmaS5uZXR3b3Jrc2Nhbm5lci5wcm8=,forceOptOutAad
180744,Y29tLmRpZ2l0YWxhcHBzLnByZXNzdXJlY29va2Vy,forceOptOutAad
180745,Y29tLmVhdG9zLmlsaXF1aWRvcy5nbGFzcw==,forceOptOutAad
180746,bWUuaHlhbG9pZC5oZWguYXd3,forceOptOutAad
180747,Y29tLndhdGNoZmFjZXN0dWRpby5zZ18xMDA=,forceOptOutAad
180748,Y29tLmZseWVyc29mdC5tb29ucmVhZGVycA==,forceOptOutAad
180749,Y3MxNC5waXhlbHBlcmZlY3QuaWNvbnBhY2sudmVyYQ==,forceOptOutAad
180750,Y29tLnhwbG9yYXp6aS54cGVyaW56,forceOptOutAad
180751,Y29tLnF1aWNvc29mdC5leHBvc3VyZWNhbGN1bGF0b3IuYXBw,forceOptOutAad
180752,Y29tLmpuZGFwcC5nYWxheHkub25ldWkuZ2xhc3MuaWNvbnBhY2s=,forceOptOutAad
180753,Y29tLnRhcHVuaXZlcnNlLmFuaW1lZmlsdGVy,forceOptOutAad
180754,b3JnLmt1c3RvbS5sb2Nrc2NyZWVuLnBybw==,forceOptOutAad
180755,Y29tLmdpdGh1Yi5wcmVtbmlybWFsLnRpY2tlcndpZGdldA==,forceOptOutAad
180756,cHJvamVrdC5sYXVuY2hlci5sYXVuY2hlcmtleQ==,forceOptOutAad
180757,Y29tLm5hdGFzYWRldi53YXRjaGZhY2UubW9ubw==,forceOptOutAad
180758,Y29tLnBvaXNvbi5raW5ncmVk,forceOptOutAad
180759,Y29tLndpbm5vLmdhbWVzLndpbi5yZWFsLm1vbmV5,forceOptOutAad
180760,Y29tLmZ1dG9ydW0uaDY1,forceOptOutAad
180761,Y29tLmFtb2xlZHdhdGNoZmFjZXMuaW52ZXJ0ZWQ=,forceOptOutAad
180762,Y29tLm1hbGMucGl4ZWx1eHBsdXM=,forceOptOutAad
180763,Y29tLmFycm93LndhbGxwYXBlcnMuY3JheW9u,forceOptOutAad
180764,Y29tLnNhcnZvZGF5YS5zYXJ2b2RheWFfZmFzdGFncmVjaGFyZ2U=,forceOptOutAad
180765,Y29tLmFycm93LndhbGxwYXBlcnMubWluaXdhbGw=,forceOptOutAad
180766,b25lNHN0dWRpby5pY29ucGFjay5sZW5hYWRhcHRpdmU=,forceOptOutAad
180767,Y29tLnppZHNvZnQuZmxhc2hsaWdodA==,forceOptOutAad
180768,Y29tLnJlYWxkcnVtLnNpbXBsZWRydW1zcm9jay5kcnVtcGFkbWFjaGluZQ==,forceOptOutAad
180769,Y29tLm5pYy5zY2lhcHA=,forceOptOutAad
180770,Y28ua3Iuc2t5LnBsc3NlbmQ=,forceOptOutAad
180771,Y29tLlByaW1hbFBpY3R1cmVzLkVtYnJ5b2xvZ3kyMDIz,forceOptOutAad
180772,Y29tLmdoaWVudHJ1eWVu,forceOptOutAad
180773,Y29tLndhdGNoZmFjZXN0dWRpby5zZ18xMDY=,forceOptOutAad
180774,Y29tLmFycm93LndhbGxwYXBlcnMucmVlbHM=,forceOptOutAad
180775,Y29tLmRkbS5kZXZpY2VpbmZv,forceOptOutAad
180776,aW0uZmR4LnFyY29kZQ==,forceOptOutAad
180777,bGVlLmh5dW4uaW52ZW50b3J5,forceOptOutAad
180778,bWVuZGFuaGEudml0b3IuYXRyYXNvc19jb21ib2lvcw==,forceOptOutAad
180779,ZXUud2l0dGdydXBwZS5zaWVoYW4=,forceOptOutAad
180780,Y29tLmZyZWVtb3ZpZXMuZHJhbWFzaG9ydHMucmVlbHNhcHA=,forceOptOutAad
180781,Y29tLmlseWFib2dkYW5vdmljaC5nZW90cmFja2Vy,forceOptOutAad
180782,Zmx1eC5zdWJzdHJhdHVtLnRoZW1l,forceOptOutAad
180783,Y29tLlNvZnR3YXJlZW50d2lja2x1bmdLZW1wZXIuU21hcnRIb21lRGVzaWdu,forceOptOutAad
180784,b25lNHN0dWRpby5pY29ucGFjay5hcmVz,forceOptOutAad
180785,Y29tLmZhbnpldGVjaC5xdXJhbi5wYWs=,forceOptOutAad
180786,Y29tLnF1aWNrby5kaWdpdGFsYXBw,forceOptOutAad
180787,a3IuY28uczlzb2Z0LmV6X2p1c28=,forceOptOutAad
180788,Y29tLndhdGNoZmFjZXN0dWRpby5iYWxsb3ppLmF2ZW4ud2F0Y2hmYWNl,forceOptOutAad
180789,Y29tLnNjc29mdC51cHNydGNtb2JpbGVhcHA=,forceOptOutAad
180790,Y29tLmNyZWF0aXZlcGl4ZWxzLmF1cmljZGFyay5pY29ucGFjay5hcHA=,forceOptOutAad
180791,Y29tLndhdGNoZmFjZXN0dWRpby5zZ18xMDU=,forceOptOutAad
180792,Y29tLm15dG93bnRvbmlnaHQuYXZpYW1hcA==,forceOptOutAad
180793,Y29tLndhdGNoZmFjZXN0dWRpby5zZ181Mg==,forceOptOutAad
180794,Y29tLndhdGNoZmFjZXN0dWRpby5zZ18xMDc=,forceOptOutAad
180795,Y29tLmNsaWNrcS5tZWRpYXdhbGxldA==,forceOptOutAad
180796,ZXUuZGFya2VuLm15cGVybQ==,forceOptOutAad
180797,Y29tLndhdGNoZmFjZXN0dWRpby5zZ185Mw==,forceOptOutAad
180798,Y29tLmJ1cmxpbmd0b25lbmdsaXNoLmJ1cmxpbmd0b25lbmdsaXNo,forceOptOutAad
180799,Y29tLmx1bmFob21lYWkuaG9tZXNlY3VyaXR5,forceOptOutAad
180800,anAuc25vd2xpZmUwMS5hbmRyb2lkLnJvdGF0aW9uY29udHJvbHBybw==,forceOptOutAad
180801,Y29tLnRhcHVuaXZlcnNlLmFpYXJ0Z2VuZXJhdG9y,forceOptOutAad
180802,Y29tLmhvYW5nbG9uZy5sZXR0ZXIucm91bGV0dGU=,forceOptOutAad
180803,Y3MxNC5waXhlbHBlcmZlY3QuaWNvbnBhY2sudmVyYW91dGxpbmV3aGl0ZQ==,forceOptOutAad
180804,Y29tLmVhdG9zLmFudXguYmxhY2s=,forceOptOutAad
180805,Y29tLndhdGNoZmFjZXN0dWRpby5zZ18xMDQ=,forceOptOutAad
180806,ZGV2LmR3b3Jrcy5hcHBzLmFsYXVuY2hlcg==,forceOptOutAad
180807,Y29tLm5pY2Vrc2QuYXBw,forceOptOutAad
180808,bWlycm9yLmxpbmsubWlycm9ybGluay5jYXJjb25uZWN0b3IuY2FycGxheS5jYXN0dG9jYXIud2lyZWxlc3Njb25uZWN0aW9uLnNjcmVlbm1pcnJvcmluZw==,forceOptOutAad
180809,Y29tLmNhbnZlcmEucGhvdG9ncmFwaGVy,forceOptOutAad
180810,aW5mby55b2dhbnRhcmEudXRtZ2VvbWFw,forceOptOutAad
180811,ZGsuYXNzZW1ibGUuYm5ldC5wYXJp,forceOptOutAad
180812,YWkuaW5zdGF2aWV3Lmd1YXJkaWFu,forceOptOutAad
180813,Y29tLnRoYW5obGV0cmFubmdvYy51bml0Y29udmVydGVy,forceOptOutAad
180814,Y29tLm1hc2ppZGJveC5tYXNqaWRlbm9vcnVsaXNsYW01ZWI0M2NkMjRmMDg5ZTAwMTdiNTZlYTA=,forceOptOutAad
180815,Y29tLmtpbmVncmFtLmFuZHJvaWQuZGlnaXRhbHNlYWw=,forceOptOutAad
180816,ZWFnbGUuY3JpY2tldC5saXZlLmxpbmUuc2NvcmU=,forceOptOutAad
180817,Y29tLmRpZXJvdGVuYnVsbGVuLmFwcA==,forceOptOutAad
180818,Y29tLmNzbXMubWdlc2g=,forceOptOutAad
180819,Y29tLmluc3RhY2FydC5jbGllbnQuZWxzdXBlcg==,forceOptOutAad
180820,Y29tLmxhc2NhZGUubWVhc3VyZQ==,forceOptOutAad
180821,aXQuY2FyZmluZA==,forceOptOutAad
180822,YXBwLnJvYm9jby5hbmRyb2lk,forceOptOutAad
180823,d3kucHJvLnZnYXRlZnd1cGRhdGVyLnBs,forceOptOutAad
180824,Y29tLmdlbmVyYXRvci5sb3R0b21pbGxpb25zZXVybw==,forceOptOutAad
180825,ZnJlZS5haS5jaGF0LmdwdC5ib3QucGx1cy5hc3Npc3RhbnQ=,forceOptOutAad
180826,b3JnLnFvb2FwcHMuc3BvcnR3ZXJrcw==,forceOptOutAad
180827,eGNvaW4udGVzdC55b3VyLmtub3dsZWRnZS5hbmQud2luLmluc3RhbnQucHJpemVz,forceOptOutAad
180828,Y29tLm1hc2ppZGJveC5hYW53YWFydWxoYXJhbWFpbmphbWlhbWFzamlkNjVjNjNjMDRhNTZlYzIwMDFiODU4NjZl,forceOptOutAad
180829,Y29tLmlsb3ZlaW1n,forceOptOutAad
180830,Y29tLmFycm93LndhbGxwYXBlcnMud2F2ZXM=,forceOptOutAad
180831,b25lNHN0dWRpby5pY29ucGFjay5hcmVzYmxhY2s=,forceOptOutAad
180832,Y29tLnZpdmlhbi5sYXdvZmF0dHJhY3Rpb24=,forceOptOutAad
180833,Y29tLmF1ZGlvLmF1ZGlvY2hlY2thcHA2,forceOptOutAad
180834,YXBwLnRpa21hdGU=,forceOptOutAad
180835,Y29tLmRldi5ub3RoaW5nYnV0d2FsbHMuYXBw,forceOptOutAad
180836,Y3ouYWNrZWUudmVudHVza3k=,forceOptOutAad
180837,b25lNHN0dWRpby5pY29ucGFjay5hcmVzbGlnaHQ=,forceOptOutAad
180838,Y29tLmRvdG5ldGlkZWFzLnBhY2tpbmdsaXN0ZnVsbA==,forceOptOutAad
180839,Y29tLm1pY3Jvc29mdC5lbW14LmNhbmFyeQ==,forceOptOutAad
180840,Y29tLmd1aWRlZHdheXMuaXByYXk=,forceOptOutAad
180841,Y29tLmxpcGlzb2Z0LnF1aWNrdnBu,forceOptOutAad
180842,Y29tLmFsZXhleW1vcm96dWEudGltZXNwZWN0cnVt,forceOptOutAad
180843,Y29tLmRpZ3Jhc29mdC5teWdwc2xvY2F0aW9u,forceOptOutAad
180844,b25lNHN0dWRpby5pY29ucGFjay5hcmVzZGFyaw==,forceOptOutAad
180845,Y29tLm5pZ2h0bHluZXh1cy50cmFuc3BhcmVudHdpZGdldA==,forceOptOutAad
180846,Y29tLnBlZG9tZXRlci5zdGVwdHJhY2tlci5zdGVwY291bnRlci5jYWxvcmllYnVybmVy,forceOptOutAad
180847,Y29tLmVtb2ppa2l0Y2hlbi5lbW9qaW1peGVy,forceOptOutAad
180848,Y29tLmtndXJndWwuY3B1aW5mbw==,forceOptOutAad
180849,Y29tLnNkdmwuYnJhaW5yb3QucHJhbmtjYWxs,forceOptOutAad
180850,aW8uYW1vbmQuaGVhdmVubHk=,forceOptOutAad
180851,cnUuYW5kcm9pZHRvb2xzLmNvbWljX2Jvb2tfbWFnYXppbmVfcmVhZGVyX2Nicl9jYno=,forceOptOutAad
180852,aWhyZS5hcG90aGVrZW4=,forceOptOutAad
180853,Y29tLmNvb2xzdGlja2Vycy53YXN0aWNrZXJhcHBzbW9ybmluZ2V2bmluZw==,forceOptOutAad
180854,Y29tLm9lLnBob3RvY29sbGFnZQ==,forceOptOutAad
180855,Y29tLmF3c21hcHMuYW5pbWF0ZWRzdGlja2VybWFrZXI=,forceOptOutAad
180856,Y29tLnRhcHVuaXZlcnNlLmJhY2tncm91bmRlcmFzZXI=,forceOptOutAad
180857,Y29tLndhdGNoZmFjZXN0dWRpby5uX3Nwb3J0NjMy,forceOptOutAad
180858,Y29tLmZ1dG9ydW0uZHdwNQ==,forceOptOutAad
180859,Y29tLmRkbS5pbnRyYWNl,forceOptOutAad
180860,YmhjdC5sZW5kZWVwcm8=,forceOptOutAad
180861,Y29tLndhdGNoZmFjZXN0dWRpby5uX3Nwb3J0NzA2,forceOptOutAad
180862,Y29tLmJhbGthbnJhZGlvc3RhbmljZQ==,forceOptOutAad
180863,Y29tLmNsb3VkM3NxdWFyZWQubWV0ZW9ncmFtLnBybw==,forceOptOutAad
180864,Y29tLnNtYXJ0ZGlzcGxheQ==,forceOptOutAad
180865,Y29tLmV4eXQuYW5kcm9pZC50aXB4eQ==,forceOptOutAad
180866,Y29tLnNzdXJlYnJlYw==,forceOptOutAad
180867,Y29tLmxvZ2Jvb2twcm8uYW5kcm9pZA==,forceOptOutAad
180868,Y29tLm5hdGZpcnN0LnRydXRoaW4=,forceOptOutAad
180869,Y29tLmFwcHRhc3RpYy5ueWNzdWJ3YXltYXA=,forceOptOutAad
180870,aW5mby5waXp6YWdlc3Quc2VydmlwaXp6YQ==,forceOptOutAad
180871,Y29tLmFwZS5hcHBzLm5ldHdvcmticm93c2Vy,forceOptOutAad
180872,Y29tLmJ1ZGdldC5maW5hbmNlLm1vbmV5bWFuYWdlci5lYXN5YnVkZ2V0,forceOptOutAad
180873,Y29tLmJsdWVvd2wuYW5kcm9pZC5zdW5nZ29uZw==,forceOptOutAad
180874,Y29tLmJsdWVvd2wuYW5kcm9pZC50YWdndWdv,forceOptOutAad
180875,ZXUuZGFya2VuLmNhcG9k,forceOptOutAad
180876,Y29tLnNhdWxhd2EuYW5hcy5lbGVjdHJvbmljc190b2xsYm94,forceOptOutAad
180877,Y29tLmZsZWV0X25vdGUuYXBw,forceOptOutAad
180878,Y29tLmFsb2ttLmFsdGF6,forceOptOutAad
180879,Y29tLndhdGNoZmFjZXN0dWRpby5zZ18xMTE=,forceOptOutAad
180880,Y29tLmRpdmluZWNvZGVwcm9kdWN0aW9ucy5iZXQubWFzdGVyLnRpcHM=,forceOptOutAad
180881,b25lNHN0dWRpby5pY29ucGFjay5sZW5hd2hpdGU=,forceOptOutAad
180882,Y29tLndhdGNoZmFjZXN0dWRpby5uX3Nwb3J0NzEy,forceOptOutAad
180883,c2subWludi5hcHAuZWRva2xhZHk=,forceOptOutAad
180884,Y29tLmhla2EuYWkuY2Fsb3JpZWNvdW50ZXIubWVhbHBsYW4=,forceOptOutAad
180885,Y29tLmFzbWFrZXIuaW52aXRhdGlvbm1ha2Vy,forceOptOutAad
180886,Y29tLmtpbWZyZW5jaGZpdG5lc3MuS2ltRnJlbmNo,forceOptOutAad
180887,Y29tLndhdGNoZmFjZXN0dWRpby5zYW13YXRjaF9zaW1wbGVfYW5hbG9nXzRfMjAyNQ==,forceOptOutAad
180888,Y29tLmh3Y29sbGVjdGlvbg==,forceOptOutAad
180889,Y29tLmJpYW5jYS5hcHBzLmJyb2tlbnNjcmVlbnByYW5r,forceOptOutAad
180890,b25lNHN0dWRpby5pY29ucGFjay5sZW5hYmxhY2s=,forceOptOutAad
180891,Y29tLmRkbS5hY3Rpdml0eQ==,forceOptOutAad
180892,ZGUuZndlbC5hcHA=,forceOptOutAad
180893,Y29tLml0YWxpYW5vLmlnbGFzcw==,forceOptOutAad
180894,b25lNHN0dWRpby5pY29ucGFjay5hcmVzYXJjdGlj,forceOptOutAad
180895,Y29tLmF3ZmFyLnphaGVyX2RhaXJ5,forceOptOutAad
180896,Y29tLmFwcF9pdF91cC5kbF90YW5rc2VydmljZQ==,forceOptOutAad
180897,Y29tLmtray5lbmdsaXNoX3dvcmRz,forceOptOutAad
180898,Y29tLnduYXRpdmVzbGVhcm4ud25hdGl2ZXNsZWFybg==,forceOptOutAad
180899,Y29tLm1kYy5uYXNvbmk=,forceOptOutAad
180900,c3AucmVwY291bnQ=,forceOptOutAad
180901,Y29tLmNoaWxpZnJlc2guaGF3YWlp,forceOptOutAad
180902,bXdhdmUucmVzaXN0b3Jfc21kX2NvZGU=,forceOptOutAad
180903,anAucmF6dW1hLnRoZXJtb2dyYXBoeWNhbWVyYQ==,forceOptOutAad
180904,Y29tLmRyaG91c2UuZHJob3VzZQ==,forceOptOutAad
180905,bWUud2Vob21lLmFwcA==,forceOptOutAad
180906,Y29tLmNodW5pYy5jY20=,forceOptOutAad
180907,Y29tLnlha292bGV2ZWdvci5Ecm9pZFJlYw==,forceOptOutAad
180908,bWFyYy5zcGFjZWdhbGF4eXdhbGxwYXBlcnNoZA==,forceOptOutAad
180909,Y29tLndhdGNoZmFjZXN0dWRpby5uX3Nwb3J0NzA1,forceOptOutAad
180910,a3IuY28uc3NjLmt5ZW9uZ2lubmV3cw==,forceOptOutAad
180911,Y29tLmF5YW4uZHJpdmVwcmVwa29yZWE=,forceOptOutAad
180912,aXQubWlya28uYmV0YQ==,forceOptOutAad
180913,Y29tLnNsc29sdXRpb24ubWx0bQ==,forceOptOutAad
180914,Y29tLnRhcHVuaXZlcnNlLnByaW50cGhvdG8=,forceOptOutAad
180915,Y29tLmRtdndyaXR0ZW50ZXN0LmFuZHJvaWQ=,forceOptOutAad
180916,ZGUubXloYW1tZXIubXloYW1tZXJjdXN0b21lcg==,forceOptOutAad
180917,Y29tLmF6YWQyNDEuZHh0cmFja2luZw==,forceOptOutAad
180918,ZGUuY3liZXJkcmVhbS5hbmRyb2lkdHYubm90aWZpY2F0aW9ucy5nb29nbGU=,forceOptOutAad
180919,Y29tLm1ldGVvYmx1ZS5kcm9pZA==,forceOptOutAad
180920,Y29tLnRyYXZlbGFuaW1hdG9yLnJvdXRlbWFw,forceOptOutAad
180921,c2UudGczLmdwc3ZpZXdlcg==,forceOptOutAad
180922,Y29tLmNpdGFkZWxsZV9kdV93ZWIubHV4dXJ5X3dhdGNoZmFjZQ==,forceOptOutAad
180923,Y29tLnNyZWVyYWcubWVybGVu,forceOptOutAad
180924,Y29tLnRhcHVuaXZlcnNlLmNhcnRvb255b3Vyc2VsZg==,forceOptOutAad
180925,Y29tLmxlYW5hZ3JpLmxlYW5udXRyaQ==,forceOptOutAad
180926,Y29tLnNjaGlic3RlZC5ib21uZWdvY2lvLmFuZHJvaWRBcHA=,forceOptOutAad
180927,a25mLmt1bWE=,forceOptOutAad
180928,Y29tLmludmVzdHJvby56b3lh,forceOptOutAad
180929,Y29tLnJhbGxzb2Z0d2FyZXMuZG12cHJhY3RpY2V0ZXN0,forceOptOutAad
180930,Y29tLmh1Z2hqZWZmcmV5c3NvZnR3YXJlLmlUZXN0,forceOptOutAad
180931,Y2FzYW1iaS5hbWJp,forceOptOutAad
180932,Y29tLmNhbnZlcmEucGhvdG9hbGJ1bQ==,forceOptOutAad
180933,Y29tLmFtb2xlZHdhdGNoZmFjZXMuc3RyZWFtbGluZWQ=,forceOptOutAad
180934,cGFudmVsbXVuaWNpcGFsY29ycG9yYXRpb24uY21zcGFudmVs,forceOptOutAad
180935,Y29tLmluc3RhcHJvLmhvbWVvd25lcmFwcC51bml0ZWRraW5nZG9t,forceOptOutAad
180936,dGltZS5mbGllcy5jb21wbGljYXRpb25pc3Q=,forceOptOutAad
180937,Y29tLmNhbWVyYS5oaWRkZW4uZGV0ZWN0b3I=,forceOptOutAad
180938,Y29tLnphaGx6LmFuZHJvaWRBcHAucm9hZHJ1bm5lcg==,forceOptOutAad
180939,Y29tLnR2cmVtb3RlLnJlbW90ZWNvbnRyb2wudHY=,forceOptOutAad
180940,Y29tLnRydWVhcHAuc21zbWVzc2VuZ2Vy,forceOptOutAad
180941,dGltZS5mbGllcy5ncmFuemE=,forceOptOutAad
180942,dmlkZW9kb3dubG9hZGVyLnBpbnRlcmVzdC52aWRlby5kb3dubG9hZC5waW50ZXJlc3Rkb3dubG9hZGVy,forceOptOutAad
180943,Y29tLnp5ZHRlY2gudW5pc2Nvb3Rlcg==,forceOptOutAad
180944,YmF6YWFydC5tZS5wYXR0ZXJuYXRvcg==,forceOptOutAad
180945,cmVobWFuLnF1cmFuLnVyZHU=,forceOptOutAad
180946,cGwubXAuZW1wZW5kaXVt,forceOptOutAad
180947,dGltZS5mbGllcy5kcml2b3Jh,forceOptOutAad
180948,Y29tLnRoZWdyZWV0LmRyaW1t,forceOptOutAad
180949,Y29tLmZ1bmFuZHVzZWZ1bC5lYXJseWJpcmRhbGFybQ==,forceOptOutAad
180950,Y29tLnBlYWtz,forceOptOutAad
180951,Y29tLmRlZXBzZWFyY2guYW5hbHl0aWNz,forceOptOutAad
180952,dW5pLlVOSTlFQjRDRjA=,forceOptOutAad
180953,dGltZS5mbGllcy5jbGVhcmx5bGlnaHQ=,forceOptOutAad
180954,cmVuZWdyb3RobWFubi5kb2ZjYWxjdWxhdG9y,forceOptOutAad
180955,Y29tLm5pbmV0eXNpeHNvZnR3YXJlLmd5bXJlc3R0aW1lcg==,forceOptOutAad
180956,Y29tLm15Z29sZGFwcHMuZGFicmFkaW9hcHBmb3JhbmRyb2lkZnJlZQ==,forceOptOutAad
180957,Y29tLkluZmluaXR5LnNwYWNl,forceOptOutAad
180958,Y29tLm1pYy5lbWlj,forceOptOutAad
180959,Y29tLnRzcnRj,forceOptOutAad
180960,Y29tLmhlbmFwcC5iYXllcm4z,forceOptOutAad
180961,Y29tLmthbmdhbi5hbmRyb2lk,forceOptOutAad
180962,Y29tLm9wZW5zdGFibGVkaWZmdXNpb24=,forceOptOutAad
180963,Y29tLmdyYXVwbmVyLmhvdHQudmlld2Vy,forceOptOutAad
180964,Y29tLm1pdGlnYXRvci5nYXRvcg==,forceOptOutAad
180965,Y29tLmF0dXJpcy5BWlYuZWtv,forceOptOutAad
180966,ZGUuc2RlLm1vYmlsZQ==,forceOptOutAad
180967,ZGsuYmVhcndhcmUuZ3Vp,forceOptOutAad
180968,Y29tLmJycmFwcHMucGhvdG9jb2xsYWdlZWRpdG9y,forceOptOutAad
180969,Y29tLnNjaG1vb3plYXBwcy5zY2htb296ZQ==,forceOptOutAad
180970,d2FzYXZlci5kb3dubG9hZHN0YXR1cy52aWRlb3NhdmVyLndhc3RpY2tlci5kb3dubG9hZGVy,forceOptOutAad
180971,YWlyLmNvbS52aWtyYW1zLnRlbHVndWNhbGVuZGFyMjAxNA==,forceOptOutAad
180972,bmV0LnNvdXJjZWZvcmdlLmZhc3RwaG90b3RhZ2dlcg==,forceOptOutAad
180973,Y29tLlFDVU1vYmlsZUJhbmtpbmdBcHA=,forceOptOutAad
180974,ZGUubmVvbmVsZXBoYW50LnRvcGNoZWYudTY4MQ==,forceOptOutAad
180975,Y29tLnZvaXhtZS5kNGQ=,forceOptOutAad
180976,dGVjaC5zaGlraG8uYW5kcm9pZA==,forceOptOutAad
180977,Y29tLmhlbGdlLnZvaWNlcmVjb3JkZXI=,forceOptOutAad
180978,Y29tLm1jY29ubGluZS5hcHA=,forceOptOutAad
180979,dGltZS5mbGllcy5maWVsZA==,forceOptOutAad
180980,Y29tLmtlbGx5Y29sbGlucy5qcWRi,forceOptOutAad
180981,cnUudmxjb2lucy5jYXRhbG9n,forceOptOutAad
180982,Y29tLm9uOWdlb3RhZw==,forceOptOutAad
180983,Y29tLmFwZS5hcHBzLmRvZy53aGlzdGxlLmFwcA==,forceOptOutAad
180984,Y29tLmVuZ2xpc2hzdG9yaWVzaW5sZXZlbHM=,forceOptOutAad
180985,b3JnLmt1c3RvbS53ZWF0aGVy,forceOptOutAad
180986,Y29tLmRpZ2l0ZWNhcHA=,forceOptOutAad
180987,Y29tLm5md2ViZGV2LmxhdW5jaGVyMTA=,forceOptOutAad
180988,Y29tLmdvb2dsZS5hbmRyb2lkLmFwcHMuY2FtZXJhLnNlcnZpY2Vz,forceOptOutAad
180989,Y29tLnZvaWR3YXJlLnZvaWRjYWxsZXI=,forceOptOutAad
180990,Y29tLnNhdWxhd2EuYW5hcy5lbGVjdHJvbmljc3Rvb2xraXQ=,forceOptOutAad
180991,cHMuY29tLmRpZW5zdHBsYW5zY2hpY2h0cGxhbjM=,forceOptOutAad
180992,Y29tLndhdGNoZmFjZXN0dWRpby5jZWxlc3Q1NTYx,forceOptOutAad
180993,Y29tLmxlZS5jcmVkaXRjYXJk,forceOptOutAad
180994,ZGUubmVvbmVsZXBoYW50LnRvcGNoZWYudTY4OQ==,forceOptOutAad
180995,anAucmF6dW1hLmJpZy50aW1lcg==,forceOptOutAad
180996,Y29tLnBodW9uZ3BuLndob3VzZW15d2lmaS5uZXR3b3Jrc2Nhbm5lcg==,forceOptOutAad
180997,Y29tLmF1ZGlvLmx1eHNpbg==,forceOptOutAad
180998,bmV0Lm15c3BlZWRjaGVjay53aWZpLnNwZWVkdGVzdA==,forceOptOutAad
180999,Y29tLmxlY29uanVndWV1ci5kcm9pZDI=,forceOptOutAad
181000,Y29tLmNhcm9saW5lZ2lydmFuLm1vYmlsZQ==,forceOptOutAad
181001,ZXUuZGFya2VuLm9jdGk=,forceOptOutAad
181002,Y29tLmJyb2Rza2kuYW5kcm9pZC5tb3N0d2FudGVk,forceOptOutAad
181003,Y29tLmV4ZHdhdGNoZmFjZS5jYW52YXNfYW5hbG9n,forceOptOutAad
181004,dGltZS5mbGllcy5hcmJpdGVy,forceOptOutAad
181005,Y29tLmF1dG9jYWIudGF4aWJvb2tlci5zdGF0aW9udGF4aXMuc3VuZGVybGFuZA==,forceOptOutAad
181006,Y29tLmluZGllZGV2ZWxvcGVybHVjay5jaGVhdF9jb2RlX2d0YV9maXZl,forceOptOutAad
181007,Y29tLmNvbmNlcHRpdmFwcHMuYmxvc3NvbQ==,forceOptOutAad
181008,Y3oua2IubmRi,forceOptOutAad
181009,Y29tLnBpdC5tYWNoaW5lbGVhcm5pbmcucGFpZA==,forceOptOutAad
181010,Y29udmVyc29yLmNvbnZlcnNhb3RheGFzYmFzaWNvLmV1cnRoYg==,forceOptOutAad
181011,Y29tLmZpcnN0ZWNoLmRyb25lYWN0aXZhdGlvbg==,forceOptOutAad
181012,Y29tLnBpdC5tYWNoaW5lbGVhcm5pbmc=,forceOptOutAad
181013,Y29tLnJqcnQuVGhlT2FzaXM=,forceOptOutAad
181014,Y29tLndhdGNoZmFjZXN0dWRpby5kYWRhbTEwNw==,forceOptOutAad
181015,Y29tLnRjZ3BsYXllci50Y2dwbGF5ZXI=,forceOptOutAad
181016,b3JnLm5hcm9kZW4ubW9iaWxl,forceOptOutAad
181017,Y29tLmtudWRkZWxzLmFuZHJvaWQ=,forceOptOutAad
181018,b25lNHN0dWRpby5pY29ucGFjay5sZW5hZGFyaw==,forceOptOutAad
181019,dGsueXVudXMuaGV4ZWRpdG9y,forceOptOutAad
181020,bWUuaW1wYS5rbm9ja29ucG9ydHM=,forceOptOutAad
181021,ZHAuZGllbnN0cGxhbg==,forceOptOutAad
181022,Y29tLnB1cnBsZW1pbnQuZmlsZU5hdGlvbmFsVG91cmlzdA==,forceOptOutAad
181023,Y2FydG9vbi5jYXJ0b29ueW91cnNlbGYudG9vbmFwcA==,forceOptOutAad
181024,Y29tLmlvcy5sb2Nrc2NyZWVlbg==,forceOptOutAad
181025,Y29tLnB1amllLndyaXN0d2Vhci5wdWppZWJsYWNr,forceOptOutAad
181026,cGwuYXBhcnQuYW5kcm9pZA==,forceOptOutAad
181027,Y2guaGJlbmVja2Uuc3VuZGF5,forceOptOutAad
181028,Y29tLnN6ZWxrLmxlZGxhbXBwcm8=,forceOptOutAad
181029,Y29tLmx1dGNyZWF0b3IubHV0bW9iaWxlMg==,forceOptOutAad
181030,Y29tLnZhcmlhYmxlLmluc3BpcmU=,forceOptOutAad
181031,Y29tLmFyZ29ucmVtb3RlLm5vdGlmaWNhdGlvbmhpc3Rvcnk=,forceOptOutAad
181032,dGltZS5mbGllcy5taWRuaWdodGRpc3BsYXk=,forceOptOutAad
181033,Y29tLmNob3JkYWk=,forceOptOutAad
181034,Y29tLm1hdmVua2FsYWJzLmFkc2tpcHBlcg==,forceOptOutAad
181035,dGltZS5mbGllcy5ldmVudHVyYWRpZ2l0YWw=,forceOptOutAad
181036,dGltZS5mbGllcy5kYWtvdGE=,forceOptOutAad
181037,Y29tLnRhcHVuaXZlcnNlLmJsdXJwaG90bw==,forceOptOutAad
181038,ZGUuc2NobWVyemtsaW5pay5taWdyYWVuZV9hcHA=,forceOptOutAad
181039,Y29tLm15dG93bnRvbmlnaHQuYXZpYXRpb253ZWF0aGVy,forceOptOutAad
181040,Y29tLmF1cmhlLmFwMTU=,forceOptOutAad
181041,Y29tLnZpZGEuaGVhbHRoY29hY2g=,forceOptOutAad
181042,dGltZS5mbGllcy5wZWFrYW5hbG9n,forceOptOutAad
181043,Y29tLmFrc2hhdGFwcC5ib2R5ZmF0Y2FsY3VsYXRvcg==,forceOptOutAad
181044,Y29tLnBlcmZlY3RseS5saWdodHdlYXRoZXIuYWR2YW5jZWQud2VhdGhlcg==,forceOptOutAad
181045,aW8uZGNsb3VkLnVuaUFsbEVhdA==,forceOptOutAad
181046,Y2gucGF0cmlja2ZyZWkucGhvbmV0aW5mby5mcmVl,forceOptOutAad
181047,Y29tLnByb3Zha2lsLnByb3Zha2ls,forceOptOutAad
181048,cnUuZzAwMHNoYTI1Ni5iYXNzX2Jvb3N0ZXI=,forceOptOutAad
181049,Y29tLmxpNy5tZi5pd2FsbHBhcGVy,forceOptOutAad
181050,Y29tLlNQSUMuZVBheW1lbnQ=,forceOptOutAad
181051,dGltZS5mbGllcy5wYXRyb2w=,forceOptOutAad
181052,Y29tLnJhaWxkYXlzLmFuZHJvaWQ=,forceOptOutAad
181053,dGltZS5mbGllcy5ldmVudHVyYWFuYWxvZw==,forceOptOutAad
181054,Y29tLmJlaW5nZW5pb3VzLnBhbmRhdmlld2Vy,forceOptOutAad
181055,dGltZS5mbGllcy5uZWJ1bGFwcm8=,forceOptOutAad
181056,Y29tLmFzZW1vYi5yYWRpb2FwcC5NYWxp,forceOptOutAad
181057,dGltZS5mbGllcy5wYWNlcg==,forceOptOutAad
181058,Y29tLnNreW1heC53YXRjaGZhY2Uub2JzY3VyZQ==,forceOptOutAad
181059,bHYubG10LmxtdGFwcGxpY2F0aW9u,forceOptOutAad
181060,Y29tLmxvY2F0b3IuZ3BzLnRyYWNraW5nbG9jYXRpb24=,forceOptOutAad
181061,b3JnLmtkZS5iZXR0ZXJjb3VudGVy,forceOptOutAad
181062,Y29tLnRpbWV0YWM=,forceOptOutAad
181063,aW8uY29yaW50aGlhbnMuYXBw,forceOptOutAad
181064,Y29tLmxvY28uYmlrZQ==,forceOptOutAad
181065,YnJhdmVoZWFydC5hcHBzLmFwa2luc3RhbGxlcg==,forceOptOutAad
181066,dGltZS5mbGllcy50aWRhbGdsb3c=,forceOptOutAad
181067,Y29tLnNkdmwudHVuZ3R1bmd0dW5nLnByYW5rY2FsbA==,forceOptOutAad
181068,Y29tLmFsZS5yYWluYm93,forceOptOutAad
181069,Y29tLmFycm93LndhbGxwYXBlcnMucGFzdGVsd2FsbA==,forceOptOutAad
181070,Y29tLmNwY3RlY2guc2lnbmF0dXJlbWFrZXJwcm8=,forceOptOutAad
181071,Y29tLmZyZWVmYXguYXBw,forceOptOutAad
181072,Y29tLmFndXJjaGFuZC5sZWFybnRhbWlsdGhyb3VnaGVuZ2xpc2g=,forceOptOutAad
181073,Y29tLndhdGNoZmFjZXN0dWRpby5mc3cyNjY=,forceOptOutAad
181074,dGltZS5mbGllcy5wcmltZXRpbWU=,forceOptOutAad
181075,Y29tLm1vYmlsZTIwMDAuc3RvcmU=,forceOptOutAad
181076,bm8ucG9zdGVuLnNwb3JpbmcuY29udHJvbGxlcg==,forceOptOutAad
181077,Y29tLndhdGNoZmFjZXN0dWRpby5teF9kaWdpX3NwMDI=,forceOptOutAad
181078,Y29tLnNwYWlk,forceOptOutAad
181079,YWkudmFsZXQuY29t,forceOptOutAad
181080,Y29tLnRlbGlhY29tcGFueS50ZWxpYXNtYXJ0Y29udHJvbA==,forceOptOutAad
181081,ZGUucHJvc3Bla3RhbmdlYm90ZS5hcHA=,forceOptOutAad
181082,d2VidG9vbHMuZGRtLmNvbS53ZWJ0b29scw==,forceOptOutAad
181083,Y29tLmFndXJjaGFuZC5sZWFybmhpbmRpdGhyb3VnaHRhbWls,forceOptOutAad
181084,c2cudGVjaG5vYml6LmJlZW1vYmlsZQ==,forceOptOutAad
181085,Y29tLnRlY2hhcHBpZS5pbmRpYV9wb3N0X3NwZWVkX3Bvc3RfdHJhY2tlcg==,forceOptOutAad
181086,Y29tLndhbGxwYXBlci5jaHJpc3RpYW53YWxscGFwZXI=,forceOptOutAad
181087,c3VtYWlyLmJvZHlfdGVtcHJldHVyZS5mZXZlcl9kaWFyeS50ZW1wcmV0dXJlX2NoZWNrZXIuZmV2ZXJfdGVtcHJldHVyZS5mZXZlcl9jaGVja2Vy,forceOptOutAad
181088,Y29tLndhdGNoZmFjZXN0dWRpby5zYW13YXRjaF90aGVtZV9rb3JlYV90aWdlcg==,forceOptOutAad
181089,Y29tLnBhbG10ZWFtLmltYWdlc2VhcmNo,forceOptOutAad
181090,Y29tLnBhdWxrb2Vwa2UudW5pdHByaWNlY29tcGFyaXNvbg==,forceOptOutAad
181091,ZGUuZHJpdmVpbi5hbmRyb2lk,forceOptOutAad
181092,Y29tLmFwb2FwcC5hcG9kaXJla3Q=,forceOptOutAad
181093,Y29tLmFzZW1vYi5yYWRpb2FwcC5NYXJhdGhp,forceOptOutAad
181094,dGltZS5mbGllcy5sdW1lb24=,forceOptOutAad
181095,Y29tLmF1dG9jYWIudGF4aWJvb2tlci53aWxsZW5oYWxsMjQ3LndpbGxlbmhhbGw=,forceOptOutAad
181096,ZGV2LmJhcnR1emVuLnFiaXRjb250cm9sbGVy,forceOptOutAad
181097,Y29tLmF0dXJpcy5FS09ub3J0aGVpbQ==,forceOptOutAad
181098,Y29tLmZvcmRjb2RlYXV0b3JhZGlvLmF1dG9kaWFnOTQ=,forceOptOutAad
181099,Y29tLmJ1cmhhbnlhcHJhay5zeW1ib2xzdG9jb3B5,forceOptOutAad
181100,Y29tLmRvdG5ldGlkZWFzLnBhY2tpbmdsaXN0,forceOptOutAad
181101,Yml0Ymx1ZS5zYW50RnJhbmNpczE5,forceOptOutAad
181102,Y29tLmdlbmVzaXNoZWFsdGhjYXJlLnJ4,forceOptOutAad
181103,dGltZS5mbGllcy5sYWdvbQ==,forceOptOutAad
181104,aW4ueW91cnF1b3RlLmFwcA==,forceOptOutAad
181105,b3JnLnNoYXJldGhlbWVhbC5hcHA=,forceOptOutAad
181106,Y29tLmljYWJiaS5hcnJvdw==,forceOptOutAad
181107,Y29tLml4Y29kZXJzLmdvLnBhbA==,forceOptOutAad
181108,Y29tLndhdGNoZmFjZXN0dWRpby5zZ18xMjY=,forceOptOutAad
181109,Y29tLmZpbHRlcnNhaS5waG90b2VkaXRvcmludGVsbGlnZW50LnNtYXJ0c3R1ZGlv,forceOptOutAad
181110,Y29tLmdhcm5lc2FwcHMucHJpbnRlcmJsdWV0b290aA==,forceOptOutAad
181111,dGltZS5mbGllcy5hdmFudGE=,forceOptOutAad
181112,Y29tLmF1dG9jYWIudGF4aWJvb2tlci5jaXR5dGF4aXMuYmxhY2tidXJu,forceOptOutAad
181113,YXBwLmNvbnRyb2xwbHVz,forceOptOutAad
181114,Y29tLm15YnVpbGRlci5sZWFkcw==,forceOptOutAad
181115,bmV0LmlzcGF6aW8ud2FsbHBhcGVyc2NlbnRyYWw=,forceOptOutAad
181116,Y29tLmFzZW1vYi5yYWRpb2FwcC5JbmRpYQ==,forceOptOutAad
181117,dmlkZW8uZG93bmxvYWRlci5ub3dhdGVybWFyaw==,forceOptOutAad
181118,Y29tLndhdGNoZmFjZXN0dWRpby5zYW13YXRjaF9zaW1wbGVfcnVuXzQ=,forceOptOutAad
181119,Y29tLmV4cG9ydGVyc2luZGlhLmNvbQ==,forceOptOutAad
181120,Y29tLmR2dG9uZGVyLmNocm9udXM=,forceOptOutAad
181121,dGltZS5mbGllcy5wZWFrZGlnaXRhbA==,forceOptOutAad
181122,Y29tLnVuaXR5TGluaw==,forceOptOutAad
181123,bmV0LmdlbmVyaXNtLmxpbm90ZWZvcmFuZHJvaWQ=,forceOptOutAad
181124,Y29tLnZvaWNlZWZmZWN0cy5zdXBlcmVmZmVjdC52b2ljZWNoYW5nZXI=,forceOptOutAad
181125,Y29tLm9yZGVyZWF0Lm9yZGVyZWF0X21vYmlsZQ==,forceOptOutAad
181126,Y29tLmFyZ29ucmVtb3RlLnByb2dyZXNzdHJhY2tpbmc=,forceOptOutAad
181127,Y29tLnB1amllLndhdGNoZmFjZXM=,forceOptOutAad
181128,ZGUuaGJjaC50cmFld2VsbGluZw==,forceOptOutAad
181129,Y29tLmFwcC5tYW5kaGFyYW0=,forceOptOutAad
181130,Y29tLmFkZGFzLnRhbGx5bXljYXNo,forceOptOutAad
181131,Y29tLmFsZXhleW1vcm96dWEub3JiaXR1bXg=,forceOptOutAad
181132,ZGUuaXRzcXVhcmUucm9iZXJ0YmV0ejIwMjI=,forceOptOutAad
181133,Y29tLmppbGFiYS5wb3RoeXNfZGlnaWdvbGQ=,forceOptOutAad
181134,Y29tLnNhdWFmdWVocmVyLmFwcA==,forceOptOutAad
181135,dGltZS5mbGllcy5tb25hY28=,forceOptOutAad
181136,Y3MxNC5waXhlbHBlcmZlY3QuaWNvbnBhY2suaGVyYWRhcms=,forceOptOutAad
181137,bHQuc3dlZGJhbmsubW9iaWxl,forceOptOutAad
181138,Y29tLndhdGNoZmFjZXN0dWRpby5zcG9ydHljbGFzc2ljLmdhbGF4eWRlc2lnbg==,forceOptOutAad
181139,Y29tLnJoeXRobW5ld21lZGlhLmFuZHJvaWQuZQ==,forceOptOutAad
181140,eHl6LnNsaW5nc2hvdC5hc2hsZXkuYXBw,forceOptOutAad
181141,dHcuY29tLnlveGkucmlkZXI=,forceOptOutAad
181142,Y29tLmFjZWFibGUuYWNlYWJsZWRlX2FuZHJvaWQ=,forceOptOutAad
181143,aW8uc2tlZGl0LmFwcA==,forceOptOutAad
181144,Y29tLm9yYWNsZS5vcGVuYWlyLmFuZHJvaWQ=,forceOptOutAad
181145,Y29tLm1vYml0ZXhpLkJvcm9DYXJz,forceOptOutAad
181146,Y29tLmRhdWZvb2QucHB0,forceOptOutAad
181147,Y29tLnNxdWFyZV9lbml4LmFuZHJvaWRfZ29vZ2xlcGxheS5tYW5nYXVwX2dsb2JhbA==,forceOptOutAad
181148,Y29tLnJqcnQuTmV3UG9ydA==,forceOptOutAad
181149,dGltZS5mbGllcy5zY29yaW5nZ29hbHM=,forceOptOutAad
181150,Y29tLnN3ZWRiYW5r,forceOptOutAad
181151,dGltZS5mbGllcy51bml2ZXJzYWxpczMwMDA=,forceOptOutAad
181152,Y29tLmljZWNyZWFtLmt3a2xhc3BsdXM=,forceOptOutAad
181153,a3IubGl2ZWZvci5naWZ0Y2FyZA==,forceOptOutAad
181154,a3IuY28uY2FzaG91cg==,forceOptOutAad
181155,anAucmF6dW1hLm5lZ2F0aXZlaW1hZ2VjYW1lcmE=,forceOptOutAad
181156,Y2hhc2thZm9yeW91LmFwcHMucmVtaW5kbWU=,forceOptOutAad
181157,b3JnLmt1c3RvbS53aWRnZXQucHJv,forceOptOutAad
181158,Y29tLmd5bWluc2lnaHQubWVtYmVyc2FwcA==,forceOptOutAad
181159,Y29tLmFwcHN0ZXIucGF5aXguY3Vscw==,forceOptOutAad
181160,c3R1ZGlvMTQuYXBwbGljYXRpb24uaGVyYQ==,forceOptOutAad
181161,Y29tLmthY3Rlcmxpbi5pc2NvcmVib2FyZA==,forceOptOutAad
181162,Y29tLmJsdWV0b290aC5hbmltYXRpb24uYnRhbmltYXRpb24=,forceOptOutAad
181163,Y29tLnNhc3lhYm9vay5ibWg=,forceOptOutAad
181164,Y29tLmhhYml0Y29udHJvbA==,forceOptOutAad
181165,Y29tLm1lc3NlZXNhbmcua2FuYWppbW8=,forceOptOutAad
181166,Y29tLmVudm9ieXRlLndvcmxkLnZwbi5nbG9iYWw=,forceOptOutAad
181167,aW8ucmVwYXkuY3VzdC5yZXBheQ==,forceOptOutAad
181168,Y29tLnRvdXJwaWsubW9iaWxlYXBw,forceOptOutAad
181169,Y29tLnNlbmRncm91cHNtcy5LaWRzQmlydGhkYXlJbnZpdGF0aW9uTWFrZXI=,forceOptOutAad
181170,dGltZS5mbGllcy5sb3ZlYW5kcHJpZGU=,forceOptOutAad
181171,anAuY28ucm9sYW5kLmFlcm9jYXN0ZXJfcmVtb3RlY2FtZXJh,forceOptOutAad
181172,Y29tLmtpbmdfYXMubnVtYmVydG93b3Jkcw==,forceOptOutAad
181173,Y29tLndhdGNoZmFjZXN0dWRpby5kNw==,forceOptOutAad
181174,Y29tLmFyZ29ucmVtb3RlLm5vdGlmaWNhdGlvbnJlYWRlcg==,forceOptOutAad
181175,Y29tLmNhYmNhbS5jYW1icmlkZ2U=,forceOptOutAad
181176,Y29tLmNhbm5kci5hcHBz,forceOptOutAad
181177,Y28ud29yZHVwYXBwLmFwcA==,forceOptOutAad
181178,Y29tLmppZWNvZGUudGFpd2FucmFpbHdheQ==,forceOptOutAad
181179,Y29tLndhdGNoZmFjZXN0dWRpby5mc3cyNzg=,forceOptOutAad
181180,Y29tLndhdGNoZmFjZXN0dWRpby53ZWF0aGVyXzNE,forceOptOutAad
181181,Y29tLndhdGNoZmFjZXN0dWRpby5mc3cyNzM=,forceOptOutAad
181182,Y29tLmJyb3duZHJvaWQuYW5kcm9pZDEz,forceOptOutAad
181183,cnUuYTQwMmQucmF3YnRwcmludGVy,forceOptOutAad
181184,Y29tLmNvb3ZpbC5rZGF0aW5n,forceOptOutAad
181185,Y29tLmxhdW5kcnl5b3Uud2FzaHhwcmVzcw==,forceOptOutAad
181186,Y29tLmludGVsZS5uc2Jtb2IuYXBw,forceOptOutAad
181187,Y29tLnVyaW5pZnk=,forceOptOutAad
181188,Y29tLmFjZWFibGUuYWNlYWJsZXJlX2FuZHJvaWQ=,forceOptOutAad
181189,ZXUucGFpcmlkYWl6YS5hcHA=,forceOptOutAad
181190,Y29tLmNhc2h0cmVlLnBpYWs=,forceOptOutAad
181191,Y29tLndhdGNoZmFjZXN0dWRpby5zZ18xMjA=,forceOptOutAad
181192,anAuc25vd2xpZmUwMS5hbmRyb2lkLmNsaXBib2FyZA==,forceOptOutAad
181193,Y29tLmFrbWFub3JjYXJzLmJpcm1pbmdoYW0=,forceOptOutAad
181194,Y2EubWFsaWd1ZQ==,forceOptOutAad
181195,Y29tLmNvbG9yb3MucGhvbmVtYW5hZ2Vy,forceOptOutAad
181196,Y29tLmhhcmR5aW5maW5pdHkuc2NyZWVuLmNvbG9yLmxpdGU=,forceOptOutAad
181197,Y29tLmNyYXp5Z2FtZXMuY3JhenlnYW1lc2FwcA==,forceOptOutAad
181198,Y29tLmF1dG9jYWIuYWxsdGhlZml2ZXM=,forceOptOutAad
181199,Y29tLmlwYXNzLmlwYXNzbW9uZXk=,forceOptOutAad
181200,Y29tLmdkLnNlZWRzdG9ja25vdGlmZXJmb3Jncm93YWdhcmRlbnN0b2Nr,forceOptOutAad
181201,Y29tLmtpd2lkaXNrLmFuZHJvaWQ=,forceOptOutAad
181202,Y29tLmVzYW5nbW5jLmNvYmVtYWxs,forceOptOutAad
181203,Y29tLnBsYXRpbnVtLmF1dG9jYWI=,forceOptOutAad
181204,Y29tLmRhd25oZWFsdGgubmV1cm9oZWFsdGg=,forceOptOutAad
181205,Y29tLm1kc2FzLnNpZA==,forceOptOutAad
181206,YWkubHlkaWEud2VsbGFnZWQ=,forceOptOutAad
181207,Y29tLmtleXdvcmRzLnRvb2xzLnBpZXByZS50ZWNo,forceOptOutAad
181208,Y29tLnlvbmcucGFya2luZw==,forceOptOutAad
181209,Y29tLmdpcmxpbmd0b25hbGxvdmVyLmdpcmxpbmd0b25icmFkZm9yZA==,forceOptOutAad
181210,Y29tLmh0bWwuaHRtbHZpZXdlcg==,forceOptOutAad
181211,Y29tLnN3YW5iaXRjb2luLmFuZHJvaWQ=,forceOptOutAad
181212,Y29tLnZsdWUucmlkZXJhcHA=,forceOptOutAad
181213,Y29tLmpheWRpcC5uZmNyZWFkZXI=,forceOptOutAad
181214,Y29tLndhZmFzb2Z0LkhhampfVW1yYWhfWml5YXJhdGVfTWFkaW5haA==,forceOptOutAad
181215,YWFzdWl0ZWQubmV0LnBldGFucXVlY2FtZXJh,forceOptOutAad
181216,YWxhcm0uY2xvY2suY2FsZW5kYXIucmVtaW5kZXI=,forceOptOutAad
181217,Y29tLmNpdGFkZWxsZV9kdV93ZWIub3dhdGNoZmFjZQ==,forceOptOutAad
181218,Y29tLmRvbGNlZ3VzdG9mcmVlLmFjdGl2aXR5,forceOptOutAad
181219,Y29tLmFwcGxld2F0Y2hmb3JhbmRyb2lkLmFwcGxld2F0Y2hhcHBmb3JhbmRyb2lkcGhvbmVfYXBwbGV3YXRjaGFwcA==,forceOptOutAad
181220,Y29tLnRhcHVuaXZlcnNlLnZpZGVvY29tcHJlc3Nvcg==,forceOptOutAad
181221,ZWR1LnZpdC52dG9wLmFuZHJvaWRhcHA=,forceOptOutAad
181222,Y29tLmJiZ2luZGlhLmJiZ19tb2JpbGVfYXBw,forceOptOutAad
181223,Y29tLm9wZW5idWJibGVzLm1lc3NhZ2luZw==,forceOptOutAad
181224,Y29tLndlcGF5LndlcGF5,forceOptOutAad
181225,Y29tLmZhaXJhcHBzLnNpZ25hdHVyZW1ha2VycHJv,forceOptOutAad
181226,Y29tLmF1dG9jYWIudGF4aWJvb2tlci5zamsubGVlZHM=,forceOptOutAad
181227,Y29tLmphaW5hbS5zcGFjZQ==,forceOptOutAad
181228,Y29tLmltYWdlLnJlc2l6ZXIubWtn,forceOptOutAad
181229,ZnIudml2aW50ZXIuYXNzdXJlLmFwcA==,forceOptOutAad
181230,Y29tLmFsZXhleW1vcm96dWEucmV0cm9hZXN0aGV0aWNz,forceOptOutAad
181231,dGVjaC5jaGl0d2Fuc29mdC5lbWVyZ2VuY3lpbmZvcm1hdGlvbg==,forceOptOutAad
181232,Y29tLndhdGNoZmFjZXN0dWRpby52Z19kMg==,forceOptOutAad
181233,Y29tLnJpc2luZ3N1bi5zbWFydGhvbWU=,forceOptOutAad
181234,Y29tLnRhcGdlbi5mZWF0dXJlcG9pbnRz,forceOptOutAad
181235,Y29tLmRpc3RpbGxlZG1lZGlhLmFkdmVydHM=,forceOptOutAad
181236,Y29tLmFkb3B0ZXVubWVjLmFuZHJvaWRwbA==,forceOptOutAad
181237,Y29tLmRqYW1pbg==,forceOptOutAad
181238,Y29tLmFyZ29ucmVtb3RlLmxhdW5jaG9uYm9vdA==,forceOptOutAad
181239,cGwuZmlzemtpLmdvLmZpc3praV9nbw==,forceOptOutAad
181240,Y29tLnBsYXRpbnVtYXBwcy5jaGFyZ2Vmb3JzdHJpcGU=,forceOptOutAad
181241,Y29tLnNodWIzOS5ncml0,forceOptOutAad
181242,Y29tLmJvbmN1a3BldHZldGVyaW5lcmtsaW5paS5iaXZldA==,forceOptOutAad
181243,ZGV2Lmxrbm5pbmV4Lm9uZXVpZ2xhc3M=,forceOptOutAad
181244,Y29tLnBpeGVyeWxhYnMuZmFjZW9mZg==,forceOptOutAad
181245,Y29tLmxhdGl0dWRlbG9uZ2l0dWRlLmdwc2Nvb3JkaW5hdGVz,forceOptOutAad
181246,Y29tLm1pbmlvcmFuZ2UuYW5kcm9pZC5hdXRoZW50aWNhdG9y,forceOptOutAad
181247,Y29tLmtlZXBzb2Z0LmhvbWVidWgubGl0ZQ==,forceOptOutAad
181248,Y29tLmt1ZmF0ZWMua3RjTGluaw==,forceOptOutAad
181249,Y29tLmV4dHJlbWVwb3MuRVJQLkFTUA==,forceOptOutAad
181250,Y29tLmF1dG9jYWIudGF4aWJvb2tlci5tb3VudHRheGlzLmh1ZGRlcnNmaWVsZA==,forceOptOutAad
181251,Y29tLm1rLmVjb25v,forceOptOutAad
181252,aW4ubGV0c3RhcnR1cC5IaW5kaUNvbXB1dGVyQ291cnNl,forceOptOutAad
181253,Y29tLmhvcml6b25zLnR1dA==,forceOptOutAad
181254,d2dwLmJpcmRndWlkZXMueGFtYXJpbi5kcm9pZA==,forceOptOutAad
181255,YWMubm90ZXMubm90ZXBhZA==,forceOptOutAad
181256,Y29tLmVhc3ltb25leS52YWx1YXRpb24=,forceOptOutAad
181257,ZGsudGlsYnVkc2F2aXNlcm9ubGluZS5hcHA=,forceOptOutAad
181258,Y29tLmdyaWNlLmRp,forceOptOutAad
181259,Y29tLmRpZ2l0YWxhcHBzLndvcmxkcmFkaW9z,forceOptOutAad
181260,Y29tLmFobGVzdW5uYXRzLlNoYW1hX1NoYWJpc3Rhbl9lX1JhemFfaW1hbV9haG1hZF9yYXph,forceOptOutAad
181261,Y29tLmNyZWF0aXZlam95LmxvdmVmcmFtZQ==,forceOptOutAad
181262,Y29tLndhdGNoZmFjZXN0dWRpby5mc3cyNjQ=,forceOptOutAad
181263,bWUubGl2ZWNoYXJ0LmFuZHJvaWQ=,forceOptOutAad
181264,Y29tLmFyZ29ucmVtb3RlLmFwcGRyYXdlcnBsdXM=,forceOptOutAad
181265,Y29tLm5vc2FwcHMuYW5kcm9pZC5nZXQyY29pbg==,forceOptOutAad
181266,bHYuc3MubQ==,forceOptOutAad
181267,Y29tLkJsYWNrTGlicmFyeS5DSVZkcnVnc0NhbGN1bGF0b3I=,forceOptOutAad
181268,Y29tLmF0Ml9zb2Z0d2FyZS50ZXJyYWNvbGxhZ2VhcHA=,forceOptOutAad
181269,Y29tLmNvbnRyb2xjZW50ZXIucXVpY2tjb250cm9sLmN1c3RvbWNvbnRyb2w=,forceOptOutAad
181270,Y29tLnZvbHVtZS5lcXVhbGl6ZXIuYmFzcy5ib29zdGVy,forceOptOutAad
181271,Y29tLmFjeXV0YS5nc2M=,forceOptOutAad
181272,Y29tLmFyZ29ucmVtb3RlLnNjcmVlbm9ub2Zmc291bmQ=,forceOptOutAad
181273,dHcudGliLmZpbmFuY2lzdG8=,forceOptOutAad
181274,aW8udHBvcnQucGVuc2lvbnBtcw==,forceOptOutAad
181275,Y29tLmtleXdvcmQucGxhbm5lci5waWVwcmUudGVjaA==,forceOptOutAad
181276,c2tpbi5jYXJlLnByb2R1Y3Quc2Nhbm5lci5za2luY2FyZS5jb3NtZXRpYy5pbmdyZWRpZW50LmNoZWNrZXI=,forceOptOutAad
181277,Y29tLm1hbGMuZ2xhc3N1aQ==,forceOptOutAad
181278,Y29tLnVhbGV0dA==,forceOptOutAad
181279,Y29tLmp1bnRlay5wbGF0Zm9ybQ==,forceOptOutAad
181280,YXQubmsudG9vbHMuaVRyYW5zbGF0ZQ==,forceOptOutAad
181281,Y29tLnRlbGxtLmFuZHJvaWQuYXBw,forceOptOutAad
181282,Y29tLnRhcHVuaXZlcnNlLnN0aXRjaHBob3Rvcw==,forceOptOutAad
181283,Y29tLmFpcmV1cm9wYS5tb2JpbGU=,forceOptOutAad
181284,d2wuc21hcnRsZWQ=,forceOptOutAad
181285,Y3MxNC5waXhlbHBlcmZlY3Qua3dndHdpZGdldC5vbmU0a3dndHBybw==,forceOptOutAad
181286,Y29tLmFwYWxvbi53ZWF0aGVycmFkYXIuZnJlZQ==,forceOptOutAad
181287,Y29tLmF2cmFwcHMucGRmdmlld2Vy,forceOptOutAad
181288,ZGUubWVuc2FtYXgubW9iaWxl,forceOptOutAad
181289,Y29tLmdhbW1hLnNjYW4y,forceOptOutAad
181290,Y28ucGVla3NvZnQuc3RvY2tz,forceOptOutAad
181291,Y29tLnZwbmhvb2QuY2xpZW50LmFuZHJvaWQ=,forceOptOutAad
181292,Y29tLmRnZGV2LmRncGxheWVy,forceOptOutAad
181293,Y29tLmhpemVuLnZwbg==,forceOptOutAad
181294,Y29tLmVhdG9zLmlsaXF1aWRjb2xvci5nbGFzcw==,forceOptOutAad
181295,Y29tLm5lYXZlLnpvb21lYXJ0aA==,forceOptOutAad
181296,Y28ua3Iuc29ua3kubWlycm9y,forceOptOutAad
181297,Y29tLnNjaG9vbGNhZmUuYXBw,forceOptOutAad
181298,Y29tLmVhcnRod2F0Y2hmYWNlLmFuaW1hdGVkZWFydGguZWFydGgud2FsbHBhcGVyLndhdGNoZmFjZS53ZWFy,forceOptOutAad
181299,Y29tLmFuZHJvdmlkcHJv,forceOptOutAad
181300,Y29tLnZlbmRpdHouc2VuZHkuYW5kcm9pZA==,forceOptOutAad
181301,dnBuLmZyZWUub3Jhbmdl,forceOptOutAad
181302,bWlrYWxhaS5kaWN0aW9uYXJ5,forceOptOutAad
181303,Y3oubXJvY3ppcy5uZXRtb25zdGVy,forceOptOutAad
181304,Y29tLmNyZWF0aXZlcGl4ZWxzLmJsYXplLmJhY2tsZXNzLmljb25wYWNrLmFwcA==,forceOptOutAad
181305,aW9zLmRkLmt3Z3Q=,forceOptOutAad
181306,bW9iaWdyYW0uY2FyZHNuYWNrcw==,forceOptOutAad
181307,Y29tLnJpbmcubmVpZ2hib3Job29kcw==,forceOptOutAad
181308,ZGUuZGJyZWdpby53b2hpbmR1d2lsbHN0,forceOptOutAad
181309,Y29tLmV4dHJhc3R1ZGlvcy5jaGFsbGFuaW5mbw==,forceOptOutAad
181310,Y29tLkludGVybml0eUxhYnMuTGF1bmNoZXIuV2luWA==,forceOptOutAad
181311,Y29tLmVuZ2xpc2hzY29yZQ==,forceOptOutAad
181312,ZGV2Lmhvc3RpbmdkdXR5LmJpdGNoYXQ=,forceOptOutAad
181313,Y29tLm92cG5zcGlkZXI=,forceOptOutAad
181314,Y29tLmFtb2xlZHdhdGNoZmFjZXMuc2ltcGxlZGlnaXRhbA==,forceOptOutAad
181315,dmVudHVyZXMucHV6emxlcy5jYXNoZHJpdmU=,forceOptOutAad
181316,Y29tLmthYmxlb25lLnR2ZXZlcnl3aGVyZQ==,forceOptOutAad
181317,Y29tLmNyZWF0aXZlcGl4ZWxzLmJsYXplLmljb25wYWNrLmFwcA==,forceOptOutAad
181318,Y29tLmFwcGNvbGxlY3Rpb24uaXN5bmNfY29udGFjdHM=,forceOptOutAad
181319,Y29tLm1hZ2ljLmZsdWlkd2FsbHBhcGVyLm1hZ2ljZmx1aWRzLmxpdmVmbHVpZC5mbHVpZHdhbGxwYXBlci53YXRjaGZhY2Uud2Vhcg==,forceOptOutAad
181320,Y29tLmtpbm5leWRydWdzLnJ4,forceOptOutAad
181321,aGVhbHRoLmRvY3Rvci5waWxsLm15X21lZGljaW5lLnBybw==,forceOptOutAad
181322,aXMuYWJpZGU=,forceOptOutAad
181323,YnRvb2xzLnJvdXRpbmdhcHA=,forceOptOutAad
181324,Y29tLmxhcmsubWVhZG93bGFyazI=,forceOptOutAad
181325,Y28uZ2lndS5hcHA=,forceOptOutAad
181326,Y29tLmRyZWFtdGVhbW1vYmlsZS51ZmluZA==,forceOptOutAad
181327,Y29tLmlvczE5a3dndC5wYWNr,forceOptOutAad
181328,Y29tLm91dGluLnNhbmdub2s=,forceOptOutAad
181329,Y29tLnZpZXNzbWFubi52aWNhcmU=,forceOptOutAad
181330,Y29tLnVzYW1pbmltYWxpc3RkaWdpdGFsLmRpZ2l0YWx3YXRjaC51bHRyYXdhdGNoLndhdGNoZmFjZS53ZWFy,forceOptOutAad
181331,Y29tLmJhdHRlcnlzYXZlci5uaWdodHlzYXZlci5iYXR0ZXJ5LndhdGNoYmF0dGVyeS5jbGVhbmRpZ2l0YWwuc2ltcGxlZGlnaXRhbC5mcmVlLndhdGNoZmFjZS53ZWFy,forceOptOutAad
181332,Y29tLmJhcmlsYWIuaGFuZG1pcnJvci5nb29nbGVtYXJrZXQ=,forceOptOutAad
181333,Y29tLnNhdmVyLmdwaG90b3NzYXZlcg==,forceOptOutAad
181334,bmV0Lmdyb2NlcnlzaG9wcGluZy5TcHJvdXRzRmFybWVyc01hcmtldA==,forceOptOutAad
181335,Y29tLmxlbXVyYnJvd3Nlci5leHRz,forceOptOutAad
181336,Y29tLmJlbmphbWlubW9vcmUuY29sb3Jwb3J0Zm9saW8=,forceOptOutAad
181337,Y29tLmlvbmljZnJhbWV3b3JrLmludGVscGFyazM4NjcxNDU=,forceOptOutAad
181338,cHQuZm5hYy5hcHAuYW5kcm9pZA==,forceOptOutAad
181339,bHYubWNwcm90ZWN0b3IubWNwcm8yNGZwcy5kZW1v,forceOptOutAad
181340,YnIuY29tLmtvcGVuaGFnZW4=,forceOptOutAad
181341,Y29tLndhdGNoZmFjZXN0dWRpby5uX3Nwb3J0NjYx,forceOptOutAad
181342,Y29tLnBjY29tcHV0ZXIudWRoYXJfa2hhdGFfYm9vaw==,forceOptOutAad
181343,Y29tLndhdGNoZmFjZXN0dWRpby5mc3cyMzE=,forceOptOutAad
181344,Y29tLmJvb3N0LnNhbXN1bmcucmVtb3Rl,forceOptOutAad
181345,Y29tLmxvZ2ljcy5jbGllbnRwb3J0YWw=,forceOptOutAad
181346,Y29tLm5zdGVudGVycHJpc2VzLnRsdGhlbWUudHJlaw==,forceOptOutAad
181347,Y29tLmZpdmVmLnRvdXI=,forceOptOutAad
181348,Y29tLm1heGltby5wYWluZWxsZWQ=,forceOptOutAad
181349,Y29tLmFwcDJ1Lm1hZ25pZmllcg==,forceOptOutAad
181350,Y29tLndhdGNoZmFjZXN0dWRpby5kaXNjb3ZlcnkuYWN0aXZlZGVzaWdu,forceOptOutAad
181351,Y29tLmFyLmRyYXdpbmcudHJhY2Uuc2tldGNoLmRyYXcucGFpbnRpbmcucGhvdG8=,forceOptOutAad
181352,Y29tLnJuc2VsZWN0YXN0cm8=,forceOptOutAad
181353,ZG9taW5vcy5tYWlu,forceOptOutAad
181354,d2Vhci53YXRjaGZhY2VzLm5hdHVyZWRpZ2l0YWx4bHdhdGNoZmFjZQ==,forceOptOutAad
181355,Y29tLmF1dG9jYWIudGF4aWJvb2tlci5hbWJlcmNhcnMubm9ydGhhbXB0b24=,forceOptOutAad
181356,Y29tLmFuZHJvdmlk,forceOptOutAad
181357,Y29tLm1vdGl2YXRpb25hbHF1b3Rlc3dhbGxwYXBlci5pbnNwaXJhdGlvbmFscXVvdGVzd2FsbHBhcGVy,forceOptOutAad
181358,dm4uY29tLmNlbGxwaG9uZXMuYW5kcm9pZC5zbWVtYmVy,forceOptOutAad
181359,Y29tLm1heGxpZmVpbnN1cmFuY2Uud3d3LnR3YQ==,forceOptOutAad
181360,Y29tLmdvbGRidWJibGUuY2lyY2xlYnViYmxlLmZsb3JhbGNvbG9yLmJ1YmJsZWNsb3Vkd2Vhci5waXhlbG1pbmltYWx3YXRjaGZhY2UuZnJlZXdhdGNoZmFjZS53YXRjaGZhY2Uud2Vhcg==,forceOptOutAad
181361,Y29tLmdvYnJlYXp5LmFwcA==,forceOptOutAad
181362,Y29tLmx1bmF0ci5kZV9oYXJ5b3I=,forceOptOutAad
181363,YXQuYXBhLnBkZndsY2xpZW50LnZybV9kYXJtc3RhZWR0ZXJlY2hv,forceOptOutAad
181364,Y29tLkF3YW1pU29sdXRpb24uYmx1ZXRvb3RoZGV2aWNlbWFuYWdlcg==,forceOptOutAad
181365,Y29tLmVkZ2VsaWdodGluZy5ib3JkZXJsaWdodC5sZWQuYWx3YXlzb25lZGdlLndhdGNoZmFjZS53ZWFy,forceOptOutAad
181366,ZGUuZGJyZC5jb21wYW5pb24=,forceOptOutAad
181367,Y29tLndpbGRmbG93ZXIuc2ltcGxlZmxvcmFsLnBpbmtibG9vbS5zcHJpbmcuZmFjZWZsb3JhbC53YXRjaGZhY2Uud2Vhcg==,forceOptOutAad
181368,Y29tLmVucmVkYXRzLmVsZWN0cm9tYXBz,forceOptOutAad
181369,Y29tLmNocmlzdG1hcy54bWFzLmhvbGlkYXkud2ludGVyLnNhbnRhLnNub3dmbGFrZS5jaHJpc3RtYXN0cmVlMS53YXRjaGZhY2Uud2Vhcg==,forceOptOutAad
181370,Y29tLmVkYi5lcGhhcm1tb2JpbGU=,forceOptOutAad
181371,Y29tLnJhbWF4LnJhbWF4aW90,forceOptOutAad
181372,Y29tLmFsZXhleW1vcm96dWEucGl4ZWxiZWFt,forceOptOutAad
181373,Y29tLnNreWxpbmUueGlhb2p1X2ZsdXR0ZXI=,forceOptOutAad
181374,Y29tLnR0cGFwcHMub21uaXJpZGU=,forceOptOutAad
181375,Y29tLm1henpvY2NoaWJyb3RoZXJzLmVtb2ppdXAuZW1vamkuYXZhdGFy,forceOptOutAad
181376,Y29tLnJlZGFwcHMuZWdmcmNhbGN1bGF0b3I=,forceOptOutAad
181377,Y29tLnNtYXJ0LnRvb2xzLmNvbnRyb2wuY29udHJvbGNlbnRlcg==,forceOptOutAad
181378,Y29tLnBsYW5ldGgudmFiZWFzdA==,forceOptOutAad
181379,Y29tLm52YS5tb2JpbGU=,forceOptOutAad
181380,Y29tLm1ldGVvYWdlbnQ=,forceOptOutAad
181381,Y29tLnNhbWxlYXRoZXJkYWxlLm9wZW53aXRo,forceOptOutAad
181382,b3JnLnJzb2UuYW5kcm9pZC5zd3NXaWRnZXQ=,forceOptOutAad
181383,Y29tLmR5bmFtaWNnLnRpbWVyZWNvcmRpbmcucHJv,forceOptOutAad
181384,Y29tLmdvbGZlcnNldXJvcGU=,forceOptOutAad
181385,Y29tLndhdGNoZmFjZXN0dWRpby5mc3cyNzc=,forceOptOutAad
181386,Y29tLmluc3BpcmVkYW5kcm9pZC5saW51eGNvbW1hbmRiaWJsaW90aGVjYQ==,forceOptOutAad
181387,Y29tLmdlLmtmYw==,forceOptOutAad
181388,Y29tLmRpZ2l0YWwuZmxvd2VyLmJ1dHRlcmZseS53YWxscGFwZXIud2F0Y2hmYWNlLndlYXI=,forceOptOutAad
181389,bGlmZS5tZWRsZXkuY2xpbmljcw==,forceOptOutAad
181390,bnUubWlsYWQubW90bWFlbmJhc2g=,forceOptOutAad
181391,Y29tLmNvbXBhc3N1c2EubXltZWFs,forceOptOutAad
181392,Y29tLnBsYW5ldGguZ3N0b21wZXJwcm9kdWNlcg==,forceOptOutAad
181393,Y29tLm5nX2xhYnMucGFpbnQ=,forceOptOutAad
181394,Y29tLnJlcGF5LmNvcm53ZWxsdG9vbHM=,forceOptOutAad
181395,Y29tLnBoaWxrZXMubm90YWxseXg=,forceOptOutAad
181396,YmEua2xpeC5hbmRyb2lk,forceOptOutAad
181397,Y29tLmEzLnllYXJseXByb2dlc3M=,forceOptOutAad
181398,Y29tLml4aWEuaXhjaGFyaW90,forceOptOutAad
181399,Y29tLmRkZ2NvcnAuYmVmcmVl,forceOptOutAad
181400,Y3MxNC5waXhlbHBlcmZlY3Qua3dndHdpZGdldC5vbmU0a3dndHJlbG9hZGVk,forceOptOutAad
181401,Y3oudHJpbG9iaXRlLmFuZHJvaWQuYXBwLmNlcnRtb24=,forceOptOutAad
181402,Y29tLmVpbnBpeC5hbmRyb2lk,forceOptOutAad
181403,Y29tLmdzcGwubXBhaXNh,forceOptOutAad
181404,bm8ubm9yZGljc2VtaS5hbmRyb2lkLm5yZmNvbm5lY3RkZXZpY2VtYW5hZ2Vy,forceOptOutAad
181405,Y29tLnBsYW5ldGgucmh5dGht,forceOptOutAad
181406,bWUuZGV2aW5jby5tZXRyby5tYXBz,forceOptOutAad
181407,bmwudmllcmRhYWdzZWZlZXN0ZW4ubmlqbWVnZW4=,forceOptOutAad
181408,bW9ycGhwcm8uZGQua3dndA==,forceOptOutAad
181409,YnIuY29tLmVtYnJ5by5ycGMuYW5kcm9pZA==,forceOptOutAad
181410,Y29tLmpvamRldnguZXhwZW5zZS50cmFja2Vy,forceOptOutAad
181411,Y29tLnRwZ19zZw==,forceOptOutAad
181412,Y29tLnF1YmV0aWNzLndhbGxldA==,forceOptOutAad
181413,Y29tLnBsYW5ldGguZ3N0b21wZXJub3JkbW9kdWxhcg==,forceOptOutAad
181414,Y29tLnRpa2Ftb3JpLnRyaWNrbWU=,forceOptOutAad
181415,Y29tLmp3YW50cGxhbi5tZWFscGxhbm5lcg==,forceOptOutAad
181416,Y29tLmVuemlwZS5kZXJpdmF0aXZlY2FsY3VsYXRvcg==,forceOptOutAad
181417,Y29tLm5pbmV4Z2VuLmNvbmdhbmNhbmQ=,forceOptOutAad
181418,Y29tLnByaXZpbGVlLnByaXZpbGVl,forceOptOutAad
181419,Y29tLnJlZHN3YW4ud2lkZ2V0bWV0YWwwMg==,forceOptOutAad
181420,Y29tLmt5b3dvbi5qb211bHNvY2lldHkucGxheQ==,forceOptOutAad
181421,YnVycml0b2dhbGxlcnkuZ29ub2dvbW8uZ29ub2dvLm1vYmlsZW9yZGVyaW5nLmNvbS5sYXJyeXM=,forceOptOutAad
181422,Y29tLnZlbmRpdHouc2VuZHlkcml2ZXIuYW5kcm9pZA==,forceOptOutAad
181423,Y29tLnRyYXZlbHhw,forceOptOutAad
181424,Y29tLm90Lm11bHRmaWxt,forceOptOutAad
181425,Y29tLmRuYy5zcGlubmV5cw==,forceOptOutAad
181426,Y29tLnV0bC5zdG90cmFnYWx1,forceOptOutAad
181427,Y29tLnByb2plY3Qua2lyYW5jaGF2YW4uZGV0b3hmcmVl,forceOptOutAad
181428,cnUucG9hcy5lbmdsaXNod29yZHM=,forceOptOutAad
181429,YXBwLnNjcnlwdGVkLm52cg==,forceOptOutAad
181430,Y29tLnB1bnByby5hbmRyb2lk,forceOptOutAad
181431,Y29tLnJhYmJpdG9hZC5kZG9rYmk=,forceOptOutAad
181432,bW9iaWxldGVsbmV0LmZlbmcuZ2Fv,forceOptOutAad
181433,b3JnLm5peGdhbWUuY29tcGFzcw==,forceOptOutAad
181434,Y29tLndhdGNoZmFjZXN0dWRpby5jZWxlc3Q1NDEx,forceOptOutAad
181435,Y29tLmV0aG9zd2F0Y2hlcy5hcHA=,forceOptOutAad
181436,Y29tLmRhdmlkZ3Jvc3NhcHBzLndpbGRmaXJl,forceOptOutAad
181437,Y29tLmJsb2tldGVjaC5sb2Nrd2F0Y2g=,forceOptOutAad
181438,Y29tLmFidXMub25l,forceOptOutAad
181439,Y29tLmxvb2hwLmhrYnVzZXRh,forceOptOutAad
181440,Y29tLndhdGNoZmFjZXN0dWRpby5uX3Nwb3J0NjU1,forceOptOutAad
181441,Y29tLmFsd2F5c2Nsb2Nr,forceOptOutAad
181442,Y29tLmdhbGxlcnkucGhvdG9zZ2FsbGVyeS52aWRlb2dhbGxlcnkuZ29vZ2xl,forceOptOutAad
181443,Y29tLndlYXJyZWFkZXIud2Vhcndpa2lyZWFkZXI=,forceOptOutAad
181444,dHYucmVtb3RlLmNvbnRyb2wudW5pdmVyc2FsLnNtYXJ0LnBsdXMudGNs,forceOptOutAad
181445,Y29tLmFwZS5hcHBzLnN0cm9iZQ==,forceOptOutAad
181446,em9uZS50cnVzdC52cG4=,forceOptOutAad
181447,Y29tLmhlYWx0aGFyeC5iZWF0bw==,forceOptOutAad
181448,Y29tLmdvb2R5bGFicy5oZWFsdGh5Y2l0aWVz,forceOptOutAad
181449,Y29tLndhdGNoZmFjZXN0dWRpby5uX3Nwb3J0NjIx,forceOptOutAad
181450,Y29tLnBsYW5ldGgucmh5dGhta2V5,forceOptOutAad
181451,Y29tLmFsa2FwcHMuc3VieA==,forceOptOutAad
181452,Y29tLmZsb3JhZGlnaXRhbC5zaW1wbGVmbG9yYWwucGlua2Jsb29tLmdvbGRlbmZsb3JhbC5zcHJpbmcud2F0Y2hmYWNlLndlYXI=,forceOptOutAad
181453,aW4uY29kZXNlZWQuYXVkaWZ5,forceOptOutAad
181454,Y29tLnBsYW5ldGguZ3N0b21wZXI=,forceOptOutAad
181455,aW8uYmxvY28ucXI=,forceOptOutAad
181456,Y29tLnR5bW8uTGF0ZWluWmFobGVudW5kRGF0dW1zVWViZXJzZXR6ZXI=,forceOptOutAad
181457,a3IuY28ubXJrMTMuYW5kcm9pZC5hbmRyb2lkZmxvYXRpbmdtdXNpYw==,forceOptOutAad
181458,Y29tLmV1cC5oZXlqYXBhbg==,forceOptOutAad
181459,Y29tLnNpbXBsZXN0YWlycy5zdGFpcnNjYWxjdWxhdG9y,forceOptOutAad
181460,Y29tLmxlZS5teWFsYmEy,forceOptOutAad
181461,ZGUuYXJjZC5wYW5uZW5oaWxmZQ==,forceOptOutAad
181462,Y29tLndicmF3bmVyLnNpbXBsZW1hcmtkb3du,forceOptOutAad
181463,aXQuZ2Vub3ZhLmFtdC5hcHA=,forceOptOutAad
181464,Y29tLkRyYWhlbml4Lkx1bmFyaWE=,forceOptOutAad
181465,Y29tLmJlc3RsaXZlLmRlbW9uc2xheWVybGl2ZS53YWxscGFwZXI=,forceOptOutAad
181466,Y29tLmRpc2Vhc2VzLnRyZWF0bWVudF9kaWN0aW9uYXJ5,forceOptOutAad
181467,Y29tLml0YWxpYW5vLmV4cHJlc3NpdmVzaGFwZXM=,forceOptOutAad
181468,Y29tLmRldi5tb2JpbGVsaW5r,forceOptOutAad
181469,Y29tLnNpbGx5c21pbGVzLndpY2tlZC5zaWxseS5taWxlcy5saXZld2FsbHBhcGVyLndhdGNoZmFjZS53ZWFy,forceOptOutAad
181470,b3JnLmNiY2sua2p2,forceOptOutAad
181471,bmV0LmxpdmVhdGMubGl2ZWF0Y19hcHA=,forceOptOutAad
181472,Y29tLnBsYW5ldGgudmFiZWFzdGRlbW8=,forceOptOutAad
181473,ZWR1LnZpdC5uYXY=,forceOptOutAad
181474,Y29tLmV4ZWN1dHJpeGFwcHMuczI0X3VsdHJhX3dhbGxwYXBlcg==,forceOptOutAad
181475,Y29tLmFkYXZlbnR1cmVzbGxjLnBsYXlzY291dA==,forceOptOutAad
181476,Y29tLmFsZXhleW1vcm96dWEuY29sb3JmbG93,forceOptOutAad
181477,YWkuc2NlbmFyaWE=,forceOptOutAad
181478,Y29tLndhdGNoZmFjZXN0dWRpby5zZ18xNDA=,forceOptOutAad
181479,Y29tLm50dGRvY29tby5hbmRyb2lkLmRhdGFyZXNjdWU=,forceOptOutAad
181480,Y29tLkhVNS5zdG9ja3Byb2ZpdA==,forceOptOutAad
181481,Y29tLmxpZmVzY2FuLnJldmVhbA==,forceOptOutAad
181482,cnMud2VicmVzdC5hcg==,forceOptOutAad
181483,ZGUuYXBvdGhla2VuLmFwcA==,forceOptOutAad
181484,Y29tLnJpZ2h0ZGlzaGEucG9ydHVndWVzZQ==,forceOptOutAad
181485,Y29tLm9yZ2RldmFwcC5yZWFjdGlvbnM=,forceOptOutAad
181486,Y29tLmhvbmdzLmFuZHJvaWQ=,forceOptOutAad
181487,Y29tLmVkZ2VsaWdodGNvbG9ycy5sZWQuYm9yZGVybGlnaHQuZWRnZWxpZ2h0aW5nLmxlZGJvcmRlcmxpZ2h0LmxlZG5lb25saWdodHMud2F0Y2hmYWNlLndlYXI=,forceOptOutAad
181488,Y29tLmRvaWZvbw==,forceOptOutAad
181489,Y29tLmFmZm9yZGFibGVhbGxlcmd5dGVzdC5hcHA=,forceOptOutAad
181490,d3d3LnNocmlrYXNoaXZpc2h3YW5hdGgub3JnLmthc2hpdmlzaHdhbmF0aA==,forceOptOutAad
181491,Y29tLmthbGFudG9zLnNoYWtlbGlnaHQ=,forceOptOutAad
181492,Y29tLndhdGNoZmFjZXN0dWRpby5jZWxlc3Q1NDE1,forceOptOutAad
181493,Y29tLndhdGNoZmFjZXN0dWRpby5iYWxsb3ppLmNvcnNhLndhdGNoZmFjZQ==,forceOptOutAad
181494,Y29tLnRvbmNlbnRzb2Z0Lmlmb290YWdlbW9jbw==,forceOptOutAad
181495,Y29tLndhdGNoZmFjZXN0dWRpby5tZzIzd2Yx,forceOptOutAad
181496,Y29tLmRkbS5xdXRl,forceOptOutAad
181497,Y29tLmFuaXNoLmNyZWF0aW9uX3BsYW4=,forceOptOutAad
181498,Y29tLmFuZGFsdXNpLmFwcC5hbmRyb2lk,forceOptOutAad
181499,Y29tLmV4aW5pdHkuZnh0bQ==,forceOptOutAad
181500,b3JnLmt1c3RvbS53YWxscGFwZXI=,forceOptOutAad
181501,Y29tLmZmei5hbHRpbWV0cm9mcmVl,forceOptOutAad
181502,Y29tLnNhdmVyLnBob3RvYW5kdmlkZW9zYXZlcg==,forceOptOutAad
181503,dW5pLlVOSTFDMEIyQjM=,forceOptOutAad
181504,Y3ouc2F6a2Euc2F6a2Ftb2JpbA==,forceOptOutAad
181505,Y29tLmtleWxlc3NwYWxhY2UudHVza3k=,forceOptOutAad
181506,bW92ZW1lbnRyeC5tb3ZlbWVudHJ4,forceOptOutAad
181507,Y29tLmRlc2VyZXRkaWdpdGFsLmJvb2tzaGVsZg==,forceOptOutAad
181508,Y2xhc3NpYy5wZGYucmVhZGVyLnZpZXdlci5kanZ1LmVwdWIuZmIyLnR4dC5tb2JpLmJvb2sucmVhZGVyLmxpcmJpLmxpYnJp,forceOptOutAad
181509,Y29tLmFsZXhleW1vcm96dWEuY29sb3JzdHJpcGVz,forceOptOutAad
181510,Y29tLnJhc2tlYmlsZXIuZHJpdnN0b2ZmLmFwcGVu,forceOptOutAad
181511,b3NhY2t5LnJpZGVtZXRlcg==,forceOptOutAad
181512,Y29tLmxpZ2h0ZG90bmV0LmRpZ2l0YWxjbG9jaw==,forceOptOutAad
181513,Y29tLmtpcmFuc21vb3RoaWUua2lyYW5jaGF2YW4uanVpY2VyZWNpcGU=,forceOptOutAad
181514,Y29tLnNwYXRpYWxuZXR3b3Jrcy5mdWxjcnVt,forceOptOutAad
181515,b25lNHN0dWRpby5pY29ucGFjay52ZXJhbWF0ZXJpYWx5b3U=,forceOptOutAad
181516,Y29tLnBsYW5ldGguZ3N0ZmxwaGZyZWVlZG0x,forceOptOutAad
181517,cnUucG9hcy5wb2xpc2h3b3Jkcw==,forceOptOutAad
181518,YWkuc3RvcmFnZS5jbGVhbmVyLmFwcA==,forceOptOutAad
181519,a2FsaXNvaG4uYW5kcm9pZC5yZWNvbG9y,forceOptOutAad
181520,Y29tLmZkYWJiaWVyaS5jb250cm9sbG92ZWljb2xpcnViYXRp,forceOptOutAad
181521,Y29tLnRneW0uYXBw,forceOptOutAad
181522,Y29tLnphcmcub250aW1l,forceOptOutAad
181523,amF4LmFwbC5hc3BpLml0LmpheA==,forceOptOutAad
181524,Y29tLmZ1dHVyYWRldi5lZ3JhZGFuaQ==,forceOptOutAad
181525,emEuY28uc25vd2NvZGUuZGlhYmV0aWNfY2FsYw==,forceOptOutAad
181526,Y29tLmlwdHYuc21hcnQucGxheWVy,forceOptOutAad
181527,Y29tLm9wZXJhLmd4,forceOptOutAad
181528,YWkucmVjcmFmdA==,forceOptOutAad
181529,Y29tLnRhcmFuLm15YnVz,forceOptOutAad
181530,Y29tLm1hc3RlcmxvY2suaG9tZS5tbGhvbWU=,forceOptOutAad
181531,Y29tLmNhc2hpdGFwcC5hcHAuam9rZXNwaG9uZQ==,forceOptOutAad
181532,Y29tLm1hY3JvcGluY2guYXhl,forceOptOutAad
181533,Y29tLmJpbGV0aXgudGlja2V0bWFzdGVy,forceOptOutAad
181534,Y29tLmFzc2lzdGNhcmQuYXNzaXN0Y2FyZA==,forceOptOutAad
181535,Y29tLnYycmF5LnZsZXNz,forceOptOutAad
181536,cGwubHViaW15LmN6eXRhYw==,forceOptOutAad
181537,Y29tLmZpbG1pYy5maWxtaWNwcm8=,forceOptOutAad
181538,Z2FyYWdlLnJpbmd0b25lLm1ha2VyLmF1ZGlvLm1wMy5jb252ZXJ0ZXIucHJv,forceOptOutAad
181539,Y29tLmVsZXZhdGVsYWJzLmdlb25vc2lz,forceOptOutAad
181540,ZGUubXloYW1tZXIubXloYW1tZXJwYXJ0bmVy,forceOptOutAad
181541,Y29tLnRoZXJvbnJvZ2Vycy52YXVsdHlmcmVl,forceOptOutAad
181542,bmV0Lmh1YmFsZWsuYW5kcm9pZC5yZWJvcm4uYmV0YQ==,forceOptOutAad
181543,Y29tLmNyeXB0b2JlZXMubWltaW5k,forceOptOutAad
181544,Y29tLnp5ZHRlY2guZXBvd2VyZnVu,forceOptOutAad
181545,Y29tLnJlZHNvZnQuemVyb2NsZWFuZXI=,forceOptOutAad
181546,YXNpYS56c29mdC5zdWJ0cmFuc2xhdGU=,forceOptOutAad
181547,Y29tLnF1aWNrby5nbHlkZQ==,forceOptOutAad
181548,Y29tLnZ0aW5mby5yZXRhaWxlcnBvcnRhbA==,forceOptOutAad
181549,Y29tLmdsc2l0YWx5Lmdsc3RyYWNraW5n,forceOptOutAad
181550,Y29tLmVhdG9zLmlsaXF1aWQuZGFyaw==,forceOptOutAad
181551,ZGUuc3dtLm1laW5lLmFwcC5pc3Nwa19tb2JpbGVfYXBw,forceOptOutAad
181552,Y29tLndhdGNoZmFjZXN0dWRpby5pbnRlcmFjdGl2ZW51bWJlci5nYWxheHlkZXNpZ24=,forceOptOutAad
181553,Y29tLm15cmVwYWlyaWQudmFyZWNvcmRlcg==,forceOptOutAad
181554,c3R1ZGlvMTQuYXBwbGljYXRpb24uY2lyY29ucw==,forceOptOutAad
181555,Y29tLmlhbXZpdmEubWFpbg==,forceOptOutAad
181556,Y29tLm50aGxpbmsuYW5kcm9pZC5jbGllbnQ=,forceOptOutAad
181557,Y29tLmdhbGF4eS5nYWxheHkzZC5zcGFjZS5lYXJ0aHdhdGNoZmFjZS5lYXJ0aC5hc3Ryb25vbXkubW9vbi5lYXJ0aG1vb24zRC5mcmVld2F0Y2hmYWNlLndhdGNoZmFjZS53ZWFy,forceOptOutAad
181558,Y29tLnNjaGxhZ2VyLm1nYw==,forceOptOutAad
181559,Y29tLnF4LnNob290aW5ncGx1c3Y1YXBwbGljYXRpb24=,forceOptOutAad
181560,Y29tLmNyZWF0aXZlcGl4ZWxzLmdlbXMuaWNvbnBhY2suYXBw,forceOptOutAad
181561,Y29tLmFkb3JhYmxlYW5pbWFscy5hbmltYWxzLm1pbmltYWwuY3V0ZWFuaW1hbHMud2F0Y2hmYWNlLndlYXI=,forceOptOutAad
181562,aW4uYmx1ZXBsYW5ldGFwcHMub2NlYW5zb2ZhaQ==,forceOptOutAad
181563,cGwuZ3JlZW53YXkuZXZjaGFyZ2U=,forceOptOutAad
181564,cGwubGlua3NvZnQuY2FtdHJvbm9tZQ==,forceOptOutAad
181565,Y29tLmNoaW1ib3JpLmhlcm1pdGNyYWI=,forceOptOutAad
181566,Y29tLndhdGNoZmFjZXN0dWRpby5vbW5pLmFjdGl2ZWRlc2lnbg==,forceOptOutAad
181567,Y29tLmptZnMuam1wcm8=,forceOptOutAad
181568,dHRzLnJlYWRlcg==,forceOptOutAad
181569,Y29tLm1pa2hhZWxsb3Blei5vcHRjZw==,forceOptOutAad
181570,Y29tLm1kYy5jdHBjbHVqLnRpY2tldHM=,forceOptOutAad
181571,Y29tLnNvZnR3YXJla29pYm94LmxlYmFyYmllcg==,forceOptOutAad
181572,Y29tLmdhbGF4eS5nYWxheHkzZC5zcGFjZS5lYXJ0aHdhdGNoZmFjZS5lYXJ0aC5hc3Ryb25vbXkubW9vbi5hbmltYXRlZG1vb25mYWxsLmZyZWV3YXRjaGZhY2Uud2F0Y2hmYWNlLndlYXI=,forceOptOutAad
181573,Y29tLnphZGFybWEuc2lw,forceOptOutAad
181574,Y29tLmNsb3VkLnJlbW90ZWx5Lm1pbmVyLnVzZHQudGV0aGVy,forceOptOutAad
181575,cnUud2Vidm8uYm9vay5BT1RPQ0ZDQlJBQUFXWUVWSw==,forceOptOutAad
181576,Y29tLnRyaXBsZWRpcC5yYWZ0cg==,forceOptOutAad
181577,Y29tLmx5c3QubHlzdGFwcA==,forceOptOutAad
181578,Y29tLnJlZGJlcnJ5LmJhYnlzaGFya3Yx,forceOptOutAad
181579,Y29tLmNvb2xzdGlja2Vycy5hcmFic3RpY2tlcnN3dHNw,forceOptOutAad
181580,Y29tLnNjYXR0ZXJsYWIudGV4dGF0,forceOptOutAad
181581,Y29tLmdhbGF4eS5nYWxheHkzZC5zcGFjZS5lYXJ0aHdhdGNoZmFjZS5lYXJ0aC5mcmVld2F0Y2hmYWNlLndhdGNoZmFjZS53ZWFy,forceOptOutAad
181582,ZGV2Lnl1aGFwcHMuZmxvYXRpbmdub3Rlcw==,forceOptOutAad
181583,aXQuY2FzZXZhY2FuemE=,forceOptOutAad
181584,Y29tLm1haGVyNHdlYi5oaXNu,forceOptOutAad
181585,Y29tLmFzaGJvdXJuZWFwcC5pcm9uYm9kaWVzZ3lt,forceOptOutAad
181586,Y29tLmdoaXNsZXIuYW5kcm9pZC5Ub3RhbENvbW1hbmRlcg==,forceOptOutAad
181587,Y29tLndhdGNoZmFjZXN0dWRpby5zZ18xNDU=,forceOptOutAad
181588,Y29tLmVsZWN0cmljcG9ja2V0LmJvYXRiZWFjb24=,forceOptOutAad
181589,Y29tLmRyYW1hc2hvcnRzLmRyYW1hLnNob3J0ZmlsbXMuc2hvcnRyZWVscw==,forceOptOutAad
181590,Y29tLm5pZ2h0bHluZXh1cy5kZW1vbW9kZXNldHRpbmdz,forceOptOutAad
181591,Y29tLnBhcGVydHJhZGluZy5xdWFudA==,forceOptOutAad
181592,Y29tLmlhbXZpdmEuY2FyZWVy,forceOptOutAad
181593,dHYucmVtb3RlLmNvbnRyb2wudW5pdmVyc2FsLnNtYXJ0LnBsdXMucm9rdS5maXJlc3RpY2suY2FzdA==,forceOptOutAad
181594,Y29tLndhZmFzb2Z0LlNhd2FuZWhfZV9LYXJiYWxhLk11ZnRpX1N5ZWRfTmFlZW1fdWRkaW5fTXVyYWRhYmFkaQ==,forceOptOutAad
181595,Y29tLndhdGNoZmFjZXN0dWRpby5mc2dhbWVy,forceOptOutAad
181596,dWsuY28uZmF2b3JpdGUuc3RvcmVmaW5kZXI=,forceOptOutAad
181597,Y29tLmdvb2RtZWFsc3BhLmdvb2RtZWFs,forceOptOutAad
181598,b3JnLnRlY2h0b3duLmNsYXNzcmFuZG9tbnVt,forceOptOutAad
181599,Y29tLm15aG91cnMuU3BpY2FfTXlIb3Vycw==,forceOptOutAad
181600,Y29tLnNraW5tb3Rpb24uc2tpbm1vdGlvbg==,forceOptOutAad
181601,Y29tLnRpbWVhY2xlLnRpbWVhY2xl,forceOptOutAad
181602,ZGUucG5wcS53YXRlcmxvY2F0b3I=,forceOptOutAad
181603,Y29tLnNpbXBseS5kcmF3LmFyLmRyYXdpbmcuYXBw,forceOptOutAad
181604,Y29tLnZhbGxleWxhYnMuc3BsaXR0ZXI=,forceOptOutAad
181605,Z2FtZS5zcGEuZGV2,forceOptOutAad
181606,Y29tLnRpc3RvcnkuZXMxMDE1Lmtha2FvLnRoZW1lLmNyb29rZWQyLnBhc3RlbGdyZWVu,forceOptOutAad
181607,aW8uZ2l0aHViLnV0b3BpYWNvc21pY2EuY29sb3Jfd2hlZWw=,forceOptOutAad
181608,YXQuYXBhLnBkZndsY2xpZW50LnZybV9yaGVpbm1haW5wcmVzc2U=,forceOptOutAad
181609,aHIuYXBpc2l0LmlzcHUubXBvcmV6bmE=,forceOptOutAad
181610,Y29tLmNyZWF0aXZlcGl4ZWxzLmZpcmVmbHluZW9uLmljb25wYWNrLmFwcA==,forceOptOutAad
181611,Y29tLmFzaGJvdXJuZWFwcC5hc2hib3VybmVhcHB0cmlhbA==,forceOptOutAad
181612,Y29tLmV6cmVtcy56ZW9ucw==,forceOptOutAad
181613,Y29tLnByYW5zdWluYy5hbGxhdXRvcmVzcG9uZGVy,forceOptOutAad
181614,Y29tLndpZmltb25pdG9yLnNjYW4uc21hcnRzY2FuLm5ldHdvcmttYW5hZ2U=,forceOptOutAad
181615,Y29tLmNvZGV3b3JsZC5sZWFybm1lY2hhbmljYWxlbmdpbmVlcmluZw==,forceOptOutAad
181616,Y29tLnphc2NvLmdwcw==,forceOptOutAad
181617,ZGUuZ3JhdGlzYnJva2VyLmFuZHJvaWQubW9iaWxlYXBw,forceOptOutAad
181618,Y29tLndhdGNoZmFjZXN0dWRpby5jZWxlc3Q1NDI5,forceOptOutAad
181619,Y29tLmNhbGlicmViaW8uc3BsZW5kbw==,forceOptOutAad
181620,Y2guc3dpZnQud2lsbGk=,forceOptOutAad
181621,Y29tLm15c3RpY21vYmlsZWFwcHMudGVycmFpbi5yYWRhcg==,forceOptOutAad
181622,Y29tLnRydWVkaWdpdGFsLnZoZWFsdGg=,forceOptOutAad
181623,Y29tLnNlbmRncm91cHNtcy5IaW5kdUNoYWxpc2FBbmRBYXJ0aQ==,forceOptOutAad
181624,Y29tLndhdGNoZmFjZXN0dWRpby5uX3Nwb3J0NjQ2,forceOptOutAad
181625,Zm91cmJvdHRsZXMuYnNnLndvcmtpbmdob3VyczRi,forceOptOutAad
181626,Y29tLm5pcm1hbGxhYnMubm92ZWxzYm9va3NpbmVuZ2xpc2g=,forceOptOutAad
181627,Y29tLnllZXN0dWRpby5uZXh1c25vdGU=,forceOptOutAad
181628,Y29tLmFwcG15c2l0ZS53ZWI=,forceOptOutAad
181629,Y29tLmJyb2Rza2kuYW5kcm9pZC5maWxtZmluZGVy,forceOptOutAad
181630,Y29tLm1hdHRlb2xvYmVsbG8uYm9yZGVycw==,forceOptOutAad
181631,Y29tLnJpcHBsci5kbXM=,forceOptOutAad
181632,bWUubW9yaXJhaW4uZGV2Lmljb25wYWNrLnB1cmU=,forceOptOutAad
181633,Y29tLnRjZ3BsYXllci50Y2dwbGF5ZXIuYWxwaGE=,forceOptOutAad
181634,YXQudHJpcHdpcmUubXF0dC5jbGllbnQ=,forceOptOutAad
181635,Y3ouemRyYXZhcG90cmF2aW5hLmRhdGFiYXplX3BvdHJhdmlu,forceOptOutAad
181636,Y29tLmF1dG9jYWIudGF4aWJvb2tlci5kaXJlY3RjYXJzLmxpbmNvbG4=,forceOptOutAad
181637,Y29tLmFpLmNoYXRib3QuZ3Jvaw==,forceOptOutAad
181638,Y29tLmFwcHNxdWV1ZS5tYXNhcmVlZg==,forceOptOutAad
181639,Y29tLnRpc3RvcnkuZXMxMDE1Lmtha2FvLnRoZW1lLmNyb29rZWQuc2t5,forceOptOutAad
181640,Y29tLnR1cmJ1bGVuY2Vmb3JlY2FzdC5hbmRyb2lk,forceOptOutAad
181641,Y29tLmRvZy5icmVlZC5pZGVudGlmaWVyLmNhbWVyYQ==,forceOptOutAad
181642,Y29tLnNhdWxhd2EuYW5hcy5lbGVjdHJvbmljc190b29sYm94X3Bybw==,forceOptOutAad
181643,Y29tLm1lcmlkaWFuLm1ldGdkb3Q=,forceOptOutAad
181644,ZGUuYW5hbHl0aWNvbS5jb21ldGxpdmUuZmF3,forceOptOutAad
181645,Y29tLmZhY2VhZ2luZy5waG90b2VkaXRvci5hZ2VwcmVkaWN0aW9uLnNjYW5uZXI=,forceOptOutAad
181646,Y29tLnRpbXNraXkucHJlZ25hbmN5,forceOptOutAad
181647,Y29tLmVjby5ub3Rl,forceOptOutAad
181648,Y29tLnNkZ2NvZGUuYWdlY2FsY3VsYXRvcg==,forceOptOutAad
181649,Y29tLmdlbnVzLmFwcC5tYWhhdml0YXJhbnNtYXJ0X2FwcA==,forceOptOutAad
181650,Y29tLnNuZWFrdG9yaW91cy5hcHAuc25lYWt0b3Jpb3VzX2FwcA==,forceOptOutAad
181651,Y29tLmF1cmEuU2FmZUFsbFBSTw==,forceOptOutAad
181652,Y29tLnZvcndlcmsubXlrb2JvbGQuYXBw,forceOptOutAad
181653,c2Uub21uaQ==,forceOptOutAad
181654,Y29tLndhdGNoZmFjZXN0dWRpby5iYWxsb3ppLmdsYW56LndhdGNoZmFjZQ==,forceOptOutAad
181655,a3IuY28uc3NjLnlubg==,forceOptOutAad
181656,Y29tLmFwb2FwcC5wYWxtcGhhcm1h,forceOptOutAad
181657,ZnJlZXN0dWZmLmZyZWViaWVzLnVr,forceOptOutAad
181658,a3IuZGJkYnNjaG9vbC5zY2hvb2w=,forceOptOutAad
181659,Y29tLnphcHB0YXguemFwcHRheA==,forceOptOutAad
181660,dGVjaC5zYW5kZWVwa3VtYXIucGhvbmVwb3dlcm1lbnVvcHRpb25z,forceOptOutAad
181661,Y29tLnJhaW5hd2FyZS5yYWluYXdhcmU=,forceOptOutAad
181662,Y29tLlByaXNtYXRpYy5JY29ucGFjaw==,forceOptOutAad
181663,Y29tLmNoaW1ib3JpLmhlcm1pdGNyYWIucHJlbWl1bS51bmxvY2tlcg==,forceOptOutAad
181664,Y29tLmp5c3R1ZGlvLmRvd25sb2Fk,forceOptOutAad
181665,ZGUuZGJyZWdpby53b2hpbmR1d2lsbHN0LnZkdw==,forceOptOutAad
181666,Y29tLmdldHJheS5hbGJ1c3Rhbg==,forceOptOutAad
181667,Y29tLmNsYXNzZG9qby5hbmRyb2lk,forceOptOutAad
181668,aW8uaGF4bC5ub2lyX2xhdW5jaGVy,forceOptOutAad
181669,Y29tLmVpZ3Roc2VjdXJpdGllcy50cmFkZWZsaXg=,forceOptOutAad
181670,Y29tLnN0dWRpb2xhZ2FubmUubGVuZ2VuZGFyeWxlbnM=,forceOptOutAad
181671,cGhvdG8udHJhbnNsYXRlLmNhbWVyYS50cmFuc2xhdG9y,forceOptOutAad
181672,Y29tLmljb25uZWN0aHMubW9zcXVlZm91bmRhdGlvbmFwcA==,forceOptOutAad
181673,Y29tLnNpbXBwcm8ucXVyYW4ub2ZmbGluZQ==,forceOptOutAad
181674,Y29tLnVzMXBtLmVhc3lxdGhsb2NhdG9y,forceOptOutAad
181675,bWUuYmlsbC5hcHA=,forceOptOutAad
181676,Y29tLmF0dC5tb2JpbGUuYW5kcm9pZC52dm0=,forceOptOutAad
181677,Y29tLmxvZnR5dGVjaG5vbG9naWVzLmxvZnR5cGFyZW50YXBw,forceOptOutAad
181678,Y29tLm1zZi5ibGlua3RyYWRl,forceOptOutAad
181679,Y29tLmJhemFyY2hlaC5hcHA=,forceOptOutAad
181680,Y29tLml0YWxpYW5vLmJyb256ZWNvcHBlcg==,forceOptOutAad
181681,dGltZS5mbGllcy5yZW5u,forceOptOutAad
181682,a3IucGlsbGdyYW0=,forceOptOutAad
181683,aW5mby52YXpxdWV6c29mdHdhcmUucmVtb3RlbW91c2U=,forceOptOutAad
181684,Y29tLmNhbXB1c2NhcmUuZW50YWIudWk=,forceOptOutAad
181685,Y29tLmJsYWNrbWFnaWNkZXNpZ24uYW5kcm9pZC5ibGFja21hZ2ljY2Ft,forceOptOutAad
181686,ZGUucGF5YmFjay5jbGllbnQuYW5kcm9pZA==,forceOptOutAad
181687,am9zaHVhdGVlLnd4,forceOptOutAad
181688,Y29tLmtpbmdrd2d0Lmt1c3RvbS5wYWNr,forceOptOutAad
181689,Y29tLm9yYW5nZWt3Z3QucGFjaw==,forceOptOutAad
181690,Y29tLml0YWxpYW5vLndoaXRlbW9vbmxpZ2h0,forceOptOutAad
181691,Y29tLnRhcHBpeC5hbmRyb2lkLnptYW4=,forceOptOutAad
181692,anAudW5leHQubWVkaWFwbGF5ZXI=,forceOptOutAad
181693,Y29tLnh1bW8ueHVtbw==,forceOptOutAad
181694,Y29tLmx1Y2t5dHJpcC5sdWNreXRyaXA=,forceOptOutAad
181695,YXBwLmNjcmV3YXJk,forceOptOutAad
181696,Y29tLnRoZWFhLmFuZHJvaWQudGhlYWE=,forceOptOutAad
181697,Y29tLmFwcHNsYWIubWF0ZXJpYWx5b3Uud2lkZ2V0c3Bybw==,forceOptOutAad
181698,Y29tLmJzaGcuaG9tZWNvbm5lY3QuYW5kcm9pZC5yZWxlYXNlLm5h,forceOptOutAad
181699,Y29tLmJyYW5jaGFwcC51YmVycHJvY2FyZA==,forceOptOutAad
181700,Y29tLm5obC5nYzExMTIuZnJlZQ==,forceOptOutAad
181701,Y29tLmJyLnNtaWxlcw==,forceOptOutAad
181702,Y29tLm1vbmV5c3VwZXJtYXJrZXQucGhvZW5peA==,forceOptOutAad
181703,Y29tLnBvc2tvNzc3LnRvb2xzLmxvdHRv,forceOptOutAad
181704,ZGUuaGFnZWJhdS5zaG9w,forceOptOutAad
181705,cnUudGVjaC5pbWFnZXJlc2l6ZXJzaHJpbmtlcg==,forceOptOutAad
181706,cnUubW9yZS5wbGF5,forceOptOutAad
181707,Y29tLnNwb3RpZnkuczRh,forceOptOutAad
181708,Y29tLmRlbHBoaWNvZGVyLmZsdWQ=,forceOptOutAad
181709,Y29tLmxvdHRlbWFydC5sbXNjcA==,forceOptOutAad
181710,Y29tLmZyZWVsZXRpY3MubGl0ZQ==,forceOptOutAad
181711,Y29tLndpdGhwbHVtLmFwcA==,forceOptOutAad
181712,Z28uZm9yZXN0LmZvcmVzdHRyaXA=,forceOptOutAad
181713,b25lNHN0dWRpby5pY29ucGFjay5sZW5h,forceOptOutAad
181714,ZGUua2FiZWxkZXV0c2NobGFuZC5rb21mb3J0Y2xvdWQ=,forceOptOutAad
181715,YWxhcm0uY2xvY2suY2FsZW5kYXIucmVtaW5kZXIucHJv,forceOptOutAad
181716,Y29tLnRhcHVuaXZlcnNlLmJ1c2luZXNzY2FyZG1ha2Vy,forceOptOutAad
181717,Y29tLndhdGNoZmFjZXN0dWRpby5zZ19zcG9ydF8y,forceOptOutAad
181718,Y3MxNC5waXhlbHBlcmZlY3QuaWNvbnBhY2subm92YWRhcms=,forceOptOutAad
181719,dGltZS5mbGllcy53YXl0b2dv,forceOptOutAad
181720,Y3MxNC5waXhlbHBlcmZlY3QuaWNvbnBhY2subm92YQ==,forceOptOutAad
181721,Y29tLmlwdHYuc21hcnQuc21hcnRlcnMucGxheWVyLnN0cmVhbS50di5saXZlLndhdGNoLnN0cmVhbWluZy5jaHJvbWVjYXN0,forceOptOutAad
181722,Y29tLmVhc3RhcmpldC5lYXN0YXJqZXQ=,forceOptOutAad
181723,Y29tLmRhaWx5d2lyZS50aGVkYWlseXdpcmU=,forceOptOutAad
181724,bmV0LnNsaWNrZGVhbHMuYW5kcm9pZA==,forceOptOutAad
181725,c3R1ZGlvMTQuYXBwbGljYXRpb24uYXVyYWljb25z,forceOptOutAad
181726,cGwudGF1cm9uLm10YXVyb24=,forceOptOutAad
181727,c3R1ZGlvMTQuYXBwbGljYXRpb24uanVubw==,forceOptOutAad
181728,Y29tLnJlZG1hZHJvYm90LnBpbnM=,forceOptOutAad
181729,Y29tLnRyYWRpbmd2aWV3LnRyYWRpbmd2aWV3YXBw,forceOptOutAad
181730,Y29tLmJyZ2QuYnJibG1lc2g=,forceOptOutAad
181731,Y29tLmRhdmlzaW5zdHJ1bWVudHMud2VhdGhlcmxpbms=,forceOptOutAad
181732,Ynkub2xpb24uTW9vbg==,forceOptOutAad
181733,Y29tLm1hbmRldW0uZGVzc2VydDM5,forceOptOutAad
181734,cnUuYXV0b2RvYy5hdXRvZG9jYXBw,forceOptOutAad
181735,Y29tLnByb21vMzYwLnByb21vMzYw,forceOptOutAad
181736,Y29tLm1pY3Jvc29mdC5lbW14LmRldg==,forceOptOutAad
181737,Y29tLnRhcHB0aXR1ZGUuYW1wYXJjYXQ=,forceOptOutAad
181738,Y29tLmNyZWF0aXZlLmludGVybmV0c3BlZWRtZXRlcnJlYWw=,forceOptOutAad
181739,Y29tLmZyZWVtaXVtLmFuZHJvaWQuYXBwcy50cmFja2VyLmFsdGltZXRlcg==,forceOptOutAad
181740,dGVjaC5jaGF0bWluZA==,forceOptOutAad
181741,Y29tLmZvb2JuaXgucHJvLnBkZi5yZWFkZXI=,forceOptOutAad
181742,Y29tLm9yYW5nZS5lc2ltZm9ydHJhdmVsZXJz,forceOptOutAad
181743,Y29tLm5ld3NiYWtpLmJpeGJ5Vm9pY2Vjb21tYW5kcw==,forceOptOutAad
181744,Y29tLmNoYXJtZS5iZWF1dHllZGl0b3IucGhvdG9lZGl0b3I=,forceOptOutAad
181745,ZGUucG5wcS50b2lsZXRsb2NhdG9y,forceOptOutAad
181746,Y29tLmNyZWF0ZWxvZ28ubG9nb21ha2Vy,forceOptOutAad
181747,ZGUucG5wcS5sb3N0cGxhY2Vsb2NhdG9y,forceOptOutAad
181748,Y29tLmFwcC5jcmF6eWZhY3Rvcnk=,forceOptOutAad
181749,Y29tLmFpcnRlbC5tc3VyZWNvdmVyYWdl,forceOptOutAad
181750,dGFjeC5hbmRyb2lk,forceOptOutAad
181751,bmV0LmZpZGFub3YubGFuZHJvaWQ=,forceOptOutAad
181752,dWEubmFwcHMuc2NvcmVrZWVwZXI=,forceOptOutAad
181753,ZGUucG5wcS5mdWVsbG9jYXRvcg==,forceOptOutAad
181754,ZmlzLmVwLnVvYi5jdXN0QXBw,forceOptOutAad
181755,c2UubW9iaWxsLnBhcmtpbmc=,forceOptOutAad
181756,Y29tLnRpc3RvcnkuZXMxMDE1Lmtha2FvLnRoZW1lLmNyb29rZWQud2hpdGU=,forceOptOutAad
181757,Y29tLnZpc21hLnJ1Ynk=,forceOptOutAad
181758,YXUuY29tLmFtcG9sLmZsYWdzaGlw,forceOptOutAad
181759,Y29tLnh5ZHVzLmVtczJydHc=,forceOptOutAad
181760,Y29tLmRkbS5pcHRvb2xz,forceOptOutAad
181761,Y3kuY29tLm5ldGluZm8ubmV0dGVsbGVyLmJvYw==,forceOptOutAad
181762,Y29tLnBvb2xwbGF5ZXJzLnNjb3Jla2VlcGVy,forceOptOutAad
181763,Y29tLnJiYXVjdGlvbi5SaXRjaGllQnJvcw==,forceOptOutAad
181764,Y29tLml0YWxpYW5vLmV4cHJlc3NpdmVuaWdodA==,forceOptOutAad
181765,bWVnYS52cG4uYW5kcm9pZC5hcHA=,forceOptOutAad
181766,Y29tLmdyYW50dXJpc21vLmdjYW1hdG9y,forceOptOutAad
181767,Y29tLnR3b2JlZ3lwdC5hbmRyb2lk,forceOptOutAad
181768,Y29tLmlzYmVsbC5iZW4uc2FmZW5vdGVz,forceOptOutAad
181769,aW8ucGl4ZWxpdC5uYW1lZGF5,forceOptOutAad
181770,Y29tLmluaXRoZWFsdGguZWNp,forceOptOutAad
181771,Y29tLmludGVzaXMuaW50ZXNpc2hvbWU=,forceOptOutAad
181772,Y29tLmNoaXBtb25nYmFuay5tb2JpbGVhcHBwcm9kdWN0aW9u,forceOptOutAad
181773,Y29tLnRlbmdhbGxvbmFwcHMuYXV0b2xvYW4=,forceOptOutAad
181774,Y29tLm9zbG9ub2trZWw=,forceOptOutAad
181775,Zml0YXBwLmZpdHRvZml0,forceOptOutAad
181776,dWEubWFkLmludGVydG9w,forceOptOutAad
181777,Y29tLnBob25lZ2FwLnRhZ2VzYW56ZWlnZXI=,forceOptOutAad
181778,Y29tLmVtb2xlLmJ1bXA=,forceOptOutAad
181779,Y29tLndhdGNoZmFjZXN0dWRpby5tbDJ1MTY3,forceOptOutAad
181780,Y29tLnRoZWNvZmZlZWhvdXNlLmd1ZXN0YXBw,forceOptOutAad
181781,Y29tLndhdGNoZmFjZXN0dWRpby5zZ18xMzk=,forceOptOutAad
181782,c3lzdGVtcy5zaWViZXIuZnNjbG9jaw==,forceOptOutAad
181783,Y29tLmVsZWN0cmljcG9ja2V0LmJvYXR3YXRjaA==,forceOptOutAad
181784,a3IudGltZWh1Yi50aW1laW5vdXQuYW5kcm9pZA==,forceOptOutAad
181785,Y29tLmdyb2NlcmtleS5mcm9udGVuZGFwcC53b29kbWFucw==,forceOptOutAad
181786,Y29tLmJpbGdpbnByby5uZWZlc2dhemV0ZXNp,forceOptOutAad
181787,Y29tLmRhcmtwb255LnR2b25lYXBw,forceOptOutAad
181788,Y29tLmVmbGFzb2Z0LmxhdGVuZ2ZyZWU=,forceOptOutAad
181789,Y29tLndhdGNoZmFjZXN0dWRpby50cmVuZHlkaWdpdGFs,forceOptOutAad
181790,Y29tLm5zdGVudGVycHJpc2VzLnRsdGhlbWUubGNhcnM=,forceOptOutAad
181791,Y29tLmZyZWFrcy5mcmVha3NzdG9yZWFwcA==,forceOptOutAad
181792,Y29tLmFwcC5kaWNvbV92aWV3ZXI=,forceOptOutAad
181793,Y29tLnByb3ZpbnppYWwua29rdXAuYnJpZGdl,forceOptOutAad
181794,Y29tLnByb3llY3RvLmZpdHNp,forceOptOutAad
181795,bWFjYW8udGF4aS5wYXNzYWdlcg==,forceOptOutAad
181796,cHJvbWlsZHRlY2hhbmRyb2lkYXBwcy5la3BlcmVuYWFidQ==,forceOptOutAad
181797,Y29tLmdoaXNsZXIudGNwbHVnaW5zLkZUUA==,forceOptOutAad
181798,Y29tLnRpc3RvcnkuZXMxMDE1Lmtha2FvLnRoZW1lLmNyb29rZWQucGluaw==,forceOptOutAad
181799,Y29tLmJhYnlUcmFuc2xhdG9yLmJhbmtyMHQ=,forceOptOutAad
181800,Y29tLnB4bmV0d29yaw==,forceOptOutAad
181801,Y29tLm9uYmlrZS5zaGFyZQ==,forceOptOutAad
181802,Y29tLmljYWJiaS5hcmd5bGVzYXRlbGxpdGU=,forceOptOutAad
181803,Y29tLmlwdHYuc21hcnRwbGF5ZXIub25saW5ldHY=,forceOptOutAad
181804,d2ljb24uaW5pdGVjaC5jb20ub3Rw,forceOptOutAad
181805,cGFrZXQuemVudHRz,forceOptOutAad
181806,Y29tLnBob3RvZ3JhcGgudml2aWQ=,forceOptOutAad
181807,Y29tLmF6YWQyNDEueDRweHRyYWNraW5n,forceOptOutAad
181808,Y29tLmhlZ29kZXYubXlmaXJzdGFscGhhYmV0Ym9vaw==,forceOptOutAad
181809,dmlyb3NvZnQuY2NjLmh5bW5z,forceOptOutAad
181810,Y29tLnRhcmthcm4uc3B0YWk=,forceOptOutAad
181811,ZGUubWFya3VzZmlzY2guYW5kcm9pZC5waWVsYXVuY2hlcg==,forceOptOutAad
181812,Y29tLmFwcGxhYi5zcG9ydHNmb3JhbGw=,forceOptOutAad
181813,Y29tLnNlbHBheS5hbmRyb2lk,forceOptOutAad
181814,Y29tLmFpc3RhdHMuYWlfc3RhdHM=,forceOptOutAad
181815,Y29tLmZlZWRwcmV2aWV3LmxheW91dC5ncmlkcHJldmlldy5mZWVkLnBsYW5uZXIuaW5wbGFu,forceOptOutAad
181816,bWFnbmlmaWVyLnNvbmt5LmNvLmtyLm1hZ25pZmllcg==,forceOptOutAad
181817,Y29tLm9uaW9uc2VhcmNoZW5naW5lLm9uaW9uc2VhcmNoZW5naW5l,forceOptOutAad
181818,ZGUuZWdvcmU5MTEubGViZW5pc3RtZWhy,forceOptOutAad
181819,Y29tLnRpc3RvcnkuZXMxMDE1Lmtha2FvLnRoZW1lLmNyb29rZWQyLnBhc3RlbHdoaXRl,forceOptOutAad
181820,Y29tLml0YWxpYW5vLnNhcHBoaXJlYmx1ZQ==,forceOptOutAad
181821,Y29tLnZpc21hLmJsdWU=,forceOptOutAad
181822,aW8uY29yZG92YS5taW5oeXVuZGFp,forceOptOutAad
181823,Y29tLnRpdGFuLmh5ZHJh,forceOptOutAad
181824,aW8ucGhvbmVodWIucHJpc29uVmlkZW8=,forceOptOutAad
181825,Y29tLmJhcmlsYWIua2F0YWxrc2tldGNoLmdvb2dsZW1hcmtldA==,forceOptOutAad
181826,Y29tLmhtZy5oc2lz,forceOptOutAad
181827,aHIuaW50aXMud2FsbGV0LmZyYW5jaw==,forceOptOutAad
181828,Y29tLnNyZWVyYWcuZHVv,forceOptOutAad
181829,ZGUucG5wcS5yZXN0YXVyYW50bG9jYXRvcg==,forceOptOutAad
181830,Y29tLmJtd3dhbGxwYXBlcnMuaGQ=,forceOptOutAad
181831,dHIuY29tLmR0ZWtub2xvamkuYmVuaW1hdWRpbQ==,forceOptOutAad
181832,YWwuaW5vdmFjaW9uLmVhc3lwYXk=,forceOptOutAad
181833,bmwudG9waWN1cy5zb210b2RheS5sZWVybGluZw==,forceOptOutAad
181834,Y29tLmN1dGUuYm93LndhbGxwYXBlci5waW5r,forceOptOutAad
181835,b3JnLmxkcy5qdXN0c2VydmU=,forceOptOutAad
181836,Y29tLm1hcmluZXRyYWNrZXIuc2hpcGZpbmRlci5zaGlwdHJhY2tlcg==,forceOptOutAad
181837,Y29tLndhdGNoZmFjZS53ZWFyb3MudGltZWxlc3Npdm9yeWFuYWxvZw==,forceOptOutAad
181838,Y29tLmtyYS5tc2VydmljZXM=,forceOptOutAad
181839,Y29tLm1vemFwcHMuYnV0dG9ubWFzdGVyLmZyZWU=,forceOptOutAad
181840,Y29tLmZ1eW91LnRvb2xzLndhdGVybWFya2Vy,forceOptOutAad
181841,Y29tLmJva3VzLnBsYXk=,forceOptOutAad
181842,Y29tLmxhY2hhaW5lbWV0ZW8ubWFyaW5lLmFuZHJvaWRhcHA=,forceOptOutAad
181843,ZGUuY3Byb3NvZnQubmF2c2hpcA==,forceOptOutAad
181844,Y29tLndhdGNoZmFjZXN0dWRpby5tbDJ1MTY2,forceOptOutAad
181845,dXouYXZvLmFwcA==,forceOptOutAad
181846,Y29tLmRpZ2lpbmZvLnN1cmdlX2NyZWRpdF9jYXJkX2RldGFpbHM=,forceOptOutAad
181847,Y29tLmxpbmdlYS5oYW5keWxleC5sZXhpY29u,forceOptOutAad
181848,Y2FzYW1iaS5vY2NoaW8=,forceOptOutAad
181849,ZGUubmVvbmVsZXBoYW50LnRvcGNoZWYudTcyNg==,forceOptOutAad
181850,b25lNHN0dWRpby5waXhlbHBlcmZlY3QuaWNvbnBhY2suYWxpbmVwdXJwbGU=,forceOptOutAad
181851,Ym9zY2gucGhhcm1hLnNjYW5uZXI=,forceOptOutAad
181852,ZGUucG5wcS5hdHRyYWN0aW9ubG9jYXRvcg==,forceOptOutAad
181853,bWUuZHQyZGV2LnV2Y3ByZXZpZXc=,forceOptOutAad
181854,Y29tLndvcmsuY2FyZGluZm8=,forceOptOutAad
181855,ZnIubGFwb3N0ZS5xdW90eQ==,forceOptOutAad
181856,Y29tLmJyb3duZHJvaWQubWFuZ291aQ==,forceOptOutAad
181857,Y29tLmhlbnJ5Zm9yZC5hbmRyb2lk,forceOptOutAad
181858,Y29tLmlwbHVzb25lLmFwcA==,forceOptOutAad
181859,Y29tLmppZWFwcC5lYnVzdGFpd2Fu,forceOptOutAad
181860,Y29tLndhdGNoZmFjZS53ZWFyb3MuYmlnYW5hbG9nd2F0Y2hmYWNlMg==,forceOptOutAad
181861,Y29tLnN0eWxlc3R1ZGlvLm1laG5kaWRlc2lnbi5iZXN0,forceOptOutAad
181862,Y29tLmxlY29uanVndWV1ci5kcm9pZA==,forceOptOutAad
181863,Y29tLmFycWEucXVpa2FuZHJvaWR4,forceOptOutAad
181864,Y29tLmtvdHNhSEw=,forceOptOutAad
181865,Y29tLmFwcHNsYWIucGhvdG8ud2lkZ2V0c3Bybw==,forceOptOutAad
181866,Y2x1Yi5vbmVwZXJjZW50LmNfY29tcGlsZXI=,forceOptOutAad
181867,dHYucGVyY2VwdGlvbi5jbGllbnRzLm1vYmlsZS5hbmRyb2lk,forceOptOutAad
181868,Y29tLnBoYXJtYXNzaXN0Lmlu,forceOptOutAad
181869,ZGUuZnJhbnpzdy5zYWNoa3VuZGU=,forceOptOutAad
181870,Y29tLndhdGNoZmFjZXN0dWRpby5jZWxlc3Q1NDUx,forceOptOutAad
181871,Y29tLnBhcmFncmFwaGFpLnBhcmFncmFwaGFp,forceOptOutAad
181872,a3IuY28udGhlYmVzdHBheS5tYXJ0cGF5LmFuZHJvaWQ=,forceOptOutAad
181873,b3JnLm9jdS5vY3U=,forceOptOutAad
181874,Y29tLndhdGNoZmFjZXN0dWRpby5tbDJ1MjI3,forceOptOutAad
181875,YWdlbmN5LnNldmVub2ZuaW5lLmhydG1ldGVv,forceOptOutAad
181876,Y29tLndhdGNoZmFjZXN0dWRpby5hd2Z3YXZl,forceOptOutAad
181877,Y29tLnByb21vdG9ucy5mcg==,forceOptOutAad
181878,ZGsuZGlnc3QubWRs,forceOptOutAad
181879,a3IuY28uaWNveHMubW9iaWxlLnNoYXJlYm94cGxheWVy,forceOptOutAad
181880,Y29tLmpyc29mdHdvcngud2lua2VsbWVzc2Vy,forceOptOutAad
181881,Y29tLmNsdWJlbXBsb3llcy5hbmRyb2lk,forceOptOutAad
181882,Y29tLm15Y29tcGFueS5hcHAuc291bGJyb3dzZXI=,forceOptOutAad
181883,Y29tLndhdGNodmVsb2NpdHkuYW5kcm9pZA==,forceOptOutAad
181884,YmUudnJ0LnZydG51,forceOptOutAad
181885,Y29tLmFkZWNjby53b3JrZXI=,forceOptOutAad
181886,Y29tLmFkb3B0ZXVubWVjLmFuZHJvaWRmcg==,forceOptOutAad
181887,aXQuZ3J1cHBvaGVyYS5hcHA=,forceOptOutAad
181888,Y29tLmI5LmFwcA==,forceOptOutAad
181889,ZXUucXVldWV1cC5hbGRpZW5qb3k=,forceOptOutAad
181890,Y29tLmthcHAuaWZvbnQ=,forceOptOutAad
181891,Y29tLmJvb3N0LnJva3UucmVtb3Rl,forceOptOutAad
181892,Y29tLmZ3YzIwMTQudnJ0LmFuZA==,forceOptOutAad
181893,Y29tLmJucHAuZWFzeWJhbmtpbmcuZmludHJv,forceOptOutAad
181894,Y29tLmV1bS5jaGFlZGxl,forceOptOutAad
181895,Y29tLmdhbW1hLnNjYW4=,forceOptOutAad
181896,cGwucHp1Lm1vamU=,forceOptOutAad
181897,cm8uY25haXIuZVRhcmlmZQ==,forceOptOutAad
181898,Y29tLmdvb2dsZS5hbmRyb2lkLndlYnZpZXcuZGV2,forceOptOutAad
181899,Y29tLndhdGNoZmFjZXN0dWRpby5jaHJvbm9tYXJrbHB2Nw==,forceOptOutAad
181900,Y29tLm1lc3NlZXNhbmcua2NvdXBldA==,forceOptOutAad
181901,cGFrZXQuYm9sdW0y,forceOptOutAad
181902,a3IuYmFja3BhYy5pZHVzLmFydGlzdA==,forceOptOutAad
181903,Y29tLmhvbGxhci5hbmRyb2lk,forceOptOutAad
181904,dGltZS5mbGllcy5uZWJ1bGE=,forceOptOutAad
181905,anAuc25vd2xpZmUwMS5hbmRyb2lkLmFkX2Jsb2NrZXI=,forceOptOutAad
181906,Y29tLnN5bnByZXouZm0=,forceOptOutAad
181907,Y29tLmluc3RhcHJvLmhvbWVvd25lcmFwcC5mcmFuY2U=,forceOptOutAad
181908,Y29tLndpZGV4LmdvYWxrb2xpaw==,forceOptOutAad
181909,Y29tLmJvbGxkb3JmLnRvZWxlYmVuc3JldHRlci5hcHA=,forceOptOutAad
181910,Y29tLmhvdzJtYXJyeS53ZWRkaW5nYmVsbA==,forceOptOutAad
181911,Y29tLnNhYWxkaWdpdGFsLmRlc2lnbmVyYXBwLmRl,forceOptOutAad
181912,YWRhbS5leGVyY2lzZWRpY3Rpb25hcnk=,forceOptOutAad
181913,Y29tLnByb3llY3RvLnNwb3J0Y2l0eWNsdWI=,forceOptOutAad
181914,a3IuY28uZXphci5hcHA=,forceOptOutAad
181915,YXQuZ3YuYm1laWE=,forceOptOutAad
181916,Y29tLmF4ZXMuYXhlc3RyYWNr,forceOptOutAad
181917,Y29tLmxlZS5tZW1iZXJzaGlw,forceOptOutAad
181918,Y29tLmtiZi5jdWVzY28=,forceOptOutAad
181919,Y29tLndhdGNoZmFjZXN0dWRpby5jZWxlc3RfYWQxNzcx,forceOptOutAad
181920,Y29tLmVpZ2wubXlpdGFncw==,forceOptOutAad
181921,Y29tLmdwc2RvZ3MubWFpbmFwcHM=,forceOptOutAad
181922,aW8ubGVhZ3Vlb2Z0cmFkZXJzLmxvdA==,forceOptOutAad
181923,c2kudGVsZWtvbS52YWx1,forceOptOutAad
181924,Y29tLnlkemxhYnMuY2hhdHRyYW5zbGF0b3I=,forceOptOutAad
181925,Y29tLndhdGNoZmFjZXN0dWRpby5jZWxlc3Q1NTgx,forceOptOutAad
181926,Y29tLmthbm9weQ==,forceOptOutAad
181927,ZGUucG5wcS5wYXJraW5nbG9jYXRvcg==,forceOptOutAad
181928,Y29tLmZyZWVhZ2VudC5tb2JpbGU=,forceOptOutAad
181929,ZXMuZWxkaWFyaW8uYXBw,forceOptOutAad
181930,a3IuY28uY25raG9sZGluZ3MubXVsdGlvbl9tdWx0aXBhc3M=,forceOptOutAad
181931,Y29tLnBvc2tvNzc3LlFSQ29kZVJlYWRlci5hbmRyb2lk,forceOptOutAad
181932,c2UubWVjZW5hdC5hcHA=,forceOptOutAad
181933,Y29tLm9yYW5nZS5jbG91ZC5hbmRyb2lk,forceOptOutAad
181934,Y29tLnJpZmxleG8udHJhZGVpbnRlcmNlcHRvcm1vYmlsZQ==,forceOptOutAad
181935,ZGUubnVsbGdyYWQuZ2xpbXBzZQ==,forceOptOutAad
181936,c2UuZmx5Z2J1c3Nhcm5hLmJsdWU=,forceOptOutAad
181937,b25lNHN0dWRpby5waXhlbHBlcmZlY3QuaWNvbnBhY2suYWxpbmV0,forceOptOutAad
181938,Y29tLmxlZS5teWFjY291bnQ=,forceOptOutAad
181939,aXQuZmFjaWxlLmFuZHJvaWQ=,forceOptOutAad
181940,ZGUucG5wcS5hdG1sb2NhdG9y,forceOptOutAad
181941,Y29tLmJhYi5yZXRhaWxVQVQ=,forceOptOutAad
181942,Y29tLnVuZGVyMjV1bml2ZXJzZS51bmRlcjI1YXBw,forceOptOutAad
181943,Y29tLmFwcHRhc3RpYy5wYXJpc21ldHJvbWFw,forceOptOutAad
181944,Y29tLmtsYXd0b24uc2ltcGxlY2FsZW5kYXI=,forceOptOutAad
181945,Y29tLnBpenphaHV0Lmt1d2FpdA==,forceOptOutAad
181946,Y29tLndhdGNoZmFjZXN0dWRpby5iYWxsb3ppLnN1cHJvLndhdGNoZmFjZQ==,forceOptOutAad
181947,Y29tLndhdGNoZmFjZXN0dWRpby5saXF1aWRfZ2xhc3M=,forceOptOutAad
181948,eHl6Lm1lY2hlbmJpZXIucmFpbmRhcg==,forceOptOutAad
181949,YXQuZmx1Z2JsYXR0YW5nZWJvdGUuYXBw,forceOptOutAad
181950,b25lNHN0dWRpby5waXhlbHBlcmZlY3QuaWNvbnBhY2suYWxpbmV3aGl0ZQ==,forceOptOutAad
181951,bm8uZG4uZG4yMDIw,forceOptOutAad
181952,Y29tLm1haGVyNHdlYi5xdXJhbg==,forceOptOutAad
181953,YXBwLmdyb3VwY2FsLnd3dw==,forceOptOutAad
181954,Y29tLmJucHAuaGVsbG9iYW5r,forceOptOutAad
181955,Y29tLmhlYWx0aGZpdG5lc3Nub3JkaWMuZ3hib29raW5n,forceOptOutAad
181956,Y29tLm5ld3NpbmxldmVscw==,forceOptOutAad
181957,bWVub2RhZy5hcmFiZGV2cy5hbmRyb2lkLmFwcA==,forceOptOutAad
181958,bGFvbGEucmVkYnVsbA==,forceOptOutAad
181959,bGFjbGF2ZWdhbmFkb3JhLnRyYW5zbGF0b3I=,forceOptOutAad
181960,c3ByaXQucHJlaXM=,forceOptOutAad
181961,ZGUuYWRhYy5laGVhbHRo,forceOptOutAad
181962,Y29tLmR1aG5uYWUubWFydGlhbGFydHNjb21iYXQ=,forceOptOutAad
181963,Y29tLmNvbG9yb2ZiZXN0Lmp1c3RldW5jYWxlbmRyaWVyLnBybw==,forceOptOutAad
181964,Y29tLnZpZXRsb3R0Lm1vYmlsZS5hbmRyb2lk,forceOptOutAad
181965,Y29tLmlib3g=,forceOptOutAad
181966,b25lNHN0dWRpby5waXhlbHBlcmZlY3QuaWNvbnBhY2suYWxpbmV5ZWxsb3c=,forceOptOutAad
181967,aW1hZ2Vkb3dubG9hZGVyLmltYWdlLnBob3RvLmRvd25sb2Fk,forceOptOutAad
181968,Y29tLnJ0cDJwLmp4bGNhbQ==,forceOptOutAad
181969,ZGUucG5wcS5ob3RzcG90bG9jYXRvcg==,forceOptOutAad
181970,Y29tLmlsbHVzaW9uLmFydGlucGFyYWRpc2U=,forceOptOutAad
181971,Y29tLndhdGNoZmFjZXN0dWRpby5jZWxlc3RfYWQxNzYw,forceOptOutAad
181972,Y29tLndhdGNoZmFjZXN0dWRpby5taW5pbWFsaXN0XzAy,forceOptOutAad
181973,Y29tLnN0YXIuYWZnaA==,forceOptOutAad
181974,a3IuY28ueWlkby5zYWZlRA==,forceOptOutAad
181975,YnkudW5pcS5ub3Z5al96YXZldF9uYV9ydXNza29tX3Npbm9pZGFsbnlqX3BlcmV2b2Q=,forceOptOutAad
181976,Y29tLm1hcmNzb2Z0d2FyZS5zcGVsbGluZw==,forceOptOutAad
181977,Y29tLnVtaW5hdGUuYmVhdG1hY2hpbmU=,forceOptOutAad
181978,Y29tLmFxdWFyaXVtM0QuZmlzaHRhbmthbmltYXRlZC5maXNoLmxpdmV3YWxscGFwZXI=,forceOptOutAad
181979,Y29tLnFyY29kZXJlYWRlcmFwcA==,forceOptOutAad
181980,Y29tLm5vdGhpbmcuZ2x5cGguY29tcG9zZXI=,forceOptOutAad
181981,dGMud28ubWJzZW8ubWluZWNyYWZ0c2tpbg==,forceOptOutAad
181982,Y29tLndhdGNoZmFjZXN0dWRpby5zYW13YXRjaF9hZF94dmlp,forceOptOutAad
181983,ZGFkZHlzYXBwcy5uZWtvcGxheS5uZWtvcGxheQ==,forceOptOutAad
181984,Y29tLnZpZXRsb2cuYXBwcw==,forceOptOutAad
181985,Y29tLnBpZWxlY3Ryb25pcXVlLmNvbXB0b2lyZHVtYWx0,forceOptOutAad
181986,Y29tLmZhbnpldGVjaC5xdXJhbg==,forceOptOutAad
181987,Y29tLnNtZi5zZWVjaGFydC5zb2Nkb2MuZmx1dHRlci5zZWVfZG9jX2ZsdXR0ZXJfYXBw,forceOptOutAad
181988,cGF2bG92LnN2eWF0b3NsYXYubW9udGVjYXJsbw==,forceOptOutAad
181989,ZGUuYW5hbHl0aWNvbS5jb21ldGxpdmUuY2Zh,forceOptOutAad
181990,Y29tLmVkZXN0aW5vcw==,forceOptOutAad
181991,Y29tLmdydXBvcHJlY2Vkby50YXJvdA==,forceOptOutAad
181992,Y3MxNC5waXhlbHBlcmZlY3QuaWNvbnBhY2sudmVyYW91dGxpbmU=,forceOptOutAad
181993,YmcubWpzLm5sYWIuYW5kcm9pZA==,forceOptOutAad
181994,Y29tLmZpcnN0ZGF0ZWNoYXQuYXBw,forceOptOutAad
181995,eC5vcmcuc2VydmVy,forceOptOutAad
181996,Y29tLmhjbWZhY3RvcnkuYW5kcm9pZC5zdWJzY3JpcHRpb24=,forceOptOutAad
181997,Y29tLm9iZG8uY2l0eWtvbWk=,forceOptOutAad
181998,anAuY28ucmFrdXRlbi50cmF2ZWwuYW5kcm8=,forceOptOutAad
181999,YXBwLmhpZGVteWlwLmFuZHJvaWQ=,forceOptOutAad
182000,cnUudHh0bWUubTI0cnU=,forceOptOutAad
182001,ZGUucG5wcS5wbGF5Z3JvdW5kbG9jYXRvcg==,forceOptOutAad
182002,d29yZHN3YWcuc3R5bGlzaGZyZWUuZ3d5bg==,forceOptOutAad
182003,Y29tLmppZWFwcC50YW95dWFubWV0cm8=,forceOptOutAad
182004,Y29tLnNreW1heC53YXRjaGZhY2UuZXZv,forceOptOutAad
182005,bGVlLmh5dW4uc3RvY2s=,forceOptOutAad
182006,Y29tLnNlcnd5bG8uYmFieWRvdHM=,forceOptOutAad
182007,b3JnLmxpdGV3aGl0ZS5jYWxsYmxvY2tlcg==,forceOptOutAad
182008,Y29tLmNyaXNweS5jb25lcw==,forceOptOutAad
182009,ZGUucG5wcS5jaHVyY2hsb2NhdG9y,forceOptOutAad
182010,Y29tLmJsdWVvd2wuYW5kcm9pZC55b2JsbA==,forceOptOutAad
182011,Y29tLmNyZXplbnQuaGFkaXRoWW9ydWJh,forceOptOutAad
182012,aXQuY3Jvc3NiYW5kLnBlZG9tZXRlcg==,forceOptOutAad
182013,Y29tLmx1eHhlbC5mMV9sZWFndWU=,forceOptOutAad
182014,ZGUucG5wcS5mZmxvY2F0b3I=,forceOptOutAad
182015,Y29tLmRsYWIubmFtd29uX21hcC5uYW13b25fbWFw,forceOptOutAad
182016,Y29tLm1lZGxhbmcubWVkaWNhbGVuZ2xpc2g=,forceOptOutAad
182017,Y29tLnNraW5zZ3Vucy5tb2Q=,forceOptOutAad
182018,Y29tLnNlYm9tLmFnZWNhbGM=,forceOptOutAad
182019,Y29tLnRpZmZpbnRvbQ==,forceOptOutAad
182020,Y29tLnNreW1heC53YXRjaGZhY2Uub25l,forceOptOutAad
182021,Y29tLm9ya2EucHJvZA==,forceOptOutAad
182022,a3IuY28ua3lvd29uLmhvc2lrb3JlYW5hci5wbGF5,forceOptOutAad
182023,Y29tLnJlYWxtYXguY2FsYw==,forceOptOutAad
182024,Y29tLndhdGNoZmFjZXN0dWRpby5mc3cyNzA=,forceOptOutAad
182025,Y29tLnRoZWZyZXNobWFya2V0LmFwcC5hbmRyb2lk,forceOptOutAad
182026,c2UudHlkYWwuYXBwMTQwOQ==,forceOptOutAad
182027,c3R1ZGlvMTQuYXBwbGljYXRpb24uY2FlbHVzd2hpdGU=,forceOptOutAad
182028,c2l0ZS5hcGVvcGxlLmFwZW9wbGV0ZWFt,forceOptOutAad
182029,Y29tLmtiZmRpdmlzaW9uLmN1ZXNjbw==,forceOptOutAad
182030,bmwuRFRULk9TUg==,forceOptOutAad
182031,Y29tLmttY2x1Yi5rb29rbWluY2x1Yg==,forceOptOutAad
182032,ZGV2LnJva2l0c2tpeS5jaGVldGFo,forceOptOutAad
182033,Y29tLndhdGNoZmFjZXN0dWRpby5zZ185OQ==,forceOptOutAad
182034,anAuc25vd2xpZmUwMS5hbmRyb2lkLnRyaWFsMl9hZF9ibG9ja2Vy,forceOptOutAad
182035,Y29tLnNub3dkcm9wc29mdC5jYWxjdmF0,forceOptOutAad
182036,Y29tLnRvcHNtYXJrZXRzLmFwcC5hbmRyb2lk,forceOptOutAad
182037,ZGUucG5wcS5kb2dwYXJrbG9jYXRvcg==,forceOptOutAad
182038,Y29tLnRtb2JpbGUudHVlc2RheXM=,forceOptOutAad
182039,Y29tLnR1Y2kuY2liaWxpbmRpYQ==,forceOptOutAad
182040,Y29tLm1haGluZHJhLmluZ2xv,forceOptOutAad
182041,Y29tLm1pbGtwYXJ0bmVycy5taWxr,forceOptOutAad
182042,Y29tLnVhdmZvcmVjYXN0,forceOptOutAad
182043,Y29tLm1hY3JvcGluY2guc3dhbg==,forceOptOutAad
182044,aW8uZXl2YQ==,forceOptOutAad
182045,a3IuY28ud2hpdGVjdWJlLmNobG5nZXJz,forceOptOutAad
182046,Y29tLm9rZG1lLm1lbm9tYTNheQ==,forceOptOutAad
182047,Y29tLnRoZWJlc3RwYXkuZ29l,forceOptOutAad
182048,Y29tLnVwc2lkZS5jb25zdW1lci5hbmRyb2lk,forceOptOutAad
182049,Y29tLmhpc24uYWxtdXNsaW0=,forceOptOutAad
182050,Y29tLmV2ZXJ5ZGF5Y2FsY3VsYXRpb24uY2l0aXplbmNhbGN1bGF0b3I=,forceOptOutAad
182051,c21hcnQubmV3cy53b3JsZA==,forceOptOutAad
182052,Y29tLmZvb2JuaXgucGRmLnJlYWRlcg==,forceOptOutAad
182053,Y29tLmpveXNvZnQua29yZWFuZGljdGlvbmFyeQ==,forceOptOutAad
182054,ZGUud2VzdHdpbmcuYW5kcm9pZA==,forceOptOutAad
182055,Y29tLm1lZGljaW5lcmVtaW5kZXIuYmxvb2RzdWdhci5ibG9vZHByZXNzdXJlLmhlYXJ0,forceOptOutAad
182056,Y29tLmludHVpdGl2ZXNvZnR3YXJlcy5sYW5kYXJlYWNhbGN1bGF0b3I=,forceOptOutAad
182057,Y29tLmNvdC5hcHA=,forceOptOutAad
182058,Y29tLm15Znhib29rLmZvcmV4,forceOptOutAad
182059,YXouZ292Lm15,forceOptOutAad
182060,Y29tLnV0cmFuc2Zlci5rci5hcHA=,forceOptOutAad
182061,Y29tLmxlZS5teWNhcjE=,forceOptOutAad
182062,a3IuY28uaG9tZWNhc2g=,forceOptOutAad
182063,bmV0LmFsa2Fzcy5zaG9vZg==,forceOptOutAad
182064,Y29tLm95ZWhveWUuYW5kcm9pZA==,forceOptOutAad
182065,Y29tLnNob3V0ZXIuZWFzeXZvY2E=,forceOptOutAad
182066,Y29tLnBkZnJlYWRlci5kb2N1bWVudHZpZXdlcg==,forceOptOutAad
182067,Y29tLndhdGNoZmFjZXN0dWRpby5jZWxlc3Q1NTcx,forceOptOutAad
182068,Y29tLnlvdXFpbi5kdnJwdi5kdnI1NjBi,forceOptOutAad
182069,Y29tLnZpc2h0ZWtzdHVkaW9zLmRldmljZWluZm8=,forceOptOutAad
182070,Y29tLm51dHJpdGlvbi50ZWNobm9sb2dpZXMuRml0aWE=,forceOptOutAad
182071,Y29tLm1uYXNhdGkuaGFwcHliYXNrZXRncm9jZXJ5,forceOptOutAad
182072,Y29tLkFESkQ=,forceOptOutAad
182073,Y29tLnVyYmFucGlwZXIubWVhdGlnbw==,forceOptOutAad
182074,ZG9taW5vcy5iZw==,forceOptOutAad
182075,YWUuYWRyZXMuZGFyaQ==,forceOptOutAad
182076,Y29tLnNvZnR3YXJlc2NoaWVrLnVsdHJhcGFzcw==,forceOptOutAad
182077,Y29tLndhdGNoZmFjZXN0dWRpby5jaGVzdGVyZmxvd2VydGltZQ==,forceOptOutAad
182078,Y29tLmFsa2Fzcy5zcG9ydHM=,forceOptOutAad
182079,Zm9yY2Vwb3dlci5hcHBzLlJDR0M=,forceOptOutAad
182080,Y29tLmRyZWFtd29ya2VyLnRvb2xzLm1lbW9jYWxlbmRhcg==,forceOptOutAad
182081,Y3oubWFmcmEuaWRuZXM=,forceOptOutAad
182082,ZGlhbW9uZC5leGNoYW5nZS5jbGw=,forceOptOutAad
182083,Y29tLmdwc21hcGNhbWVyYS5waG90b3RpbWVzdGFtcC5kYXRlc3RhbXBlci5ncHNjYW1lcmEucGhvdG9kYXRlc3RhbXAuZ2VvdGFnYXBw,forceOptOutAad
182084,d29ya2VyLmFwcA==,forceOptOutAad
182085,Y29tLmJyYy5rZXlsaW5l,forceOptOutAad
182086,Y29tLmNkYWMubWNvbnN1bHRhbmN5cmFpbHdheWhtaXM=,forceOptOutAad
182087,Y29tLndhdGNoZmFjZXN0dWRpby5jaGVzdGVybW9kZXJu,forceOptOutAad
182088,YmUucGFydGVuYXByb2Zlc3Npb25hbC5lc3M=,forceOptOutAad
182089,Y29tLmNhdGZlc3RhLmdkcHBjYXQ=,forceOptOutAad
182090,d2VhdGhlci5mb3JlY2FzdC5saXZl,forceOptOutAad
182091,Y29tLnJvdGFnZWVrLmFwcA==,forceOptOutAad
182092,Y29tLnllczI0LnNhcmFr,forceOptOutAad
182093,Y29tLm1pcmFlLnZpZGVvZWRpdG9yLnZpZGVvbWFrZXI=,forceOptOutAad
182094,Y29tLmF3c21hcHMuY2FyZHNtYWtlcg==,forceOptOutAad
182095,Y29tLmR2ZGZ1LmtleWxpbWJh,forceOptOutAad
182096,Y29tLmFyZ29ucmVtb3RlLnJhbmRvbXRlYW1nZW5lcmF0b3I=,forceOptOutAad
182097,Y29tLmtpdGthdHMucXJzY2FubmVybGl0ZQ==,forceOptOutAad
182098,Y29tLndhdGNoZmFjZXN0dWRpby5jZWxlc3Q1NTcw,forceOptOutAad
182099,YXBwdnBuLnZwbg==,forceOptOutAad
182100,Ymcuem5lc3Rvcm92LnNvZmJ1czI0Lm1haW4=,forceOptOutAad
182101,Y29tLnRpc3RvcnkuZXMxMDE1Lmtha2FvLnRoZW1lLmNyb29rZWQuYmxhY2s=,forceOptOutAad
182102,Y29tLmJhcmFjb2RhbWVkaWEuYW5kcm9pZC5ydGw=,forceOptOutAad
182103,Y29tLm1lc3NlLmdvY2Fm,forceOptOutAad
182104,Y29tLmRvbmdoYWVuZy55dWtnaXRvbmc=,forceOptOutAad
182105,Y29tLnRpc3RvcnkuZXMxMDE1Lmtha2FvLnRoZW1lLnllbGxvdw==,forceOptOutAad
182106,Y29tLndhdGNoZmFjZXN0dWRpby5jZWxlc3Q1NTcy,forceOptOutAad
182107,Y29tLnNvbGlkLmJhY2tncm91bmQuY29sb3Iud2FsbHBhcGVyLmhkLnNvbGlkd2FsbHBhcGVy,forceOptOutAad
182108,Y29tLmJhYnlzaXR0b3I=,forceOptOutAad
182109,Y29tLndhdGNoZmFjZXN0dWRpby5jZWxlc3Q1NTc3,forceOptOutAad
182110,dGsucmFjZXR2LmxpdmU=,forceOptOutAad
182111,Y29tLmRpcGwuZmluY29ycG9ubGluZS5hcHA=,forceOptOutAad
182112,Y29tLnRydWVsYXVuY2hlci5pb3NsYXVuY2hlcg==,forceOptOutAad
182113,Y29tLmJkcm0uc3VwZXJyZWJvb3Q=,forceOptOutAad
182114,Y29tLnNub3dkcm9wc29mdC5hdmVyYWdl,forceOptOutAad
182115,b25lNHN0dWRpby5waXhlbHBlcmZlY3QuaWNvbnBhY2suYWxpbmVibHVl,forceOptOutAad
182116,Y29tLmJvb3N0dmlzaW9uLnBsYXllci5pcHR2,forceOptOutAad
182117,Y29tLnBsaXR0by5hdXRvc2Nyb2xsLmF1dG9jbGlja2Vy,forceOptOutAad
182118,aW5mby5nb29kbGluZS5idHY=,forceOptOutAad
182119,Y28udWsubXljYXNocGx1cy5tYWFwcA==,forceOptOutAad
182120,Y29tLmNoaW5lc2V0djIwMjMuaHl5czcxOA==,forceOptOutAad
182121,bmV0d29ybGQucHJpY2UuYXBw,forceOptOutAad
182122,Y29tLmxhamV1bmVhbmRhc3NvY2lhdGVzbGxjLmJhcmJlcmNob3BkZXY=,forceOptOutAad
182123,Y29tLmlzbGFtaWNhcHAuY2FsYW5kYXIuaGlqcmk=,forceOptOutAad
182124,Y29tLnVub2NvaW4udW5vY29pbndhbGxldA==,forceOptOutAad
182125,Y29tLnByaW1lLmdvZ28=,forceOptOutAad
182126,cGgub25saW5lam9icy5PbmxpbmVKb2Jz,forceOptOutAad
182127,Y29tLnRyZW5pdGFsaWEucG9ydGFsZWZyZWNjZQ==,forceOptOutAad
182128,Y29tLm5hdHVyZWxhbmQuYW5kcm9pZA==,forceOptOutAad
182129,Y29udmVyc29yLmNvbnZlcnNhb3RheGFzYmFzaWNvLmtyd3ZuZA==,forceOptOutAad
182130,Y29tLm9uZWNhbGwubW9iaWxlLm9uZWNhbGxub3Rl,forceOptOutAad
182131,aW0uZmR4LmxlZA==,forceOptOutAad
182132,Y29tLnBvc2tvNzc3LmVudC5tYWdpY2NvbmNoc2hlbGw=,forceOptOutAad
182133,Y29tLndhdGNoZmFjZXN0dWRpby5hd2Ztbm1sdGhpbg==,forceOptOutAad
182134,bnouY28uY291bnRkb3duLmFuZHJvaWQucGlja3Vw,forceOptOutAad
182135,Y29tLmhhYml0cnBnLmFuZHJvaWQuaGFiaXRpY2E=,forceOptOutAad
182136,YXUuY29tLndlYXRoZXJ6b25lLmFuZHJvaWQud2VhdGhlcnpvbmVmcmVlYXBw,forceOptOutAad
182137,Y29tLmtyLmJ1eWVv,forceOptOutAad
182138,Y29tLmZyZWVtaXVtLmFuZHJvaWQuYmFyb21ldGVyLmFsdGltZXRlcg==,forceOptOutAad
182139,Y29tLmppZWNvZGUuZnJlZXdheXRyYWZmaWM=,forceOptOutAad
182140,Y29tLmxvdHRlbWFydC5ib3R0bGVidW5rZXI=,forceOptOutAad
182141,aW8uaG9tZWFzc2lzdGFudC5jb21wYW5pb24uYW5kcm9pZA==,forceOptOutAad
182142,a3IuY28ubW9iaXMucmVjcmVhdGlvbg==,forceOptOutAad
182143,Y28uZmljdGlvbmxvZy5maWN0aW9ubG9n,forceOptOutAad
182144,dHcuY29tLmJpY29tLlZHSFRQRQ==,forceOptOutAad
182145,Y29tLmJ0Y21hcmtldC5idGNt,forceOptOutAad
182146,Y29tLmFwbGljYXRpdm9zbGVnYWlzLnRvcHN0aWNrZXJz,forceOptOutAad
182147,Y29tLmhhZWdydW0uaGFlZ3J1bQ==,forceOptOutAad
182148,Y29tLmJjZWwuYmNlbG9uZQ==,forceOptOutAad
182149,Y29tLnphZ2xhYi5kYXJ0c21pbmQ=,forceOptOutAad
182150,Y29tLmNhcnBhcmsudWk=,forceOptOutAad
182151,Y29tLmNyaWNsaW5lZ3VydS5jcmljbGluZWd1cnVwcm8=,forceOptOutAad
182152,Y29tLmFwcGxlcGllNC5teWxpdHRsZXBldA==,forceOptOutAad
182153,Y29tLmFwcC5PbkZvcm0=,forceOptOutAad
182154,Y29tLmx1bmEuYWxsZG9jdW1lbnQub2ZmaWNlcmVhZGVyLm9mZmljZWVkaXRvci5wZGYud29yZC5lZGl0b3I=,forceOptOutAad
182155,ZXMuZGlnaW1vYmlsLm1pY3VlbnRh,forceOptOutAad
182156,Y29tLmppZWNvZGUudGFpd2FuaGlnaHNwZWVkcmFpbA==,forceOptOutAad
182157,Y29tLmx1emFwcGxpY2F0aW9ucy5hbGVzc2lvLnRvcHdhbGxwYXBlcnM=,forceOptOutAad
182158,Y29tLm5hdGl2ZW1l,forceOptOutAad
182159,bmwuZGViaWplbmtvcmY=,forceOptOutAad
182160,a3IuY28udGhlYm9ybi5vbXMudjE=,forceOptOutAad
182161,Y29tLm9rMTE0MTE0Lm0=,forceOptOutAad
182162,Y29tLnF1ZWNob2lzaXIucXVlbHByb2R1aXQ=,forceOptOutAad
182163,Y29tLnNldC5uZXdzYXBw,forceOptOutAad
182164,Y29tLmFsd2F5c3ZvbHVtZWJ1dHRvbg==,forceOptOutAad
182165,Y29tLnNob3V0ZXIud2lkZWxhdW5jaGVy,forceOptOutAad
182166,a3IuY28uc2FmZXRi,forceOptOutAad
182167,a3luZ3V5ZW4uYXBwLm1pcnJvcg==,forceOptOutAad
182168,cWEuZ292LkJhbGFkaXlh,forceOptOutAad
182169,Y29tLmlsbHVzaW9uLmNoZWNrZmlybQ==,forceOptOutAad
182170,aW8uaW52aWRlby5haQ==,forceOptOutAad
182171,Y29tLnBldHJvY2FuYWRhLm15X3BldHJvX2NhbmFkYQ==,forceOptOutAad
182172,Y29tLmdscy5nbHNhcHBkZS5jb25zdW1lcg==,forceOptOutAad
182173,Y29tLmVta2FuYXBw,forceOptOutAad
182174,Y29tLm1jYi5teWNsYXNzYm9hcmQuYWN0aXZpdHk=,forceOptOutAad
182175,Y29tLmRzZmgueWFyaGVhbHRoY2FyZWFwcA==,forceOptOutAad
182176,Y29tLmFtb2xlZHdhdGNoZmFjZXMuZGlnaXRhbGluZm9ybWVy,forceOptOutAad
182177,Y29tLm1hY3JvcGluY2gucGVhcmw=,forceOptOutAad
182178,Y2guaGVsc2FuYS5teUhlbHNhbmE=,forceOptOutAad
182179,Y29tLnphcHRlYy56YXBhcHA=,forceOptOutAad
182180,Y29tLnZldGFpLmpvaWk=,forceOptOutAad
182181,d2l0LmVkcC5lZHBtb2JpbGU=,forceOptOutAad
182182,Y28uc3Rvcnlsb2cucGludG8=,forceOptOutAad
182183,Y29tLmthcGl2YS5hcHA=,forceOptOutAad
182184,dHcuY29tLnBhcnQ1MTg=,forceOptOutAad
182185,Y29tLmdzLmNvbXBsaWNhdGlvbnMuc3VpdGU=,forceOptOutAad
182186,Y29tLmZsaWdodC5tYW5hZ2VyLnNjYW5uZXI=,forceOptOutAad
182187,Y29tLnBob25ncGhhbi5taXJhY2FzdA==,forceOptOutAad
182188,Y29tLmZpbGVyZWFkZXIuYWxsLmRvY3VtZW50cmVhZGVyLmRvY3VtZW50YXBw,forceOptOutAad
182189,Y29tLk0yTS5Nb25leTJNYW5hZ21lbnQ=,forceOptOutAad
182190,Y3ouaG9tZWNyZWRpdC5oY2N6,forceOptOutAad
182191,Y29tLmlubm92aXRpY3MuYXBwLnNoaWZ0,forceOptOutAad
182192,c2FudGkud29kYnVzdGVy,forceOptOutAad
182193,bmZvcnphLmdyYW5kcHJpeHJhZGlv,forceOptOutAad
182194,Y29tLnllZXNlb25nLmNsaXBib2FyZG5vdGVib29r,forceOptOutAad
182195,a3IuY28udHRpbmZvLmcybW9iaWxlYXBw,forceOptOutAad
182196,Y29tLmFqZWVyLnByb2R1Y3Rpb24=,forceOptOutAad
182197,bmV0LnJhZGlvZXhwZXJ0LnJhZGlvLmJ1bGdhcmlh,forceOptOutAad
182198,Y29tLmV1cC5hcHAuZ3Vw,forceOptOutAad
182199,Y2EubGFwcmVzc2UuYW5kcm9pZC5sYXByZXNzZW1vYmlsZQ==,forceOptOutAad
182200,YXUuY29tLm96Zm9yZXg=,forceOptOutAad
182201,cGwuZnVyZ29uZXRrYS5mdXJnb25hcHA=,forceOptOutAad
182202,Y29tLmppZWNvZGUuZWJ1c3RhaXBlaQ==,forceOptOutAad
182203,Y29tLnN1aGFpbC5icm9rZXI=,forceOptOutAad
182204,Y29tLmxhbmdoYW1wbGFjZS5hcHA=,forceOptOutAad
182205,Y29tLnNsYWJzLnNtYXJ0aG9tZS5oZWF0ZXIuYWN0aXZpdHk=,forceOptOutAad
182206,cnUueXZz,forceOptOutAad
182207,Y29tLm1pa3JvdGlrLmFuZHJvaWQudGlrYXBw,forceOptOutAad
182208,Y29tLnNvbGlkaWN0LmViZWJlaw==,forceOptOutAad
182209,Y3ouaG9tZWNyZWRpdC5oY3Nr,forceOptOutAad
182210,bW90b3J5LmNvbS5tb3Rvcnk=,forceOptOutAad
182211,Y29tLmhsYS5hcHAuaGxhMzYw,forceOptOutAad
182212,Y29tLmRzdy5hbmRyb2lk,forceOptOutAad
182213,Y29tLndvcmxkcmVtaXQuYW5kcm9pZA==,forceOptOutAad
182214,Y2Rpc2NvdW50Lm1vYmlsZQ==,forceOptOutAad
182215,dHYucmVtb3RlLmNvbnRyb2wuZmlyZXR2,forceOptOutAad
182216,Y29tLnRpYmV0LmduZXQ=,forceOptOutAad
182217,Y29tLndob3Aud2hvcGFwcA==,forceOptOutAad
182218,Y29tLkN1c3RvbWVyQXBw,forceOptOutAad
182219,Y29tLnRpcHBpbmdjYW5vZS5odWtk,forceOptOutAad
182220,Y29tLmRlYWxhYnMuYXBwcy5hbmRyb2lk,forceOptOutAad
182221,aWQuZ28uYnBuLnNlbnR1aA==,forceOptOutAad
182222,Y29tLnF1aWNrcGxheS5hbmRyb2lkLmJlbGxtZWRpYXBsYXllcg==,forceOptOutAad
182223,bS5mb3JtdWxlci5tb2wucGx1cw==,forceOptOutAad
182224,Y29tLnNhZmVsaXZlYWxlcnQuZWFydGhxdWFrZQ==,forceOptOutAad
182225,Y29tLkdELk1pbmltYWw=,forceOptOutAad
182226,b3JnLm1vemlsbGEuZmlyZWZveF9iZXRh,forceOptOutAad
182227,Y29tLnNhbmppYW5nLnZhbnRydWU=,forceOptOutAad
182228,Y29tLnZ2c2UubHVuYXNvbGNhbA==,forceOptOutAad
182229,Y29tLnRvbW9yby5pbmRvbmVzaWEuYW5kcm9pZA==,forceOptOutAad
182230,Y29tLnJvYm9raWxsZXIuYXBw,forceOptOutAad
182231,Y29tLnNlbnNpYm8uYXBw,forceOptOutAad
182232,YWkucG9seWNhbQ==,forceOptOutAad
182233,ZXUuZXBpY29tcGFueS53ZXJvLndhbGxldA==,forceOptOutAad
182234,Y29tLndoaXJscG9vbC5hbmRyb2lkLndwYXBw,forceOptOutAad
182235,Y29tLmJlYXR0aGVxLmFuZHJvaWQ=,forceOptOutAad
182236,Y29tLnBlcmZlY3RkcmFmdA==,forceOptOutAad
182237,Y29tLnRpcHBpbmdjYW5vZS5teWRlYWx6,forceOptOutAad
182238,Y29tLmxveXZlcnNlLnNhbGU=,forceOptOutAad
182239,Y29tLmNvbHVyZS5hcHAucHJpdmFjeWdhbGxlcnk=,forceOptOutAad
182240,bWUubGluc2hlbi5hYmF0dGVyeQ==,forceOptOutAad
182241,Y29tLnNpbmFybWFzbGFuZC5vbmVzbWlsZQ==,forceOptOutAad
182242,Y29tLmFwYWxvbi53ZWF0aGVybGl2ZS5mcmVl,forceOptOutAad
182243,Y29tLmlzdHlsZTI0LmNvbW1lcmNl,forceOptOutAad
182244,Y29tLmJlZXBlci5hbmRyb2lk,forceOptOutAad
182245,Y29tLmFzdG9udGVrLnN0b2Nr,forceOptOutAad
182246,Y29tLmxlZS5teWNhcjI=,forceOptOutAad
182247,Y29tLmsyNGtsaWsuYW5kcm9pZA==,forceOptOutAad
182248,Y29tLmRlbHRlay5lbnRlcnByaXNlLmFuZHJvaWQucHdhLmRlbHRla2Nvc3Rwb2ludA==,forceOptOutAad
182249,Y29tLnNlZXJhLmx1bWlhcHA=,forceOptOutAad
182250,bmV0LmFtcC5lcmE=,forceOptOutAad
182251,Y29tLmlwaG9uZWxhdW5jaGVyLmlvc2xhdW5jaGVyLmxhdW5jaGVyaW9zLmlvczE5,forceOptOutAad
182252,Y29tLnRpcHBpbmdjYW5vZS5wZXBwZXJubA==,forceOptOutAad
182253,Y29tLnN1bmZsb3dlcnNvbHV0aW9ucy5hdXRvbG9hbnBtdGNhbGNmcmVl,forceOptOutAad
182254,Y29tLnp5ZHRlY2guaGlib3lzMg==,forceOptOutAad
182255,Y29tLnhlcm94LmV4cGVyaWVuY2U=,forceOptOutAad
182256,Y29tLm1lZXN0LnVh,forceOptOutAad
182257,Y29tLm1hdGxvb2IudW5mb2xkZWQ=,forceOptOutAad
182258,Y29tLmZpbGUucmVhZGVyLnBkZnZpZXdlci5lZGl0b3Iuc2Nhbm5lcg==,forceOptOutAad
182259,Y29tLmhwaS5jaGVja3RoZWNhcg==,forceOptOutAad
182260,Y29tLmxvd2VzdG1lZC5hbmRyb2lk,forceOptOutAad
182261,Y29tLmdhbGFzb2Z0MjAxMy5zaGlwaW5mbw==,forceOptOutAad
182262,Y29tLnNmYmNpYy5hbmRyb2lk,forceOptOutAad
182263,Y29tLmVtYmFyZ29hcHAuYXBw,forceOptOutAad
182264,Y29tLmlzdC5xdW90ZXNjcmVhdG9y,forceOptOutAad
182265,Y2x1Yi5zZXRpYS5jaGFtcC5hbmRyb2lk,forceOptOutAad
182266,Y29tLnllZXNlb25nLm5ld3Byb2plY3Q=,forceOptOutAad
182267,Y29tLmNvbGxhZ2UubTI=,forceOptOutAad
182268,Y29tLnRpcHBpbmdjYW5vZS5wcm9tb2Rlc2N1ZW50b3M=,forceOptOutAad
182269,Y29tLnRyYW5zamFrbW9iaWxl,forceOptOutAad
182270,Y29tLmludHBhcmsuYW5kcm9pZC5pcGFya2l0,forceOptOutAad
182271,Y29tLnlvbmcudGF0,forceOptOutAad
182272,Y29tLmhlaWxhbmhvbWUucGVyc29uYWw=,forceOptOutAad
182273,Y29tLnZtZWRpYWdyb3VwLm5vb3Zv,forceOptOutAad
182274,Y29tLnRoZW5vb3IuYXBw,forceOptOutAad
182275,Y29tLmFwcHl3YXkubW9iaWxlLmV4cGxvcmVy,forceOptOutAad
182276,Y29tLmNob2xsb21ldHJv,forceOptOutAad
182277,Y29tLmZ1bnJhZGlvLmFuZHJvaWQuYWN0aXZpdHk=,forceOptOutAad
182278,Y29tLnRpcHBpbmdjYW5vZS5wZXBwZXJwbA==,forceOptOutAad
182279,Y29tLmFudS5tYWluLm15YW5kcm9pZA==,forceOptOutAad
182280,b3IuanAuZXhwbzIwMjUudmlzaXRvcnM=,forceOptOutAad
182281,Y29tLm90ZWx6Lm1vYmls,forceOptOutAad
182282,Y29tLnRob21hc2Nvb2suZ2xvYmFs,forceOptOutAad
182283,Y29tLmhhbndoYXNiYW5rLmZsYWI=,forceOptOutAad
182284,Y29tLnNpYmVyLmdzc2VydmVy,forceOptOutAad
182285,bGl2ZS5ycGxheQ==,forceOptOutAad
182286,Y29tLmJlaW50Y2guaW50Y2g=,forceOptOutAad
182287,dHYucGl4ZWxsb3Qub3R0LmFpc3BvcnRzdHY=,forceOptOutAad
182288,Y29tLnZpZXRhbmgubGFiYW4=,forceOptOutAad
182289,a3IucGx1c3UuY2hlcnJ5cGlja2Vy,forceOptOutAad
182290,Y29tLmJjaHlkcm8uYmNoeWRyb2V2,forceOptOutAad
182291,Y29tLmx1a29pbC5jbHVi,forceOptOutAad
182292,Y29tLmVpa29uLnRyYWNrdGluZw==,forceOptOutAad
182293,Y29tLmFwcHNwYWNlLmZhc3Quc2VjdXJlLnZwbg==,forceOptOutAad
182294,cGRmLnBkZnJlYWRlci5wZGZ2aWV3ZXIucGRmZWRpdG9y,forceOptOutAad
182295,Y29tLmRwYy5jYXJwcm8y,forceOptOutAad
182296,Y29tLnpvb3guZGVhZHBpeGVsZml4,forceOptOutAad
182297,Y29tLmdyYWNlLm1pY3JvcGhvbmU=,forceOptOutAad
182298,Y29tLmFtb2xlZHdhdGNoZmFjZXMub3V0bGluZWQ=,forceOptOutAad
182299,Y29tLnNoYWtlci5wZGZfY29udmVydGVy,forceOptOutAad
182300,U2NhblRhZy5uZGsuZGV0,forceOptOutAad
182301,Y29tLmNoYWQuZmluYW5jaWFscmVjb3Jk,forceOptOutAad
182302,c3BvcnQubW9qby5hbmRyb2lk,forceOptOutAad
182303,Y29tLmZ1bmRyaXZlbi5icmVhdGhfYmFsbA==,forceOptOutAad
182304,Y2xvdWQuYmx5bms=,forceOptOutAad
182305,bmV0LmFkaW1hbi5hbmRyb2lkLmltYW5Qcm8=,forceOptOutAad
182306,bWUudGFwbGlrYS5ndW5fbW9k,forceOptOutAad
182307,Y29tLnNlc2hhZHJpLnBhZG1hamEuZXhwZW5zZQ==,forceOptOutAad
182308,Y29tLnE2MS5ub3Rl,forceOptOutAad
182309,emEuY28ubmVvbGFicy5iYW5remVybw==,forceOptOutAad
182310,Y29tLm5lbW9zdHlsZS51c3dvcmRz,forceOptOutAad
182311,Y29tLnNjaG9sYXN0aWMuYm9va2NsdWJsb29w,forceOptOutAad
182312,YnkudW5pcS5lc19yZWluYXZhbGVyYV8xOTA5X3RyYWR1Y2Npb25lc19kZV9sYV9iaWJsaWFfYWxfZXNwYW5vbA==,forceOptOutAad
182313,Y29tLnV0cmFuc2Zlci51cy5hcHA=,forceOptOutAad
182314,a3IuY28uaGFsbGFjZW1lbnQubW9iaWxlX2FwcA==,forceOptOutAad
182315,Y29tLmppbmxpc29mdC5qaW5saXZwbg==,forceOptOutAad
182316,Y29tLmNjLlNtYXNoZXJv,forceOptOutAad
182317,Y29tLnN0cmFuZ2Vyd2VhdGhlci5uZXdz,forceOptOutAad
182318,ZGV2Lm5hcmlrZGVzaWduLm5hbQ==,forceOptOutAad
182319,cGxhbnRzLmZsb3dlcnMudHJlZXMuc3BlY2llcy5pZGVudGlmaWNhdGlvbi5pZC5wbGFudGFzLmZsb3Jlcw==,forceOptOutAad
182320,Y29tLnBsYW5uZXIuc2NoZWR1bGUuZXZlbnQuY2FsZW5kYXI=,forceOptOutAad
182321,Y29tLmFtb2xlZHdhdGNoZmFjZXMuYmluYXJ5Mg==,forceOptOutAad
182322,Y29tLm1heHhjb2ZmZWUuaWQ=,forceOptOutAad
182323,Y29tLmFtb2xlZHdhdGNoZmFjZXMucmVhY3Q=,forceOptOutAad
182324,YmJjLmlwbGF5ZXIuYW5kcm9pZA==,forceOptOutAad
182325,bm90aW9uLmlk,forceOptOutAad
182326,Y29tLmFjdGl2ZWJ1aWxkaW5nLnJlc2lkZW50cw==,forceOptOutAad
182327,Y29tLnNjYWxlZm9yY2UubW9iaWxlLm15ZXhjaXRlbA==,forceOptOutAad
182328,ZGV2LmFrZXhvcmNpc3QuZmxpcGZvbGRjb3VudGVy,forceOptOutAad
182329,Y29tLmFxdWFpbGx1bWluYXRpb24ucHJpbWU=,forceOptOutAad
182330,Y29tLmZ1dHRlcmhhdXMuYXBw,forceOptOutAad
182331,Y29tLmh1Z29ib3NzLmh1Z29ib3Nz,forceOptOutAad
182332,cnUubGl0cmVzLmFuZHJvaWQuYXVkaW8=,forceOptOutAad
182333,c2Euc2FsbGEubWFobHk=,forceOptOutAad
182334,Y29tLm12YXMuc3RiLmVtdS5wcm8=,forceOptOutAad
182335,Y29tLmhjbWZhY3RvcnkuYW5kcm9pZC50cmFuc2xhdG9y,forceOptOutAad
182336,Y29tLnJnZS5zcG9ydDU=,forceOptOutAad
182337,Y29tLnhwbG9yYS54cGxvcmF2Mg==,forceOptOutAad
182338,c2UuaGVtbmV0LmFuZHJvaWQ=,forceOptOutAad
182339,Y29tLm12YXMuc3RiLmVtdS5mcmVl,forceOptOutAad
182340,Y29tLmliaWdyb3VwLm1vYmlsZS5hZG90LnRhNTExYXouYW5kcm9pZA==,forceOptOutAad
182341,Y29tLnBha2RhdGEuUXVyYW5NYWplZWQ=,forceOptOutAad
182342,Y29tLnF1YWRyb25pY2EuZmFudGFjYWxjaW8=,forceOptOutAad
182343,Y29tLmVhcnRod2F0Y2hmYWNlLmFuaW1hdGVkZWFydGguZWFydGguZnJlZXdhdGNoZmFjZXMuYW5pbWF0ZWR3ZWFyb3NmYWNlLndhdGNoZmFjZS53ZWFy,forceOptOutAad
182344,ZW1haWwuY2xlYW4uYW5kcm9pZA==,forceOptOutAad
182345,Y29tLndhdGNoZmFjZXN0dWRpby5hd2ZkYXNoZGlnaXRhbA==,forceOptOutAad
182346,b3JnLnJhaWxzdG90cmFpbHMudHJhaWxsaW5r,forceOptOutAad
182347,Y29tLmdvLnRvdQ==,forceOptOutAad
182348,Y29tLmpveXNtYXguYXBwbGlnaHRz,forceOptOutAad
182349,Y29tLmhhbmRsZTR1LmN1c3RvbWVy,forceOptOutAad
182350,b3JnLmFwZGNsLmFwZGNscG9ydGFs,forceOptOutAad
182351,cnUuc2Ftc3VuZy5jYXRhbG9n,forceOptOutAad
182352,Y29tLmFtb2xlZHdhdGNoZmFjZXMubWF0ZXJpYWx5b3Uy,forceOptOutAad
182353,aW4udGhpcmR3YXZlY29mZmVlLmFuZHJvaWQ=,forceOptOutAad
182354,Y29tLnNwb3RpZnkua2lkcw==,forceOptOutAad
182355,Y29tLm9ubGluZXJhZGlvLnJhZGlvZm0=,forceOptOutAad
182356,Y29tLmFwbGljYWNpb25lc3lyZWN1cnNvcy51NGJlYXI=,forceOptOutAad
182357,Y29tLmZsb3JhZGlnaXRhbC5yb3NlZ29sZC5waW5rYmxvb20uZ29sZGVuZmxvcmFsLnN0eWxpc2h3ZWFyLndhdGNoZmFjZS53ZWFy,forceOptOutAad
182358,Y29tLnNnY2FybWFydC5hcHA=,forceOptOutAad
182359,Y29tLmJhZi5pNg==,forceOptOutAad
182360,Y29tLnN1YmxpbWlzLnVyYmFuYmlrZXI=,forceOptOutAad
182361,Y29tLnN5bWNvZGluZy5sZWdhY3kuc3RpY2t5bm90ZXM=,forceOptOutAad
182362,Y29tLnBvd2VyYW1wLnYzLmF1cm9yYQ==,forceOptOutAad
182363,Y29tLnBvd2VyYW1wLnYzLmx1bWlub3VzYmxhY2s=,forceOptOutAad
182364,Y29tLm5ldHZpc29yLm1vYmlsZQ==,forceOptOutAad
182365,Y29tLmZ1c2lvbi5iZXlvbmRiYW5r,forceOptOutAad
182366,Y29tLmFpcndhbGxleA==,forceOptOutAad
182367,Y29tLmdyb2NlcnkucHVyZWdvbGQ=,forceOptOutAad
182368,Y29tLmFuZHJvaWRhc3Npc3RhbnQuZnJlZQ==,forceOptOutAad
182369,Y29tLnRhbGtob21l,forceOptOutAad
182370,Y29tLmVscm95Lm1peHNpbWNhbmdqaWU=,forceOptOutAad
182371,Y29tLmdwcy5zcGVlZG9tZXRlci5vZG9tZXRlci5kaWdpaHVkLnRyaXBtZXRlcg==,forceOptOutAad
182372,bmV0Lmxhbmdob2FuZ2FsLmNodW9uZ2NoYW5obmllbQ==,forceOptOutAad
182373,Y29tLmRlc2ljc2wuZ2xvYmFsc3UuZ2xvYmFsYXBw,forceOptOutAad
182374,Y29tLnRuc2UubW9iaWxlLmFwcA==,forceOptOutAad
182375,Y29tLmNvcGlsb3Rl,forceOptOutAad
182376,YXUuZWR1LnZ1LnN0dWRlbnRhcHA=,forceOptOutAad
182377,Y29tLml0ZW1zdHVkaW8uY2FzdHJv,forceOptOutAad
182378,Y29tLm0zNjAuYW5kcm9pZA==,forceOptOutAad
182379,Y29tLnBvY2tldGdlZWsuYXV0by5hbmRyb2lk,forceOptOutAad
182380,Y29tLnNlcnZpY2VzLm1vdmlzdGFyLmFy,forceOptOutAad
182381,Y29tLmFjZWxsdXMuYWNlbGx1cw==,forceOptOutAad
182382,Y29tLnNldHBvaW50LmFuZHJvaWQ=,forceOptOutAad
182383,Y29tLnBzZWdzLmRnci5wdW5qYWJfbXNld2E=,forceOptOutAad
182384,a3Iuamlhc29mdC5oZWxwbWU=,forceOptOutAad
182385,Y29tLmFwcC50eW5ldHVubmVscw==,forceOptOutAad
182386,ZXUuZ293b2Q=,forceOptOutAad
182387,Y29tLnNwYWNlLmdhbGF4eS5nYWxheHkzZC53YXRjaGZhY2Uud2Vhcg==,forceOptOutAad
182388,Y29tLmNsYXNzaWMuYW5hbG9nLmNsb2NrLndoaXRlY2xvY2sud2F0Y2hmYWNlLndlYXI=,forceOptOutAad
182389,Y29tLnNjaGVk,forceOptOutAad
182390,bWF4Y29tLnRvb2xib3guZnJlZQ==,forceOptOutAad
182391,Y29tLmNoZWNrcG9pbnQuVlBO,forceOptOutAad
182392,Y29tLnNwb3J0c3dvcmxkLmFuZHJvaWQ=,forceOptOutAad
182393,Y29tLm1hcnVnYW1lLmluZG9uZXNpYQ==,forceOptOutAad
182394,Y29tLmJpZ2ZpbGUuYmlnZmlsZWFwcGowOA==,forceOptOutAad
182395,Y29tLnlhcmRtYXN0ZXJ5Lmxhd25qb3VybmFs,forceOptOutAad
182396,Y29tLm1pY3JvYWlyLmFuZHJvaWQuZWFzeXpvbmVfcnY=,forceOptOutAad
182397,Y29tLm9yYW5nZWFubm9lLmVuZ2xpc2hkaWN0aW9uYXJ5,forceOptOutAad
182398,Y29tLmFtb2xlZHdhdGNoZmFjZXMucHVsc2U=,forceOptOutAad
182399,Y29tLm9uZTRhbGw=,forceOptOutAad
182400,Y29tLnNua3JkdW5rLmFuZHJvaWQ=,forceOptOutAad
182401,Y29tLnBrZy5zYmNhbmRyb2lk,forceOptOutAad
182402,Y29tLnJmaS5hbmRyb2lkYXBw,forceOptOutAad
182403,Y29tLmV0cmF2ZWxpLmZsaWdodG5ldHdvcmsuYW5kcm9pZA==,forceOptOutAad
182404,Y29tLmZ3ZC5tYXguaGs=,forceOptOutAad
182405,aGsubmFtY28uYXBw,forceOptOutAad
182406,Y29tLk9uU29mdC5hbmRyb2lkLkJsdWV0b290aENoYXQ=,forceOptOutAad
182407,aXQucXVhZHJvbmljYS5sZWdoZQ==,forceOptOutAad
182408,Y29tLmdlcGhhcm1hY3kuYW5kcm9pZA==,forceOptOutAad
182409,Y29tLm1vZGlzb2Z0LnNlY29uZA==,forceOptOutAad
182410,Y29tLmFwcHN0ZXIucGF5aXguYXJpdm8=,forceOptOutAad
182411,Y29tLmtiY3NlY3VyaXRpZXMuYm9sZXJv,forceOptOutAad
182412,Y29tLnNldmVuLmF1dG8zNjBJZA==,forceOptOutAad
182413,Z2UuZ292LnNhLnNlcnZpY2VhZ2VuY3k=,forceOptOutAad
182414,Y29tLnR0eGFwcHMuZHJvcHN5bmMucHJv,forceOptOutAad
182415,Y29tLnBtZHNvZnQuYW5kcm9pZA==,forceOptOutAad
182416,Y29tLm1hY2dlaXouYXBw,forceOptOutAad
182417,a3IuY28uaWNveHMubW9iaWxlLmZpbGVzdGFycGxheWVy,forceOptOutAad
182418,Y29tLmJvb2tkb2MuYm9va2RvYw==,forceOptOutAad
182419,Y29tLmFtb2xlZHdhdGNoZmFjZXMuZ2xhbmNleA==,forceOptOutAad
182420,Y29tLnJlZ3VsYS5kb2N1bWVudHJlYWRlcg==,forceOptOutAad
182421,Y29tLmJlY2tlci5jcGEyMDE3,forceOptOutAad
182422,Y29tLnNtb290aGNvbXAuYXBw,forceOptOutAad
182423,Y3ouY29tcHdvcmsuYW5kcm9pZC5zdmF0a3k=,forceOptOutAad
182424,dWEuY29tLmNvbXBvc2UuY29sb3JwaWNrZXIuY2FtZXJhLmltYWdl,forceOptOutAad
182425,aW4uYXBwc3Rhci5maW5kZnJpZW5kcw==,forceOptOutAad
182426,a3IuY28uY29ib3N5cy53b3dwbGU=,forceOptOutAad
182427,YXBwLmRvZ3Rvaw==,forceOptOutAad
182428,Y29tLmNvZGVuLmFuZHJvaWQuc2VjZWR1,forceOptOutAad
182429,bmwuY29mZmVlaXQuZHJlaXplbg==,forceOptOutAad
182430,cHQudHJvZmFzYXVkZS5ndHM=,forceOptOutAad
182431,Y2hyaXN0bWFzLnNhbnRhLndlYXIud2F0Y2g=,forceOptOutAad
182432,Z292LnRlbGF2aXYuZGlnaXRlbC5iZWFjaA==,forceOptOutAad
182433,Y29tLmV2ZXJ5Y2guZ29sZGNsYXNz,forceOptOutAad
182434,Y29tLnRoZW1hc3RlcmFwcHMubWVuc2FqZXNib25pdG9zY29uaW1hZ2VuZXM=,forceOptOutAad
182435,Y29tLnRrbGFiLmVj,forceOptOutAad
182436,Y29tLmxpdmVyYWRpby5mbXJhZGlvLnJhZGlvdHVuZXIucmFkaW9zdGF0aW9uLmFtcmFkaW8=,forceOptOutAad
182437,Y29tLmVsdGVsb24uemFwcGluZw==,forceOptOutAad
182438,bHQuYmFyYm9yYQ==,forceOptOutAad
182439,ZWR1Lm50Y2gub2EucGx1cy50aWNrZXQ=,forceOptOutAad
182440,Y29tLmlzdC5sb2dvbWFrZXI=,forceOptOutAad
182441,aW8uaWZ0ZWNoLmJpc3Ryb2JyaWRnZQ==,forceOptOutAad
182442,aG9tZXByby5ob21lc2VydmljZQ==,forceOptOutAad
182443,bmV0LmpvYmFiYS5haWNoYXQ=,forceOptOutAad
182444,Y29tLmJsb2dzcG90LnR1cmJvY29sb3IubWFnbWFfY2FsYw==,forceOptOutAad
182445,bHUuYmNlZS5zbmV0bW9iaWxl,forceOptOutAad
182446,Y29tLmxvYnN0ci5jbGllbnQ=,forceOptOutAad
182447,Y29tLmZhbnRyYXgud3d3LnR3YQ==,forceOptOutAad
182448,ZGUuZWx2YWg=,forceOptOutAad
182449,Y29tLmRlYWxtb29uLmFuZHJvaWQ=,forceOptOutAad
182450,Y29tLnRpc3RvcnkuZXMxMDE1Lmtha2FvLnRoZW1lLnBpbms=,forceOptOutAad
182451,Y29tLmlzY2FwZWl0LmFuZHJvaWQ=,forceOptOutAad
182452,Y29tLnRyYWlsc29mZnJvYWQuYXBw,forceOptOutAad
182453,Y29tLmJhb2hpZW1iYW92aWV0LmJhb3ZpZXRpZA==,forceOptOutAad
182454,Y29tLnlpZG8uU2Vvd29uR29sZg==,forceOptOutAad
182455,Y29tLmdtYWlsLmptYXJ0aW5kZXYudGltZXR1bmU=,forceOptOutAad
182456,Y29tLnRpc3RvcnkuZXMxMDE1Lmtha2FvLnRoZW1lLndoaXRl,forceOptOutAad
182457,Y29tLmxvc3RwaXhlbHMuYmlibGVwdA==,forceOptOutAad
182458,aXQub2ZmaWNpbmVkaWdpdGFsaS5yaWZpdXRvbG9nbw==,forceOptOutAad
182459,Y29tLnJoeGxlZC5sZWRfY3A=,forceOptOutAad
182460,b3JnLndoaXRlZ2xvdy5xdWlja2V5Y2FsY3VsYXRvcg==,forceOptOutAad
182461,Y29tLmdhenQuZWdhenQ=,forceOptOutAad
182462,Y29tLnBvY2tldHJhZGFyLmFuZHJvaWQ=,forceOptOutAad
182463,Y29tLnNvdmVsZW5uLnNwZWFrLnRyYW5zbGF0ZS5hbGwubGFuZ3VhZ2UudHJhbnNsYXRvci52b2ljZS5waG90bw==,forceOptOutAad
182464,Y29tLnF1YWRyb25pY2EuZ3VpZGE=,forceOptOutAad
182465,Y29tLmVhcnRoLmxpdmVzYXRlbGxpdGUubWFwcy5yb3V0ZWZpbmRlci5uYXZpZ2F0aW9u,forceOptOutAad
182466,anAuY28ud2VzdGpyLndlc3Bv,forceOptOutAad
182467,Y29tLmVpdC5oZWFsdGhodWI=,forceOptOutAad
182468,YW4uU3BhbmlzaFRyYW5zbGF0ZQ==,forceOptOutAad
182469,dXoua2FwaXRhbGJhbmsua2JvbmxpbmU=,forceOptOutAad
182470,Y29tLmdvb2RkYXl0b2RheS5uYW1pbmc=,forceOptOutAad
182471,Y29tLmFpcmNhbGw=,forceOptOutAad
182472,Y29tLnRpc3RvcnkuZXMxMDE1Lmtha2FvLnRoZW1lLmFsbGJsYWNr,forceOptOutAad
182473,Y29tLnRpc3RvcnkuZXMxMDE1Lmtha2FvLnRoZW1lLmdyYXk=,forceOptOutAad
182474,Y29tLm1hZ2ljLmJhb3lpbmdodWFuY2Fp,forceOptOutAad
182475,anAuY28udmlzaC5iY29ubmVjdA==,forceOptOutAad
182476,ZGUuc3BlbmRpdC5vbmU=,forceOptOutAad
182477,anAuY2xhc3NpLnBvcnRhbA==,forceOptOutAad
182478,Y29tLmlqamkuZ2FtZWZsaXA=,forceOptOutAad
182479,Y29tLmdhc2FsbA==,forceOptOutAad
182480,Y29tLmlzdC5hcnRsYWI=,forceOptOutAad
182481,Y29tLnRpc3RvcnkuZXMxMDE1Lmtha2FvLnRoZW1lLmJlaWdl,forceOptOutAad
182482,Y29tLnRvaHNvZnQuY2FsY3VsYXRvcg==,forceOptOutAad
182483,Y29tLmdhbGF4eS5hbmltYXRlZGVhcnRoLmVhcnRoLmdhbGF4eWZ1bGxoZC53YXRjaGZhY2Uud2Vhcg==,forceOptOutAad
182484,Y29tLnpvaG8uYmlnaW4=,forceOptOutAad
182485,Y29tLm50dGRvY29tby5hbmRyb2lkLmFmdGVydG9vbA==,forceOptOutAad
182486,anAuY28ucmVzb25hX2dyLnNzLlNtYXJ0QXBw,forceOptOutAad
182487,Y29tLmpuZGFwcC5jYXJ0b29uLmNyYXlvbi5pY29ucGFjaw==,forceOptOutAad
182488,bHQuaXRnaXJub3MudW5pcGFya3BhcmtpbmcucHJvZA==,forceOptOutAad
182489,Y29tLnJlcHVibGljc2VydmljZXMubXlyZXNvdXJjZQ==,forceOptOutAad
182490,Y29tLm9yYW5nZS50ZGQ=,forceOptOutAad
182491,anAuc3VnaS5zdWdpdG9tbw==,forceOptOutAad
182492,ZXUuZXVyb3BhLmVjLmVjYXM=,forceOptOutAad
182493,Y29tLmhhLnByZXBzbWFydA==,forceOptOutAad
182494,Y29tLmlvdC5jY3R2Z3VhcmQudmlld2Vy,forceOptOutAad
182495,Y29tLnBkZmRvYy5yZWFkZXIuY29udmVydGVyLm1hbmFnZXI=,forceOptOutAad
182496,Y29tLnJ3YWwudG1vbmV5,forceOptOutAad
182497,Y29tLmNtc2VuZXJneS5tb2JpbGUudXRpbGl0eQ==,forceOptOutAad
182498,Y29tLnRvdHVtLnN0dWRlbnQ=,forceOptOutAad
182499,Y29tLnRob21hc2RlbWlyZ2lsLmJhc2l0LmFwcA==,forceOptOutAad
182500,Y29tLmpuZGFwcC5ub3RoaW5nLndoaXRlLmRvdHMuaWNvbnBhY2s=,forceOptOutAad
182501,Y29tLmFwc2l5b24uYW5kcm9pZA==,forceOptOutAad
182502,Y29tLm1vbnRyZWFsY2FuYWRpZW5zLkNhbmFkaWVucw==,forceOptOutAad
182503,YXBwLm5hdmlnYXRpb253ZWFyLnRlc3dlYXI=,forceOptOutAad
182504,Y29tLnBhdmVhcHA=,forceOptOutAad
182505,anAua2Fkb2thd2EuZWwua2FrdXlvbXU=,forceOptOutAad
182506,Y29tLmx1c2guYXBw,forceOptOutAad
182507,Y29tLnRvbnljdWJlLmFwcC5tb3ZpZXRpbWU=,forceOptOutAad
182508,Y29tLm5rYXJ0LmdvLmxpb250aGVtZQ==,forceOptOutAad
182509,Y29tLmpuZGFwcC5waXhlbC5waWUuZGFyay5pY29ucGFjaw==,forceOptOutAad
182510,Y29tLm5vdXNndWlkZS5hbmRyb2lkLnJidHY=,forceOptOutAad
182511,Y29tLnhudmlldy5YblNrZXRjaFBybw==,forceOptOutAad
182512,anAudGVjaGZvcmxpZmUud2VsbGdv,forceOptOutAad
182513,Y29tLmJvb3N0LmNocm9tZWNhc3Q=,forceOptOutAad
182514,Y29tLmJsdWV0b290aC5jb25uZWN0LnNjYW5uZXIuYXV0by5wYWly,forceOptOutAad
182515,Y29tLmpuZGFwcC5yZWN0aWNvbnMuaWNvbnBhY2s=,forceOptOutAad
182516,Y29tLmtpbi5hdGhlbmE=,forceOptOutAad
182517,Y29tLm5vbWFzb2x1dGlvbnMuY3Bn,forceOptOutAad
182518,Y29tLmRhcHBlcmxhYnMucGlubmFjbGU=,forceOptOutAad
182519,Y29tLmF1dG90ZWM=,forceOptOutAad
182520,anAuc29mdGJhbmsubWIuaWNoaW5hdmljbHQ=,forceOptOutAad
182521,YmUuZW5naWUuc21hcnQ=,forceOptOutAad
182522,Y29tLm1hY3JvcGluY2guaHlkcmEuYW5kcm9pZA==,forceOptOutAad
182523,anAubWl4aQ==,forceOptOutAad
182524,aW4ubWludHBybw==,forceOptOutAad
182525,Y29tLnhudmlldy54bmJsYWNrY2FtcHJv,forceOptOutAad
182526,Y29tLmZicy5wYQ==,forceOptOutAad
182527,Y29tLnJhdG9jLndmaXJleA==,forceOptOutAad
182528,Y29tLmNpbG9yeS5hcHA=,forceOptOutAad
182529,Y29tLnNwZWVkaWZ5LnNwZWVkaWZ5YW5kcm9pZA==,forceOptOutAad
182530,Y29tLnZhbGlkaW8ua29udGFrdGthcnRlLmRpYWxlcg==,forceOptOutAad
182531,Y29tLmdvZmluZ2VyLnZlaGljbGVpbmZv,forceOptOutAad
182532,b3JnLmE1Y2FsbHMuYW5kcm9pZC5hNWNhbGxz,forceOptOutAad
182533,Y29tLmJlbmVhdC5hcHA=,forceOptOutAad
182534,bmV0LmVhc3RfaGluby5jYWxsX2NvbmZpcm1fbmV3,forceOptOutAad
182535,anAucl9uX2kuY29kZS5wb2ludC5hcHA=,forceOptOutAad
182536,Y29tLnNtYXJ0d2F0Y2guYmx1ZXRvb3RoLnN5bmMubm90aWZpY2F0aW9ucw==,forceOptOutAad
182537,Y29tLmJzaXplLmJvdA==,forceOptOutAad
182538,YWkuZ2VuZXJhdGVkLmFydC5tYWtlci5pbWFnZS5waWN0dXJlLnBob3RvLmdlbmVyYXRvci5wYWludGluZw==,forceOptOutAad
182539,Y29tLmVydGVjaC5kYXlub3Rl,forceOptOutAad
182540,Y29tLm1vYmlsZS5hbmRyb2lkLnF0aWNrZXRzYXBw,forceOptOutAad
182541,Y29tLmNyYWZ0YXJzLm1lYXN1cmV0b29scw==,forceOptOutAad
182542,anAuY28ua2RsLnl1a2l5YW1h,forceOptOutAad
182543,Y29tLm9va2JlZS5vb2tiZWVjb21pY3MuYW5kcm9pZA==,forceOptOutAad
182544,bmV0Lm5ld3Q=,forceOptOutAad
182545,Y29tLmpuZGFwcC5ub3RoaW5nLm5lb24uZG90cy5pY29ucGFjaw==,forceOptOutAad
182546,Y29tLm1hdXRpbHVzLnNlcnZ1cw==,forceOptOutAad
182547,YmxhY2tvd2wuaWQ=,forceOptOutAad
182548,Y29tLmpuZGFwcC5kb3RzLmFkYXB0aXZlLmljb25wYWNr,forceOptOutAad
182549,Y29tLmpuZGFwcC5oZXhhZ29uYWwuaGV4YS5pY29ucGFjaw==,forceOptOutAad
182550,Y29tLnRob3VzYW5kc2hvcmVzLnRyaWJpdA==,forceOptOutAad
182551,Y29tLmFkYXB0aXZlLmNhcnRvb24uY3JheW9uLmljb25wYWNr,forceOptOutAad
182552,Y29tLmRpcmVjdHBheWFwcA==,forceOptOutAad
182553,Y29tLmpuZGFwcC5waXhlbC5waWUuaWNvbnBhY2s=,forceOptOutAad
182554,cGwuZ3N3aWVyY3p5bnNraS5tb3RvbG9n,forceOptOutAad
182555,Y29tLmRxLmZvdG9tZXRyb05h,forceOptOutAad
182556,Y29tLnN0b25lb2ltLmNwZS5mbHV0dGVyY3Bl,forceOptOutAad
182557,anAueXljLmFwcC5vZmZpY2lhbDI=,forceOptOutAad
182558,anAua2luYXJpbm8ua2luYXJpbm9hcHA=,forceOptOutAad
182559,Y29tLmNhcmRpLmNhcmxpZ2h0,forceOptOutAad
182560,Y29tLmxhbmd1YWdlLnRyYW5zbGF0ZS50cmFuc2xhdG9yLnZvaWNldHJhbnNsYXRvci5jYW1lcmF0cmFuc2xhdGU=,forceOptOutAad
182561,Y29tLm50dC5tYW5hYmlfcG9ja2V0,forceOptOutAad
182562,Y29tLnN3aXBib3guaW5maW5pdHkuY29uc2lnbmVlX2FwcA==,forceOptOutAad
182563,Y29tLmhpc2Vuc2Uuc21hcnQudHYucmVtb3RlLmhpc2Vuc2VzbWFydHR2cmVtb3Rl,forceOptOutAad
182564,Y29tLmNvb2xtb2JpbGVzb2x1dGlvbg==,forceOptOutAad
182565,Y29tLnByb3RoZW1lLmxhdW5jaGVyLndpbngyLmxhdW5jaGVy,forceOptOutAad
182566,Y29tLmtwbi5hbmRyb2lk,forceOptOutAad
182567,bmV0Lndlc3RfaGluby5kYXlfc3RhdHVzYmFy,forceOptOutAad
182568,anAuY28uZmVucmlyLmFuZHJvaWQuc2xlaXBuaXI=,forceOptOutAad
182569,Y29tLnNpZ2h0Y2FsbC5zaWdodGNhbGw=,forceOptOutAad
182570,Y29tLnNwb3J0ZWFzeS5hbmRyb2lk,forceOptOutAad
182571,Y29tLnNtYXJ0dG9vbGxhYi5kaWN0aW9uYXJ5Y2FtZXJh,forceOptOutAad
182572,aWNvbmljLnplZmZpLmt3Z3Q=,forceOptOutAad
182573,anAuZ3JlZS5hbmRyb2lkLmFwcA==,forceOptOutAad
182574,Y29tLnhudmlldy5YblJlc2l6ZQ==,forceOptOutAad
182575,Y29tLmVjYWJzbW9iaWxlYXBwbGljYXRpb24=,forceOptOutAad
182576,Y29tLmpuZGFwcC5hcHBsZS5pbG9vay5pY29ucGFjaw==,forceOptOutAad
182577,anAuY28uYmVhdmVyLnN1aXN5dW4=,forceOptOutAad
182578,c2hpcG1hdGUuY2Fybml2YWw=,forceOptOutAad
182579,Y29tLmZyZWUudnBuLnVzYS5wcm94eS5wbGFuZXQ=,forceOptOutAad
182580,Y29tLnNoaXBkYXkuZGlzcGF0Y2g=,forceOptOutAad
182581,Y29tLmpuZGFwcC5ibGFjay5pY29ucGFjaw==,forceOptOutAad
182582,anAuc25vd2xpZmUwMS5hbmRyb2lkLnJvdGF0aW9uY29udHJvbA==,forceOptOutAad
182583,anAuY28udGVjaG5vc3F1YXJlLmFuZHJvaWQuZ2FwcGVuZGl4,forceOptOutAad
182584,Y29tLmd1bGJlcnMuYWxraXRhYmtpZHVuZw==,forceOptOutAad
182585,Y29tLmtkZGkuYW5kcm9pZC5tYW1vcnU=,forceOptOutAad
182586,Y29tLmtkZGkuYW5kcm9pZC5kYXRhdHJhbnNmZXI=,forceOptOutAad
182587,dGguY28uaG9tZXByby5ob21lY2FyZGFwcA==,forceOptOutAad
182588,a3IuY28ucmV0YWlsdGVjaC5kYWRhbW1hbGw=,forceOptOutAad
182589,Y29tLnllZXNlb25nLmlucHV0,forceOptOutAad
182590,Y29tLnNreXJleC5ndWFyZC52aWV3ZXI=,forceOptOutAad
182591,Y29tLnRvZ3JpbGwuaGFpYm9zaQ==,forceOptOutAad
182592,Y29tLmd1YXZhaGVhbHRoLmFwcA==,forceOptOutAad
182593,Y29tLnhudmlldy5YbkdpZlBybw==,forceOptOutAad
182594,Y29tLmJlaW5zcG9ydHMuY29ubmVjdC5hcGFj,forceOptOutAad
182595,Y29tLmNvbnRlbnQubWFnbmV0c2VhcmNo,forceOptOutAad
182596,Y29tLmpuZGFwcC5wYXN0ZWwubWF0ZXJpYWwueW91Lmljb25wYWNr,forceOptOutAad
182597,Y29tLmZ1cnlhcHBzLnNjb3Jlc3dpZGdldA==,forceOptOutAad
182598,Y29tLmNhbWVyYS50cmFuc3BhcmVudC53YWxscGFwZXIubGl2ZXdhbGxwYXBlcg==,forceOptOutAad
182599,Y29tLmFscGFjYS5waG90b19tb3NhaWM=,forceOptOutAad
182600,bmV0LmRpc2Nhcy5hcHAuYW5kcm9pZA==,forceOptOutAad
182601,Y29tLm5rYXJ0LmRhcmtpcA==,forceOptOutAad
182602,Y29tLnJlbGVhc2UuYXJ5bGl2ZQ==,forceOptOutAad
182603,Y29tLmpuZGFwcC5naG9zdC5nbHlwaC5pY29ucGFjaw==,forceOptOutAad
182604,Y29tLnllZXNlb25nLm1lbW8=,forceOptOutAad
182605,Y29tLmFpcm5ld3plYWxhbmQuYW5kcm9pZC5ncmFiYXNlYXQ=,forceOptOutAad
182606,Y29tLnRpc3RvcnkuZXMxMDE1Lmtha2FvLnRoZW1lLmFsbG5hdnk=,forceOptOutAad
182607,Y29tLnJldmlld3R1YmUucGlnbW9uZXk=,forceOptOutAad
182608,bXUuY2x1c3Rlci5hcHA=,forceOptOutAad
182609,a3IuY28uandjY2N0di52aWV3ZXJQcm8=,forceOptOutAad
182610,dXAubGFuZC5pbmZvcm1hdGlvbg==,forceOptOutAad
182611,Y29tLm1hcmt2ZXlzLmFpZGEuYXBwLnBob25l,forceOptOutAad
182612,Y29tLm1heGVkYWRpeWdyb3VwLmJyaWNv,forceOptOutAad
182613,Y29tLmxpZ2h0Lm51bWJlcnRvd29yZA==,forceOptOutAad
182614,aXQudm9kYWZvbmUubXlWb2RhZm9uZUJ1c2luZXNz,forceOptOutAad
182615,Y29tLmRlcGxpa2UuZ3VpdGFyTGVhcm5pbmdHYW1l,forceOptOutAad
182616,Y29tLmFpcmVlbC5hcHA=,forceOptOutAad
182617,aW8ub3JkZXJtZW50dW0ucmV0YWlsZXI=,forceOptOutAad
182618,Y29tLnRhb2Jhby5jb3Vwb24=,forceOptOutAad
182619,Y29tLm1vbmV5Ym94YXBw,forceOptOutAad
182620,Y29tLmhvdGVsc2NvbWJpbmVkLm1vYmlsZQ==,forceOptOutAad
182621,Y29tLmZpeGRhcHAudHdv,forceOptOutAad
182622,a3IuY28ubmhzYXZpbmdzYmFuay5t,forceOptOutAad
182623,Y29tLm1vbW9uZG8uZmxpZ2h0c2VhcmNo,forceOptOutAad
182624,Y29tLnBlYmJsZWJlZS5hcHAuaGl2ZTM=,forceOptOutAad
182625,Y29tLmdvb2dsZS5hbmRyb2lkLmFwcHMuZW50ZXJwcmlzZS5jcGFuZWw=,forceOptOutAad
182626,Y29tLm10di5zYWk=,forceOptOutAad
182627,Y29tLnNlZWtpbmdhbHBoYS53ZWJ3cmFwcGVy,forceOptOutAad
182628,anAuY28ubWF0Y2hpbmdhZ2VudC5jb2NvdHN1cmU=,forceOptOutAad
182629,Y29tLm1hcnJpb3R0Lm1vcmVjcmF2aW5ncw==,forceOptOutAad
182630,ZXUudmlydHVhbHRyYWluaW5nLnJvdXZ5LmFuZHJvaWQ=,forceOptOutAad
182631,Y29tLmpuZGFwcC5yZWRsaW5lLmxpbmV4Lmljb25wYWNr,forceOptOutAad
182632,Y29tLndpbGRmb3JrZm9vZHM=,forceOptOutAad
182633,Y29tLnBjbWF0aWMuYW5kcm9pZA==,forceOptOutAad
182634,Y29tLnZ3aW5kaWEubXl2b2xrc3dhZ2VuY29ubmVjdHBsdXM=,forceOptOutAad
182635,bGFvbGExLndyYw==,forceOptOutAad
182636,Y29tLnRvYXN0dGFiLnRvYXN0b3BlcmF0b3I=,forceOptOutAad
182637,Y29tLnRvaHNvZnQubWFpbC5lbWFpbC5lbWFpbGNsaWVudA==,forceOptOutAad
182638,Y29tLm1vYmljdWxlLm1nbA==,forceOptOutAad
182639,Y29tLmpuZGFwcC5sdXguaWNvbnBhY2s=,forceOptOutAad
182640,YWkuYWlhcnQuYWlhcnRnZW5lcmF0b3IuY3JlYXJ0,forceOptOutAad
182641,Y2FsY3VsYXRvci5sb2NrLmhpZGVwaG90by52aWRlby52YXVsdA==,forceOptOutAad
182642,Y29tLmVsY29uZmlkZW5jaWFsLnJzcw==,forceOptOutAad
182643,anAuY28uemVuc2hvLnN1a2l5YW1vYXA=,forceOptOutAad
182644,Y29tLmJwZGouYmFsbHBhcmtkag==,forceOptOutAad
182645,Y29tLmNyZWRpdG9hZ3JpY29sYS5jYW1vYmlsZWVtcHJlc2Fz,forceOptOutAad
182646,Y29tLmJhdWJhcA==,forceOptOutAad
182647,bmV0LndhbnBhc3M=,forceOptOutAad
182648,Y29tLmhzc24uYW5hdG9teTNk,forceOptOutAad
182649,Y29tLnJlYWwubGF1bmNoZXIud3AudGVu,forceOptOutAad
182650,Y29tLmtvb2JpdHMua29vYml0cw==,forceOptOutAad
182651,a3VsYW5hLnRvb2xzLnJldGlyZW1lbnRjb3VudGRvd24=,forceOptOutAad
182652,Y29tLmNyb3dkcmFkaW8ub3N0c2Vld2VsbGU=,forceOptOutAad
182653,Y29tLm1hZ25vbGlhLmFuZHJvaWQuYXBw,forceOptOutAad
182654,Y29tLnN5bmNlZHN5bmFwc2UuZXZlbnRmbG93d2lkZ2V0,forceOptOutAad
182655,YWkubWVtb3JpemVy,forceOptOutAad
182656,Y29tLnlqbWVkaWEubWt3bmV3cw==,forceOptOutAad
182657,a3IuY28ubGlua2FwcC5zd2lwZS5iaXpwYXk=,forceOptOutAad
182658,Y29tLmNyb3dkaHViLmZpcnN0NQ==,forceOptOutAad
182659,Y29tLmpuZGFwcC5saW1lbGluZS5saW5leC5pY29ucGFjaw==,forceOptOutAad
182660,Y29tLmNzdGFwLmFucGky,forceOptOutAad
182661,Y29tLndpendhcmUuaW1hZWls,forceOptOutAad
182662,anAuY28uZ3Jtbi50b3VzaGlueXVtb24=,forceOptOutAad
182663,ZnIuZ2Vldi5hcHBsaWNhdGlvbg==,forceOptOutAad
182664,Y29tLmxpdHYubW9iaWxlLmdwLmxpdHY=,forceOptOutAad
182665,Y29tLnFyLmNvZGUuZXhwZXJ0LmJhcmNvZGUuZ2VuZXJhdG9yLnFyY29kZS5yZWFkZXIuc2Nhbm5lci5iYXJjb2RlLnBkZi5jb252ZXJ0ZXIuc2Nhbm5lcmFwcA==,forceOptOutAad
182666,Y29tLm1pbHUuY29tcGFzczIyZw==,forceOptOutAad
182667,Y29tLmlkdXMuZ2xvYmFs,forceOptOutAad
182668,Y29tLnNraWxsc2hhcmUuU2tpbGxzaGFyZQ==,forceOptOutAad
182669,Y29tLmRhcy5hbmRyb2lk,forceOptOutAad
182670,Y29tLmpuZGFwcC5vcmFuZ2VsaW5lLmxpbmV4Lmljb25wYWNr,forceOptOutAad
182671,Y29tLnlhcmRpLnN5c3RlbXMucmVudGNhZmUucmVzaWRlbnQubW9yZ2Fu,forceOptOutAad
182672,b3JnLndoaXRlZ2xvdy5hbnRpbnVpc2FuY2U=,forceOptOutAad
182673,anAub25lZmluYW5jaWFsLm9uZQ==,forceOptOutAad
182674,aWwuY28ucGF0LldoYXRzQXBwU3RpY2tlcnNJTA==,forceOptOutAad
182675,b3JnLmVvYmRmYWNpbGUuYW5kcm9pZA==,forceOptOutAad
182676,bXguY2hvcA==,forceOptOutAad
182677,Y29tLmNvb3BuZXR3b3JrLmNvb3BuZXR3b3JrbW9iaWxl,forceOptOutAad
182678,Y29tLm1lZGl0YXRpb25tb21lbnRzLm1lZGl0YXRpb25tb21lbnRz,forceOptOutAad
182679,Y29tLmNvY2hsZWFyLmNsaWVudHJlbW90ZQ==,forceOptOutAad
182680,anAuY28uZmluY2FwcA==,forceOptOutAad
182681,bmdpLm11Y2hpLmh1YmRhdA==,forceOptOutAad
182682,bW9iaWxlLmFwcC5hbmRyb2lkLmpwY2M=,forceOptOutAad
182683,ZGUuYmNzX3NhY2hzZW4uaHJydGxfYW5kcm9pZA==,forceOptOutAad
182684,Y29tLmpuZGFwcC5ncmVlbmxpbmUubGluZXguaWNvbnBhY2s=,forceOptOutAad
182685,Y29tLmpuZGFwcC5pY29ucGFjay5zaW1wbGljb24=,forceOptOutAad
182686,Y29tLmpuZGFwcC5wdXJwbGVsaW5lLmxpbmV4Lmljb25wYWNr,forceOptOutAad
182687,Y29tLm1pdmkuYWk=,forceOptOutAad
182688,anAuY28uc2lnZnk=,forceOptOutAad
182689,Y29tLmpuZGFwcC5zcXVhcmUubmV4YS5pY29ucGFjaw==,forceOptOutAad
182690,Y29tLmNvZGVhbGlzLmRlZ3VzdGEuYW5kcm9pZA==,forceOptOutAad
182691,Y29tLmx1Y2FncmlsbG8uSW1hZ2VHbGl0Y2hlcg==,forceOptOutAad
182692,Y29tLmJvc2Vua28ud2F0Y2hmYWNlLm1hcmluZWNhcHRhaW4=,forceOptOutAad
182693,ZGUubmV4eG9vLnJhZGlvYjI=,forceOptOutAad
182694,Y29tLmdlb25hdXRlLmdlb25hdXRl,forceOptOutAad
182695,Y29tLndlYXZlci5hcHAucHJvZA==,forceOptOutAad
182696,Y29tLnZpZGlvLmFuZHJvaWQ=,forceOptOutAad
182697,Y29tLmltZW5kb24uZm9teg==,forceOptOutAad
182698,aWQuZmxpcA==,forceOptOutAad
182699,a3IuZ28ubW9iaWxlaWQ=,forceOptOutAad
182700,Y29tLnZpc2lvbndpemFyZC5wdWxzZQ==,forceOptOutAad
182701,Y29tLmRhdmVyYW1zZXkudGRyc2FwcA==,forceOptOutAad
182702,bXRuZnQubW9tby5jb25zdW1l,forceOptOutAad
182703,Y29tLnBpeHZlcnNlYWkucGl4dmVyc2U=,forceOptOutAad
182704,Y29tLnRoYWl3YXRzYWR1LmVjb21tZXJjZQ==,forceOptOutAad
182705,c2FobHNhLm5ldC5zYWhlbA==,forceOptOutAad
182706,Y29tLnNlYy5hbmRyb2lkLmFwcC5zYW1zdW5nYXBwcw==,forceOptOutAad
182707,YmQuZ292Lm9jdi5wb3N0YWx2b3Rpbmc=,forceOptOutAad
200002,Y29tLmdzdGFybWMuYW5kcm9pZA==,displayDensityCompat
200003,Y29tLmtic2VjLm10cy5pcGx1c3Rhcm5nbTI=,displayDensityCompat
200005,Y29tLnNoaW5oYW4ubzJv,displayDensityCompat
200006,Y29tLnN1bmJveHNvZnQuY2hhcmdlLmluc3RpdHV0ZQ==,displayDensityCompat
200007,Y29tLnN1aHl1cC5wc21i,displayDensityCompat
200008,Y29tLmtvcmVhYm9hcmRnYW1lcy5hcHA=,displayDensityCompat
200009,Y29tLm5vdmVscGlhLmFuZHJvaWQubWU=,displayDensityCompat
200010,Y29tLmlkb25nYnVzbWFydA==,displayDensityCompat
200011,c21hcnQuY2xlYW5lci5jbGVhbi5tYXN0ZXIuYm9vc3Rlci5mcmVl,displayDensityCompat
200012,Y29tLnJlbnBoby5oZWFsdGg=,displayDensityCompat
200013,Y29tLnpoaWh1LmFuZHJvaWQ=,displayDensityCompat
200014,Y29tLmliay5jZHA=,displayDensityCompat
200015,Y24udHlkaWMuZXRoaW9wYXk=,displayDensityCompat
200016,Y29tLmNoaWMucG9pbnQ=,displayDensityCompat
200017,Y29tLmNvb2luZ2R2LnJjZnB2,displayDensityCompat
200018,Y29tLmh1YXNlbmdoZW5nLnJtaQ==,displayDensityCompat
200019,Y29tLmtiemJhbmsua3BheWN1c3RvbWVy,displayDensityCompat
200020,Y29tLm1vYmlsZS5teWV5ZQ==,displayDensityCompat
200021,Y29tLm5vdmVsYWdvLmFuZHJvaWQuYXBw,displayDensityCompat
200022,Y29tLnRlbGVub3IucGFraXN0YW4ubXl0ZWxlbm9y,displayDensityCompat
200023,cGVyLmJmLmRlc2E=,displayDensityCompat
200024,Y29tLnZpZXR0ZWwuY2xvdWQuY2EubXlzaWdu,displayDensityCompat
200025,bXVzaWMudmlkZW9tYWtlci5zbGlkZXNob3c=,displayDensityCompat
200026,Y29tLnRoZWhvdC5odWxvdnBu,displayDensityCompat
200027,Y29tLnBpY3NsYWIubmVvbi5lZGl0b3I=,displayDensityCompat
200028,Y29tLnVzZXJhcHAuY2hhcmFu,displayDensityCompat
200029,bmwuanVtYm8uaGl0c3Rlcg==,displayDensityCompat
200030,Y29tLnRvbXRvbS5zcGVlZGNhbXMuYW5kcm9pZC5tYXA=,displayDensityCompat
200031,bmguc21hcnQubmhjb2s=,displayDensityCompat
200032,c2NyZWVucmVjb3JkZXIudmlkZW9lZGl0b3IudmlkZW9yZWNvcmRlcg==,displayDensityCompat
200033,Y29tLmJsb29tYmVyZy5hbmRyb2lkLnBsdXM=,displayDensityCompat
200034,a3IudWNvLm1vYmluZw==,displayDensityCompat
200035,a3Iub3IubmhpcQ==,displayDensityCompat
200036,a3Iub3IuaHJka29yZWEucW5ldC5tcW5ldA==,displayDensityCompat
200037,Y29tLmx1dXRpbmhpdC5sYXVuY2hlcmlvcw==,displayDensityCompat
200038,a3IuY28uc2Ftc3VuZ2NhcmQubXBvY2tldA==,displayDensityCompat
200039,Y29tLmtic2VjLm1hYmxlbWluaXByb2Q=,displayDensityCompat
200040,Y29tLndvb3Jpd20udHhzbWFydA==,displayDensityCompat
200041,a3IuY28ubm93Y29tLm1vYmlsZS5hZnJlZWNh,displayDensityCompat
200042,Y29tLndvb3Jpd20ubXVnc21hcnQ=,displayDensityCompat
200043,Y29tLmxlbW9uLmx2b3ZlcnNlYXM=,displayDensityCompat
200044,Y29tLnNpbmEud2VpYm8=,displayDensityCompat
200046,Y29tLnB1Yi5mbQ==,displayDensityCompat
200047,Y29tLmhtYWxsYXBw,displayDensityCompat
200048,Y29tLmRpc2NvcmQ=,displayDensityCompat
200049,a3IuY28ua2JzLmtwbGF5ZXI=,displayDensityCompat
200050,aW4ubW9oYWxsYS5zaGFyZWNoYXQ=,displayDensityCompat
200051,Y29tLmxoLmFwcGx5,displayDensityCompat
200052,aW0udGhlYm90Lm1lc3Nlbmdlcg==,displayDensityCompat
200053,Y29tLmtiYW5rd2l0aC5zbWFydGJhbms=,displayDensityCompat
200054,Y29tLmdzci5nczI1,displayDensityCompat
200055,Y29tLmJsb29kc3VnYXIuZGlhYmV0ZXMudHJhY2tlci5wcm8=,displayDensityCompat
200056,Y29tLnNpbmd0ZWwuZ29tby5yZWxlYXNl,displayDensityCompat
200057,Y29tLnN0YXJodWIuY3NzZWxmaGVscA==,displayDensityCompat
200058,Y29tLnNob3BjbHVlcw==,displayDensityCompat
200060,Y24uZ292LnRheC5pdHM=,displayDensityCompat
200061,Y29tLmljYmM=,displayDensityCompat
200062,Y29tLnF1YXJrLmJyb3dzZXI=,displayDensityCompat
200063,Y21iLnBi,displayDensityCompat
200064,Y29tLnh0LnJldG91Y2g=,displayDensityCompat
200065,Y29tLmNoZWhlamlhLm9jLm0wMQ==,displayDensityCompat
200067,Y29tLmVsYW5kLmtpZHNsZXZlbDE=,displayDensityCompat
200068,Y29tLnZpZXR0ZWwudHYzNjA=,displayDensityCompat
200069,Y29tLmhhbmRzdHVkaW8uYW5kcm9pZC5oYW53aGFlYWdsZXM=,displayDensityCompat
200070,Y29tLnN0YXQuZ2FtZW9uZQ==,displayDensityCompat
200071,Y29tLmNhZmUyNC5lYy5wbHVzbW9vbW9veg==,displayDensityCompat
200072,Y29tLnRlc2xhbW90b3JzLnRlc2xh,displayDensityCompat
200073,Y29tLmhleXRhcC5icm93c2Vy,displayDensityCompat
200075,Y29tLnRydWVmcmllbmQubmVvc21hcnRhcmVuZXdhbA==,displayDensityCompat
200076,c2cuZ292Lm1uZC5PbmVTZXJ2aWNl,displayDensityCompat
200077,Y29tLnlhaG9vLm1vYmlsZS5jbGllbnQuYW5kcm9pZC5zcG9ydGFjdWxhcg==,displayDensityCompat
200078,Y29tLnNsaW5n,displayDensityCompat
200079,ZGJzLnNnLmRic21iYW5raW5n,displayDensityCompat
200080,Y29tLnhlLmN1cnJlbmN5,displayDensityCompat
200081,Y29tLmVtbjgubW9iaWxlbTgubmF0aXZlYXBwLnBvcGV5ZXM=,displayDensityCompat
200082,Y29tLmNnYmNoaW5hLnhwdA==,displayDensityCompat
200083,Y29tLnlvdWRhby5kaWN0,displayDensityCompat
200084,Y29tLmNlYmJhbmsubW9iaWxlLmNlbWI=,displayDensityCompat
200085,Y29tLnRwZ19zZw==,displayDensityCompat
200086,Y29tLmR1eGlhb21hbi53YWxsZXQ=,displayDensityCompat
200087,Y29tLm5hbXNoaS5hbmRyb2lk,displayDensityCompat
200093,Y29tLmRicy5zZy5wb3NibWJhbmtpbmc=,displayDensityCompat
200096,Y29tLm1heC54aWFvaGVpaGU=,displayDensityCompat
200097,Y29tLmJhaWR1LmhvbWV3b3Jr,displayDensityCompat
200098,Y29tLmJhaWR1LmNhcmxpZmU=,displayDensityCompat
200099,Y29tLmRicy5zZy5kYnNtYmFua2luZw==,displayDensityCompat
200100,Y29tLnp1bW9iaS5tc25iYw==,displayDensityCompat
200101,Y29tLmppbmdkb25nLmFwcC5tYWxs,displayDensityCompat
200105,Y29tLmtlYmhhbmEuaGFuYXB1c2g=,displayDensityCompat
200107,Y29tLnNtYXJ0bnNvZnQubWV0cm8=,displayDensityCompat
200108,Y29tLnNjbXAubmV3c3B1bHNl,displayDensityCompat
200109,Y29tLmppbmd5YW8uZWFzeWJpa2U=,displayDensityCompat
200110,Y24ubmluZWJvdC5uaW5lYm90,displayDensityCompat
200111,Y29tLm1hcHMucmFkYXIubmF2aWdhdGlvbi5hbmRyb2lkMjAyMw==,displayDensityCompat
200112,Y29tLmlmaHJtcy5rYWxhbmppeWFt,displayDensityCompat
210001,Y24uZGFtYWk=,ANY_ORIENTATION_TO_USER
210004,Y29tLnFpeWkudmlkZW8=,ANY_ORIENTATION_TO_USER
210008,Y29tLnRlbmNlbnQubmV3cw==,ANY_ORIENTATION_TO_USER
210009,Y29tLnRlbmNlbnQucXFsaXZl,ANY_ORIENTATION_TO_USER
210012,Y29tLm1jaS5zbWFnYXppbmU=,ANY_ORIENTATION_TO_USER
210013,Y29tLnRlbmNlbnQuYW5kcm9pZHFxbWFpbA==,ANY_ORIENTATION_TO_USER
210016,Y29tLnRlbmNlbnQud2VtZWV0LmFwcA==,ANY_ORIENTATION_TO_USER
210017,Y29tLnh4d29sby5jYzU=,ANY_ORIENTATION_TO_USER
210019,Y29tLnRlbmNlbnQucXFtdXNpYw==,ANY_ORIENTATION_TO_USER
210020,Y24ud3BzLm1vZmZpY2VfZW5n,ANY_ORIENTATION_TO_USER
210021,Y29tLk1vYmlsZVRpY2tldA==,ANY_ORIENTATION_TO_USER
210022,bWUuZWxl,ANY_ORIENTATION_TO_USER
210023,Y24ueHVleGkuYW5kcm9pZA==,ANY_ORIENTATION_TO_USER
210024,Y29tLlF1bmFy,ANY_ORIENTATION_TO_USER
210025,Y29tLmNvb2xhcGsubWFya2V0,ANY_ORIENTATION_TO_USER
210026,Y29tLmRvdWJhbi5mcm9kbw==,ANY_ORIENTATION_TO_USER
210029,Y29tLmppbmdkb25nLmFwcC5tYWxs,ANY_ORIENTATION_TO_USER
210030,Y29tLnRhb2Jhby50YW9iYW8=,ANY_ORIENTATION_TO_USER
210032,Y29tLnRlbmNlbnQud2V3b3Jr,ANY_ORIENTATION_TO_USER
210033,Y29tLmljb29sbWUuYW5kcm9pZC53ZWF0aGVy,ANY_ORIENTATION_TO_USER
210034,Y29tLmRyYWdvbi5yZWFk,ANY_ORIENTATION_TO_USER
210036,Y29tLmJvb2tpbmc=,ANY_ORIENTATION_TO_USER
210038,Y29tLmdyZWVucG9pbnQuYW5kcm9pZC5tYzEwMDg2LmFjdGl2aXR5,ANY_ORIENTATION_TO_USER
210040,Y29tLnRvbmdjaGVuZy5hbmRyb2lk,ANY_ORIENTATION_TO_USER
210041,Y24ua3V3by5wbGF5ZXI=,ANY_ORIENTATION_TO_USER
210042,Y29tLmhtYWxsYXBw,ANY_ORIENTATION_TO_USER
210044,Y29tLnNzLmFuZHJvaWQuYXJ0aWNsZS52aWRlbw==,ANY_ORIENTATION_TO_USER
210047,Y29tLmJzdGFyLmludGw=,ANY_ORIENTATION_TO_USER
210048,Y29tLnRlbmNlbnQuaHVueXVhbi5hcHAuY2hhdA==,ANY_ORIENTATION_TO_USER
210049,Y29tLnFpZGlhbi5RRFJlYWRlcg==,ANY_ORIENTATION_TO_USER
210050,Y29tLnhpYW9lLmNsaWVudA==,ANY_ORIENTATION_TO_USER
210054,Y29tLmxhbmppbmdlci5jaG9pYXNzb2NpYXRlZHByZXNz,ANY_ORIENTATION_TO_USER
210056,Y24uY250dg==,ANY_ORIENTATION_TO_USER
210059,Y29tLnNvaHUuc29odXZpZGVv,ANY_ORIENTATION_TO_USER
210061,Y29tLnFpeWkudmlkZW8ucGFk,ANY_ORIENTATION_TO_USER
210064,Y29tLnFxLnJlYWRlcg==,ANY_ORIENTATION_TO_USER
210065,Y24uY29tLndlaWxhaWh1aTM=,ANY_ORIENTATION_TO_USER
210066,cGRmLnJlYWRlci5wZGZ2aWV3ZXIucGRmZWRpdG9y,ANY_ORIENTATION_TO_USER
210068,Y29tLnR0ZWUubGVlcGxheWVy,ANY_ORIENTATION_TO_USER
210069,Y29tLmF1ZGlibGUuYXBwbGljYXRpb24=,ANY_ORIENTATION_TO_USER
210070,dnouY29t,ANY_ORIENTATION_TO_USER
210071,Y29tLnNvZmFzY29yZS5yZXN1bHRz,ANY_ORIENTATION_TO_USER
210072,cnUueWFuZGV4LnRheGltZXRlcg==,ANY_ORIENTATION_TO_USER
210073,YWkucGVycGxleGl0eS5hcHAuYW5kcm9pZA==,ANY_ORIENTATION_TO_USER
210074,Y29tLndheWZhaXIud2F5ZmFpcg==,ANY_ORIENTATION_TO_USER
210075,ZmMuYWRtaW4uZmNleHByZXNzYWRtaW4=,ANY_ORIENTATION_TO_USER
210076,Y29tLnNrYi5zbWFydHJj,ANY_ORIENTATION_TO_USER
210081,Y29tLmdyYWJ0YXhpLnBhc3Nlbmdlcg==,ANY_ORIENTATION_TO_USER
210082,Y29tLlVDTW9iaWxlLmludGw=,ANY_ORIENTATION_TO_USER
210083,Y29tLmdvcXVhbA==,ANY_ORIENTATION_TO_USER
210084,YWxsLmRvY3VtZW50cmVhZGVyLmZpbGVyZWFkZXIub2ZmaWNlLnZpZXdlcg==,ANY_ORIENTATION_TO_USER
210086,cnUuemVuLmFuZHJvaWQ=,ANY_ORIENTATION_TO_USER
210087,Y29tLnh0LnJldG91Y2g=,ANY_ORIENTATION_TO_USER
210088,Y29tLlBFUC5iaWFvcmk=,ANY_ORIENTATION_TO_USER
210090,Y29tLmVhc3Rtb25leS5hbmRyb2lkLmJlcmxpbg==,ANY_ORIENTATION_TO_USER
210092,Y29tLnNzLmFuZHJvaWQubGFyaw==,ANY_ORIENTATION_TO_USER
210093,Y29tLnRlbmNlbnQubW0=,ANY_ORIENTATION_TO_USER
210094,Y29tLmhrZnVsaWFvLmNoYW1ldA==,ANY_ORIENTATION_TO_USER
210095,Z3Jhc2VhLmZhbWlsaWZl,ANY_ORIENTATION_TO_USER
210096,Y29tLmJ5dGVkYW5jZS5kcmVhbWluYQ==,ANY_ORIENTATION_TO_USER
210097,dHYuZGFubWFrdS5iaWxp,ANY_ORIENTATION_TO_USER
210098,Y29tLmNvcnAyMWNuLm1haWwxODk=,ANY_ORIENTATION_TO_USER
210099,Y29tLmN1cGlkYXBwLmxpdmU=,ANY_ORIENTATION_TO_USER
210100,Y29tLmlmbHl0ZWsub3NoYWxsLmFoendmdw==,ANY_ORIENTATION_TO_USER
210101,Y29tLmhvbmRhLnZzcEFwcEFuZHJvaWQ=,ANY_ORIENTATION_TO_USER
210102,Y29tLmd2c29mdC5nb2Z1bg==,ANY_ORIENTATION_TO_USER
210103,Y29tLm5hZGUub3duZXJyaWRl,ANY_ORIENTATION_TO_USER
210104,Y29tLnNzLmFuZHJvaWQudWdjLmF3ZW1l,ANY_ORIENTATION_TO_USER
210105,a3IuY28uT3V0YmFjaw==,ANY_ORIENTATION_TO_USER
210106,Y29tLlVDTW9iaWxl,ANY_ORIENTATION_TO_USER
210107,Y29tLmR3LmJ0aW1l,ANY_ORIENTATION_TO_USER
210108,Y29tLnNzLmFuZHJvaWQudWdjLmxpdmU=,ANY_ORIENTATION_TO_USER
210109,Y29tLnNzLmFuZHJvaWQudWdjLmF3ZW1lLmxpdGU=,ANY_ORIENTATION_TO_USER
210110,Y29tLnBhcnRpY2xlbmV3cy5uZXdzYnJlYWtsaXRl,ANY_ORIENTATION_TO_USER
210111,Y29tLm5iY25ld3MubXNuYmMubW9iaWxl,ANY_ORIENTATION_TO_USER
210112,Y29tLnVuaXZpc2lvbi5wcmVuZGV0dg==,ANY_ORIENTATION_TO_USER
220001,Y29tLmhtLmdvZQ==,scaledAppRotationCompat
220002,Y29tLmZyZWUudnBuLnN1cGVyLmhvdHNwb3Qub3Blbg==,scaledAppRotationCompat
220003,a3IuY28uY3Uub25iYW5r,scaledAppRotationCompat
220004,dmlkZW9lZGl0b3IudmlkZW9yZWNvcmRlci5zY3JlZW5yZWNvcmRlcg==,scaledAppRotationCompat
220005,Y29tLnNoaW5oYW5pbnZlc3QubnNtdHM=,scaledAppRotationCompat
220006,Y29tLmZhY2Vib29rLnBhZ2VzLmFwcA==,scaledAppRotationCompat
220007,Y29tLnRyYXZlbG9rYS5hbmRyb2lk,scaledAppRotationCompat
220008,Y29tLmNhbGN1bGF0b3IuaGlkZXU=,scaledAppRotationCompat
220009,a3IuY28ub3Blbml0Lm9wZW5yaWRlcg==,scaledAppRotationCompat
220010,Y29tLmN1bHRzb3RyeS55YW5vbGphLm5hdGl2ZWFwcA==,scaledAppRotationCompat
220011,c2Vuc3VzdGVjaC51bml2ZXJzYWwudHYucmVtb3RlLmNvbnRyb2w=,scaledAppRotationCompat
220012,Y29tLmVuY2FyLmVuY2FyTW9iaWxlQXBw,scaledAppRotationCompat
220013,Y29tLmhuc21hbGw=,scaledAppRotationCompat
220014,Y29tLmtvbXNjb2NoYWsubTIuY2xpZW50,scaledAppRotationCompat
220015,a3IuZ28uaHJkLmFwcA==,scaledAppRotationCompat
220016,Y29tLmN1bHR1cmVsYW5kLnZlcjI=,scaledAppRotationCompat
220017,Y29tLmVuY2FyZGlyZWN0LmFwcA==,scaledAppRotationCompat
220018,Y29tLnNrdGVsZWNvbS50ZGVhbA==,scaledAppRotationCompat
220019,Y29tLm5leG9uLm54cGxheQ==,scaledAppRotationCompat
220020,Y29tLmdvcXVhbA==,scaledAppRotationCompat
220021,Y29tLmlzY3JlYW1tZWRpYS5hcHAuaGljbGFzcy5hbmRyb2lk,scaledAppRotationCompat
220022,Y29tLm5obi5hbmRyb2lkLm5hdmVydHY=,scaledAppRotationCompat
220023,Y29tLnN1bW9uZQ==,scaledAppRotationCompat
220024,Y29tLnl5LmhpeW8=,scaledAppRotationCompat
220025,Y29tLm1tbS50cmViZWxtdXNpYw==,scaledAppRotationCompat
220026,Y29tLmhtYWxsYXBw,scaledAppRotationCompat
220027,Y29tLmxvdHRlbWVtYmVycy5hbmRyb2lk,scaledAppRotationCompat
220028,a3IuZ28ua2Vpcy53b3JrbmV0,scaledAppRotationCompat
220029,Y29tLnRpcmN5Y2xlLmhhbGZjbHVi,scaledAppRotationCompat
220030,Y29tLmJpdGdldC5leGNoYW5nZQ==,scaledAppRotationCompat
220031,a3IuZ28uaHJkLmFwcA==,scaledAppRotationCompat
220032,Y29tLmJpenBsYXkuYml6emVyb3BheQ==,scaledAppRotationCompat
220033,Y29tLmxlbW9uLmx2b3ZlcnNlYXM=,scaledAppRotationCompat
220034,Y29tLnBhcnRpY2xlbmV3cy5uZXdzYnJlYWs=,scaledAppRotationCompat
220035,Y29tLnZpZGVvZWRpdG9ycHJvLmFuZHJvaWQ=,scaledAppRotationCompat
220036,Y29tLmR1Ym94LmRyaXZl,scaledAppRotationCompat
220037,Y29tLmFsaWJhYmEuaW50bC5hbmRyb2lkLmFwcHMucG9zZWlkb24=,scaledAppRotationCompat
220038,Y29tLnpoaWxpYW9hcHAubXVzaWNhbGx5Lmdv,scaledAppRotationCompat
220039,Y29tLnRpbmRlcg==,scaledAppRotationCompat
220040,Y29tLnNuYXBjaGF0LmFuZHJvaWQ=,scaledAppRotationCompat
220041,Y29tLmNoYnJlZXplLmppa2Jhbmc0YQ==,scaledAppRotationCompat
220042,Y29tLm5zbW9iaWxlaHVi,scaledAppRotationCompat
220043,a3IuY28uc3BvdHZub3cuYXBw,scaledAppRotationCompat
220045,bmV3LmFwcC5rbXVzaWM=,scaledAppRotationCompat
220046,bmV0LmJ1Y2tldHBsYWNl,scaledAppRotationCompat
220047,Y29tLmtha2FvLnN0b3J5,scaledAppRotationCompat
220048,Y29tLnRoZTI5Y20uYXBwMjljbQ==,scaledAppRotationCompat
220049,a3IuY28uYWxiYS53ZWJhcHBhbGJhLm0=,scaledAppRotationCompat
220050,Y29tLmRicy5rdXJseS5tMg==,scaledAppRotationCompat
220051,Y29tLmNqb3NocHBpbmdwaG9uZQ==,scaledAppRotationCompat
220052,Y29tLmtiaW5zLmtiaW5zdXJl,scaledAppRotationCompat
220053,Y29tLmJnZmN1Lm1lbWJlcnNoaXA=,scaledAppRotationCompat
220054,a3IuY28uc3JhaWwubmV3YXBw,scaledAppRotationCompat
220055,Y29tLndlbWFrZXByaWNl,scaledAppRotationCompat
220056,a3IuY28uc3Nn,scaledAppRotationCompat
220057,Z3NzaG9wLm1vYmlsZS52Mg==,scaledAppRotationCompat
220058,Y29tLmR1bmFtdS5leGNoYW5nZQ==,scaledAppRotationCompat
220059,Y29tLmVtYXJ0LnRvZGF5,scaledAppRotationCompat
220060,a3IuY28uYXpzbWFydC5hcGFydG5lcg==,scaledAppRotationCompat
220061,Y29tLmhhbmFzZWMuc3RvY2s=,scaledAppRotationCompat
220062,Y29tLnBheXRhbGFiLm1rc2VvLnBhc3NvcmRlcg==,scaledAppRotationCompat
220063,Y29tLnJhaW5pc3QuYmFua3NhbGFkMg==,scaledAppRotationCompat
220064,Y29tLmdpb24uYW5kcm9pZC5Hbk1lbW9H,scaledAppRotationCompat
220065,Y29tLmtzY2Muc2N4Yi5tYmw=,scaledAppRotationCompat
220066,Y29tLmtvcmFpbC50YWxr,scaledAppRotationCompat
220067,Y29tLmFsaGl3YXI=,scaledAppRotationCompat
220068,b3JnLmlnZ3ltZWRpYS5wZXJpb2R0cmFja2Vy,scaledAppRotationCompat
220069,Y29tLmJ0LmJtcw==,scaledAppRotationCompat
220070,ZnJlZS50dWJlLnByZW1pdW0uYWR2YW5jZWQudHViZXI=,scaledAppRotationCompat
220071,Y29tLnRlbmNlbnQubW0=,scaledAppRotationCompat
220072,Y29tLnNub3djb3JwLnN0aWNrZXJseS5hbmRyb2lk,scaledAppRotationCompat
220073,a3IuY28ua2ZjYy5tb2JpbGViYW5r,scaledAppRotationCompat
220074,Y29tLm5vLmNvbG9y,scaledAppRotationCompat
220075,Y29tLmJyZWFraW5nbmV3c2JyaWVmLmFwcA==,scaledAppRotationCompat
220076,Y29tLmNhbXNjYW5uZXIuZG9jdW1lbnRzY2FubmVyLnBkZnNjYW5uZXIudGV4dHNjYW5uZXIucGhvdG9zLnNjYW5uZXI=,scaledAppRotationCompat
220077,Y29tLmNycmVwYS5iYW5kLmRhZml0,scaledAppRotationCompat
220078,a2p2LmJpYmxlLmtpbmdqYW1lc2JpYmxl,scaledAppRotationCompat
220079,Y29tLmZhY2Vib29rLnRhbGs=,scaledAppRotationCompat
220080,Y29tLm1tLmFuZHJvaWQuRE1TUw==,scaledAppRotationCompat
220081,Y29tLmxvY2tldC5Mb2NrZXQ=,scaledAppRotationCompat
220082,Y3RyaXAuZW5nbGlzaA==,scaledAppRotationCompat
220083,Y29tLmlsZXZpdC5hbHdheXouYW5kcm9pZA==,scaledAppRotationCompat
220084,Y29tLnRpY2tldG1hc3Rlci5tb2JpbGUuYW5kcm9pZC5uYQ==,scaledAppRotationCompat
220085,Y29tLm1lcmNhcmlhcHAubWVyY2FyaQ==,scaledAppRotationCompat
220086,Y29tLmZveHNwb3J0cy5hbmRyb2lk,scaledAppRotationCompat
220087,Y29tLnZuaWQ=,scaledAppRotationCompat
220088,Y29tLnNub3djb3JwLnZpdGE=,scaledAppRotationCompat
220089,Y29tLm1hcnN2YXJkLnN0aWNrZXJtYWtlcmZvcndoYXRzYXBw,scaledAppRotationCompat
220090,Y29tLmdvcHJvLnNtYXJ0eQ==,scaledAppRotationCompat
220091,Y29tLmV5ZWNvbi5nbG9iYWw=,scaledAppRotationCompat
220092,Y29tLm1lbWVhbmRzdGlja2VyLnRleHRzdGlja2Vy,scaledAppRotationCompat
220093,Y29tLmRvY3VtZW50cmVhZGVyLmRvY3VtZW50YXBwLmZpbGVyZWFkZXI=,scaledAppRotationCompat
220094,Y29tLnNvdXRod2VzdGFpcmxpbmVzLm1vYmlsZQ==,scaledAppRotationCompat
220095,Y29tLmJkLm5wcm9qZWN0,scaledAppRotationCompat
220096,YnIuY29tLmJyYWRlc2NvLmNhcnRvZXM=,scaledAppRotationCompat
220097,Y29tLmphdW1v,scaledAppRotationCompat
220098,Y29tLnNpbWVqaWtleWJvYXJk,scaledAppRotationCompat
220099,ZW50ZXJwcmlzZXMuZGF0aW5nLmJvbw==,scaledAppRotationCompat
220100,Y29tLnRpa2V0LmdpdHM=,scaledAppRotationCompat
220101,cmVtb3RlLmNvbnRyb2wudHYudW5pdmVyc2FsLmZvcmFsbC5yb2t1,scaledAppRotationCompat
220102,Y29tLnRhY29iZWxsLm9yZGVyaW5n,scaledAppRotationCompat
220103,Y29tLmh1YWxhaQ==,scaledAppRotationCompat
220104,Y29tLmZ0YS5yY3RpdHY=,scaledAppRotationCompat
220105,Y29tLnlhaG9vLm1vYmlsZS5jbGllbnQuYW5kcm9pZC55YWhvbw==,scaledAppRotationCompat
220106,Y29tLmloZXJi,scaledAppRotationCompat
220107,Y29tLmJwbHVzLnZ0cGF5,scaledAppRotationCompat
220108,Y29tLmFzdHJvdGFsaw==,scaledAppRotationCompat
220109,Y29tLmRhaWx5bW90aW9uLmRhaWx5bW90aW9u,scaledAppRotationCompat
220110,Y29tLnZpZGFuZ2VsLnRoZWNob3Nlbg==,scaledAppRotationCompat
220111,Y29tLmZpdmVyci5maXZlcnI=,scaledAppRotationCompat
220112,Y29tLm1paG95by5ob3lvbGFi,scaledAppRotationCompat
220113,Y29tLnJvY2tzLm11c2ljLnZpZGVvcGxheWVy,scaledAppRotationCompat
220114,Y29tLmdlLmNhcGl0YWwua29ueXNiaWFwcA==,scaledAppRotationCompat
220115,bWVubG9zZXdlaWdodC5sb3Nld2VpZ2h0YXBwZm9ybWVuLndlaWdodGxvc3Nmb3JtZW4=,scaledAppRotationCompat
220116,Y29tLnljLmdsb3J5Zml0,scaledAppRotationCompat
220117,Y29tLmJsdWVkLmludGVybmF0aW9uYWw=,scaledAppRotationCompat
220118,YmxpYmxpLm1vYmlsZS5jb21tZXJjZQ==,scaledAppRotationCompat
220119,Y29tLndha2V1cC5ob3dlYXI=,scaledAppRotationCompat
220120,Y29tLm1hcnJpb3R0Lm1ydA==,scaledAppRotationCompat
220121,dmlkZW8ucmVmYWNlLmFwcA==,scaledAppRotationCompat
220122,Y29tLnRtb2JpbGUudHVlc2RheXM=,scaledAppRotationCompat
220123,c3VuLndheTJzbXMuaHlkLmNvbQ==,scaledAppRotationCompat
220124,Y29tLmFnbWluc3RydW1lbnRzLmRydW1wYWRtYWNoaW5l,scaledAppRotationCompat
220125,Y29tLmZ1bmNhbWVyYXN0dWRpby52aWRlb21ha2Vy,scaledAppRotationCompat
220126,Y29tLndld2FyZA==,scaledAppRotationCompat
220127,Y29tLmlzaGFyaW5nLmlzaGFyaW5n,scaledAppRotationCompat
220128,Y29tLmhlbGxvZnJlc2guYW5kcm9pZGFwcA==,scaledAppRotationCompat
220129,Y29tLnRtb2J0ZWNoLmhhbGtiYW5r,scaledAppRotationCompat
220130,Y29tLmNpZGVy,scaledAppRotationCompat
220131,Y29tLmRpdnVtLk1vbmV5Q29udHJvbA==,scaledAppRotationCompat
220132,Y29tLmFwcHN3aW5nLnFyLmJhcmNvZGVzY2FubmVyLmJhcmNvZGVyZWFkZXI=,scaledAppRotationCompat
220133,Y29tLmltby5hbmRyb2lkLmltb2ltaGQ=,scaledAppRotationCompat
220134,Y29tLmFpcmFzaWEubW9iaWxl,scaledAppRotationCompat
220135,Y29tLnVyYmFuY2xhcC51cmJhbmNsYXA=,scaledAppRotationCompat
220136,Y24uY29tLmd6YmFuay5tYmFuaw==,scaledAppRotationCompat
220137,Y29tLmJlbnF1Lnd1dGE=,scaledAppRotationCompat
220138,Y29tLnB1aHVpLmh5ag==,scaledAppRotationCompat
220139,Y29tLnlpdG9uZy5tYmFuay5wc2Jj,scaledAppRotationCompat
220140,Y29tLnNnY2Mud3Nndy5jbg==,scaledAppRotationCompat
220141,ZW5mYy5tZXRybw==,scaledAppRotationCompat
220142,cnUudHV0dS50dXR1X2VtcA==,scaledAppRotationCompat
220143,Y29tLnp6dy5vY3RvYmVy,scaledAppRotationCompat
220144,Y29tLmRyZWFtZS5zbWFydGxpZmU=,scaledAppRotationCompat
220145,Y29tLm5heGNsb3cudjcyMA==,scaledAppRotationCompat
220146,Y29tLnNob3dzdGFydGZhbnMuYWN0aXZpdHk=,scaledAppRotationCompat
220147,cnUucmFpZmZlaXNlbm5ld3M=,scaledAppRotationCompat
220148,Y29tLnVuYWNhZGVteWFwcA==,scaledAppRotationCompat
220149,Y24ubWlzc2V2YW4=,scaledAppRotationCompat
220150,Y29tLnBsYXQuc3doeWR5ai5hbmRyb2lkLlNoZW5XYW5Ib25nWXVhblNlY3VyaXR5,scaledAppRotationCompat
220151,Y29tLnlpdG9uZy5jZC5tYmFuay5hbmRyb2lk,scaledAppRotationCompat
220152,Y29tLmNzYW0uaWNpY2kuYmFuay5pbW9iaWxl,scaledAppRotationCompat
220153,Y29tLnR5cGljYWxseS5waWFuby5zZW5zZQ==,scaledAppRotationCompat
220154,bGl2ZS5jaXR5bWFsbC5jdXN0b21lci5wcm9k,scaledAppRotationCompat
220155,S2FtYS5LYXNraW1pLkdS,scaledAppRotationCompat
220156,Y29tLnNoZW5zdS5qbWI=,scaledAppRotationCompat
220157,Y29tLmJzYnBvcnRhbC5tdXNpYw==,scaledAppRotationCompat
220158,Y29tLmZsaXBrYXJ0LmFuZHJvaWQ=,scaledAppRotationCompat
220159,Y29tLndhbmJhbmdhdXRvLmNoYXJnZXBpbGU=,scaledAppRotationCompat
220160,Y29tLndpc2VudHNvZnQuY2hpbmFwb3N0LmFuZHJvaWQ=,scaledAppRotationCompat
220161,Y29tLmVkYWRlYWwuYW5kcm9pZA==,scaledAppRotationCompat
220162,Y29tLnByb2dyYW1taXN0eS5lbWlhc2FwcA==,scaledAppRotationCompat
220163,Y29tLmthemFuZXhwcmVzcy5rZV9hcHA=,scaledAppRotationCompat
220164,cnUuc3RhcmxpbmV4LmFwcA==,scaledAppRotationCompat
220165,Y29tLmFwdGVrYS5za2xhZA==,scaledAppRotationCompat
220166,cnUubGV0b2JhbmsuUHJvbWV0aGV1cw==,scaledAppRotationCompat
220167,cnUua2FyaS5hbmRyb2lk,scaledAppRotationCompat
220168,Y29tLnZlcmlzdXJlLnNlY3VyaXRhc2RpcmVjdC5vd2E=,scaledAppRotationCompat
220169,cnUub3RwYmFuay5tb2JpbGU=,scaledAppRotationCompat
220170,Y29tLmR1b2R1by5jaGlsZC5zdG9yeQ==,scaledAppRotationCompat
220171,Y29tLnlpdG9uZy5mam54Lm1iYW5rLmFuZHJvaWQ=,scaledAppRotationCompat
220172,Y29tLndlbW9tb3RlbWVudA==,scaledAppRotationCompat
220173,c29nb3UubW9iaWxlLmV4cGxvcmVy,scaledAppRotationCompat
220174,Y24uY29tLmh6Yi5tb2JpbGViYW5rLnBlcg==,scaledAppRotationCompat
220175,Y29tLnN1bmFvLnFtLnFtX2FuZHJvaWQ=,scaledAppRotationCompat
220176,Y29tLnRhaWthbmcudGFpbGlmZQ==,scaledAppRotationCompat
220177,Y29tLm54eS5tb2JpbGViYW5rLmd4,scaledAppRotationCompat
220178,Y29tLnNpbmEubWFpbC5mcmVl,scaledAppRotationCompat
220179,Y29tLnlhbmRleC5zaGVkZXZydXM=,scaledAppRotationCompat
220180,cnUuYnVyZ2Vya2luZw==,scaledAppRotationCompat
220181,Y29tLnlpbmhhaS5zeUFQUA==,scaledAppRotationCompat
220182,Y29tLmtkZGkucGFzcy5sYXVuY2hlcg==,scaledAppRotationCompat
220183,Y29tLnlpYmFuLmFwcA==,scaledAppRotationCompat
220184,bmV0Lmh0anMubW9iaWxlLmhuc3c=,scaledAppRotationCompat
220185,cnUucGVyZWtyZXN0b2suYXBw,scaledAppRotationCompat
220186,Y29tLnNzLmFuZHJvaWQuYXJ0aWNsZS52aWRlbw==,scaledAppRotationCompat
220187,Y29tLmp1cWl0ZWNoLm5pdW1vd2FuZw==,scaledAppRotationCompat
220188,Y29tLmRlbGl2ZXJ5Y2x1Yg==,scaledAppRotationCompat
220189,cnUuc3VubGlnaHQuc3VubGlnaHQ=,scaledAppRotationCompat
220190,Y29tLmNoYW96aC5pUmVhZGVyLmRqLnNwZWVk,scaledAppRotationCompat
220191,Y29tLmFwZWdyb3VwLm1jZG9uYWxkc3J1c3NpYQ==,scaledAppRotationCompat
220192,Y29tLmF0YWF3LnRpYW55aQ==,scaledAppRotationCompat
220193,Y29tLmhzYmFuay5tb2JpbGViYW5r,scaledAppRotationCompat
220194,cnUudmt1c3ZpbGw=,scaledAppRotationCompat
220195,Y29tLnN1cC5hbmRyb2lkLnN1cGVyYg==,scaledAppRotationCompat
220196,Y29tLm1vYmlsZS5teWV5ZQ==,scaledAppRotationCompat
220197,Y3NpaS5jb20ucW55,scaledAppRotationCompat
220198,Y29tLnl1bWMucGhzdXBlcmFwcA==,scaledAppRotationCompat
220199,Y29tLnhpYW9lLmNsaWVudA==,scaledAppRotationCompat
220200,Y29tLmRtLm1ldHJv,scaledAppRotationCompat
220201,Y29tLm1paG95by5oeXBlcmlvbg==,scaledAppRotationCompat
220202,Y29tLmR1b3dhbi5raXdp,scaledAppRotationCompat
220203,Y24uZ292LmNoaW5hdGF4LmppYW5nc3UuZXRheC5hcHA=,scaledAppRotationCompat
220204,Y29tLnFpeWkudmlkZW8ubGl0ZQ==,scaledAppRotationCompat
220205,anAuY28ucmFrdXRlbi5hbmRyb2lk,scaledAppRotationCompat
220206,Y29tLmRpc25leS5zaGFuZ2hhaWRpc25leWxhbmRfZ29v,scaledAppRotationCompat
220207,aW4uZ292LnVpZGFpLm1BYWRoYWFyUGx1cw==,scaledAppRotationCompat
220208,Y29tLmRhbmdkYW5nLmJ1eTI=,scaledAppRotationCompat
220209,Y29tLnRlbmNlbnQubWFw,scaledAppRotationCompat
220210,Y21jY3dtLm1vYmlsZW11c2lj,scaledAppRotationCompat
220211,Y29tLmJqZXRjLm1vYmlsZQ==,scaledAppRotationCompat
220212,cnUuZ2V0cGhhcm1hLmVhcHRla2E=,scaledAppRotationCompat
220213,Y29tLm1laXR1YW4ucmV0YWlsLnYuYW5kcm9pZA==,scaledAppRotationCompat
220214,Y29tLnNhZmV3YXkuY2xpZW50LmFuZHJvaWQuYWxiZXJ0c29ucw==,scaledAppRotationCompat
220215,Y29tLnRhb2Jhby5saXZl,scaledAppRotationCompat
220216,Y29tLmt1Z291LmFuZHJvaWQubGl0ZQ==,scaledAppRotationCompat
220217,Y29tLmppdXd1,scaledAppRotationCompat
220218,Y29tLnNzcG9ydHMubW9iaWxlLnZpZGVv,scaledAppRotationCompat
220219,Y29tLmNoaW5hcmFpbmJvdy50ZnQ=,scaledAppRotationCompat
220220,Y29tLnFkdGV2Yy50ZWxkLmFwcA==,scaledAppRotationCompat
220221,Y29tLmxlaXN1LnNwb3J0cw==,scaledAppRotationCompat
220222,Y29tLmNhdC5yZWFkYWxs,scaledAppRotationCompat
220223,Y29tLmxhcnVzLm5vdmE=,scaledAppRotationCompat
220224,Y29tLmpkLmpkbGl0ZQ==,scaledAppRotationCompat
220225,Y29tLmljYmMuZWxpZmU=,scaledAppRotationCompat
220226,Y29tLnRlbmNlbnQuZ2FtZWhlbHBlci5zbW9iYQ==,scaledAppRotationCompat
220227,Y29tLmNjYi5sZXll,scaledAppRotationCompat
220228,Y29tLmxwaHRzY2NmdA==,scaledAppRotationCompat
220229,Y29tLnRhb2Jhby5saXRldGFv,scaledAppRotationCompat
220230,Y29tLm1tLmFuZHJvaWQubGM=,scaledAppRotationCompat
220231,Y29tLnd1ZGFva291LmhpcHBv,scaledAppRotationCompat
220232,Y29tLmFrLnRhLmRpdnlhLmJoYXNrYXIuYWN0aXZpdHk=,scaledAppRotationCompat
220233,Y29tLnBvc2hhbnRyYWNrZXI=,scaledAppRotationCompat
220234,Y29tLmFwcC5zbXl0dGVu,scaledAppRotationCompat
220235,Y29tLnplZTUuaGlwaQ==,scaledAppRotationCompat
220236,YnIuY29tLnJpYWNodWVsbw==,scaledAppRotationCompat
220237,YnIuY29tLmxpdmVsby5hcHA=,scaledAppRotationCompat
220238,Y29tLmFubUZsb3c=,scaledAppRotationCompat
220239,Y29tLm1lcmNhZG9lbnZpb3MuY3Jvd2Rzb3VyY2luZw==,scaledAppRotationCompat
220240,YnIuY29tLmJiLmFuZHJvaWQ=,scaledAppRotationCompat
220241,Y29tLngyZXJhLnhjbG91ZC5hcHA=,scaledAppRotationCompat
220242,Y24udW5pcHVzLnVjYW1wdXMuc3R1ZGVudA==,scaledAppRotationCompat
220243,Y29tLnNlZXlvbi5jbXA=,scaledAppRotationCompat
220244,Y29tLnNhbmt1YWkubW92aWVwcm8=,scaledAppRotationCompat
220245,Y29tLmFuZHJvaWQuY2xvY2suc2Q=,scaledAppRotationCompat
220246,Y29tLmpkLmpkbG9naXN0aWM=,scaledAppRotationCompat
220247,Y29tLmN6Yi5jaGFyZ2U=,scaledAppRotationCompat
220248,Y29tLnhtLmNzZWU=,scaledAppRotationCompat
220249,Y29tLnRkY20udHJ1ZWlkYXBw,scaledAppRotationCompat
220250,Y29tLnRlbmNlbnQudHYucWll,scaledAppRotationCompat
220251,Y2RlcmcuY29jYy5jb2NjX2NkaWRz,scaledAppRotationCompat
220252,Y29tLmNzaWkuYmoudWk=,scaledAppRotationCompat
220253,Y29tLnBzYmMueW91ZW50ZXJwcmlzZQ==,scaledAppRotationCompat
220254,Y29tLmNoYW5nYW4uc2NybQ==,scaledAppRotationCompat
220255,Y29tLmhhbndlYi5hbmRyb2lkLmhlYmVpamlzaGliYW4uYWN0aXZpdHk=,scaledAppRotationCompat
220256,Y29tLmljaWNpYmFuay5pYml6eg==,scaledAppRotationCompat
220257,Y29tLmV2YW1hbGwuZXZhY3VzdG9tZXI=,scaledAppRotationCompat
220258,anAuY28ueWFob28uYW5kcm9pZC55anRvcA==,scaledAppRotationCompat
220259,Y29tLmNhc3R0b3R2LnNjcmVlbm1pcnJvcmluZy5zbWFydHR2LmNhc3R2aWRlbw==,scaledAppRotationCompat
220260,YWkubXlidWRkeS50YWxraW5nZmxhc2hjYXJkcw==,scaledAppRotationCompat
220261,Y29tLnlhbmRleC5iYW5r,scaledAppRotationCompat
220262,b2N0b2hpZGUudnBu,scaledAppRotationCompat
220263,Y29tLm1pcmFlYXNzZXQudHJhZGU=,scaledAppRotationCompat
220264,cnUuZm9vZGZveC5jbGllbnQ=,scaledAppRotationCompat
220265,cnUucHlhdGVyb2Noa2EuYXBwLmJyb3dzZXI=,scaledAppRotationCompat
220266,cnUuc2Jjcy5zdG9yZQ==,scaledAppRotationCompat
220267,cnUuaW5zdGFtYXJ0,scaledAppRotationCompat
220268,cnUubWVnYW1hcmtldC5tYXJrZXRwbGFjZQ==,scaledAppRotationCompat
220269,aXQuYnVyZ2Vya2luZy5hbmRyb2lk,scaledAppRotationCompat
220270,Y29tLmVuaS5lbmlnYXNlbHVjZQ==,scaledAppRotationCompat
220271,aXQuZXVyb3NwaW4ubW9iaWxlYXBw,scaledAppRotationCompat
220272,Y29tLmJlZXdlZWIuZmluZG9tZXN0aWM=,scaledAppRotationCompat
220273,aXQuaXdpa2lwaG9uZS5wb3J0YWxlYXV0b21vYmlsaXN0YTI=,scaledAppRotationCompat
220274,aXQuaXRhbGlhb25saW5lLm1haWw=,scaledAppRotationCompat
220275,Y29tLlVuaXBvbFNhaUFwcA==,scaledAppRotationCompat
220276,Y29tLnh1bm1lbmcucGluZHVvZHVv,scaledAppRotationCompat
220278,Z29sZGFwcGxlLnJ1LmdvbGRhcHBsZS5jdXN0b21lcnM=,scaledAppRotationCompat
220279,Y29tLm5ldGVhc2UuY2xvdWRtdXNpYw==,scaledAppRotationCompat
220280,Y29tLmRpZGkub2ls,scaledAppRotationCompat
220281,YnIuY29tLm1ldXR1ZG8=,scaledAppRotationCompat
220282,dHYucGx1dG8uYW5kcm9pZA==,scaledAppRotationCompat
220283,YnIuY29tLmJyYWlud2ViLmlmb29k,scaledAppRotationCompat
220284,Y29tLmNzaWkuZ3VpemhvdQ==,scaledAppRotationCompat
220285,Y29tLmtzLmthaXNodXN0b3J5,scaledAppRotationCompat
220286,Y29tLmNhcmVhdGUucXlp,scaledAppRotationCompat
220287,Y29tLmhhbndlYi5hbmRyb2lkLmpzendmdy5hY3Rpdml0eQ==,scaledAppRotationCompat
220288,Y29tLmR1ZHUuY2FsZW5kYXI=,scaledAppRotationCompat
220289,Y29tLmNoaW5hc29mdGkuc2hhbmdoYWlodWF0ZW5nLm1ldHJvYXBw,scaledAppRotationCompat
220290,Y29tLmJ3MzAuenNjaA==,scaledAppRotationCompat
220291,Y29tLnBzeW9uZS5icmFpbm11c2lj,scaledAppRotationCompat
220292,Y29tLmZvcmQuZm9yZHBhc3Njbg==,scaledAppRotationCompat
220293,Y29tLmNjaWMuYnJvcw==,scaledAppRotationCompat
220294,Y29tLnFpbmxpbi5lZG9vcg==,scaledAppRotationCompat
220295,Y29tLnlvdXhpYW5nLnNveW91bmdhcHA=,scaledAppRotationCompat
220296,Y29tLmNtYmMuY2MubWJhbms=,scaledAppRotationCompat
220297,Y29tLmJhaWR1LnlvdWF2aWRlbw==,scaledAppRotationCompat
220298,Y24uY29tLnNwZGIubW9iaWxlYmFuay5wZXI=,scaledAppRotationCompat
220299,Y29tLmh1cHUuc2hpaHVv,scaledAppRotationCompat
220300,cnUudGFuZGVyLm1hZ25pdA==,scaledAppRotationCompat
220301,Y29tLnVtZXRyaXAuYW5kcm9pZC5tc2t5LmFwcA==,scaledAppRotationCompat
220302,Y29tLnlheWEuem9uZQ==,scaledAppRotationCompat
220303,Y29tLmhhbndlYi5hbmRyb2lkLnNkendmdy5hY3Rpdml0eQ==,scaledAppRotationCompat
220304,Y29tLmR1ZHUuY29tcGFzcw==,scaledAppRotationCompat
220305,Y29tLnhieHhoei5ib3g=,scaledAppRotationCompat
220306,Y29tLnRoZXN0b3JlLm1haW4=,scaledAppRotationCompat
220307,Y29tLndvbmRlcnNncm91cC53aHM=,scaledAppRotationCompat
220308,Y29tLnRlbmNlbnQucXFwaW55aW4=,scaledAppRotationCompat
220309,Y29tLnd1YmEuemh1YW56aHVhbg==,scaledAppRotationCompat
220310,Y29tLnBpbmdhbi5jYXJvd25lcg==,scaledAppRotationCompat
220311,Y29tLmJvb2tpbmc=,scaledAppRotationCompat
220312,Y29tLmF1dG9ob21lLnVzZWRjYXI=,scaledAppRotationCompat
220313,Y29tLmJhaWR1Lm5ldGRpc2suc2Ftc3VuZw==,scaledAppRotationCompat
220314,Y29tLmNhaW5pYW8ud2lyZWxlc3M=,scaledAppRotationCompat
220315,Y29tLmJhaWR1Lmhhb2thbg==,scaledAppRotationCompat
220316,Y29tLnNob3VqaWR1b2R1by5yaW5ndG9uZQ==,scaledAppRotationCompat
220317,Y29tLnNnY2MuZXZzLmVjaGFyZ2U=,scaledAppRotationCompat
220318,Y29tLnRlbmNlbnQucXQucXRs,scaledAppRotationCompat
220319,Y29tLnN1bmluZy5tb2JpbGUuZWJ1eQ==,scaledAppRotationCompat
220320,Y29tLnRlbmNlbnQua2FyYW9rZQ==,scaledAppRotationCompat
220321,Y29tLnFpaG9vLmxvYW4=,scaledAppRotationCompat
220322,Y29tLnVuaW9ucGF5,scaledAppRotationCompat
220323,Y29tLmFuZHJvaWQuYmFua2FiYw==,scaledAppRotationCompat
220324,Y29tLnRlbmNlbnQubXR0,scaledAppRotationCompat
220325,Y29tLmJhaWR1LnNlYXJjaGJveC5saXRl,scaledAppRotationCompat
220326,Y29tLmRlbGl2ZXJvby5vcmRlcmFwcA==,scaledAppRotationCompat
220327,YWUuYnJhbmRzZm9ybGVzcy5hbmRyb2lk,scaledAppRotationCompat
220328,Y29tLmxhbmRtYXJrZ3JvdXAuc3BsYXNoZmFzaGlvbnM=,scaledAppRotationCompat
220329,Y29tLmNoaWMucG9pbnQ=,scaledAppRotationCompat
220330,Y29tLmxhbmRtYXJrZ3JvdXAuaG9tZWJveHN0b3Jlcw==,scaledAppRotationCompat
220331,Y29tLnJ0YS5zdWhhaWw=,scaledAppRotationCompat
220332,Y29tLkV0aXNhbGF0LkVUSURB,scaledAppRotationCompat
220333,ZGUud29ybGRpZXR5LmNld2UucG9zdGNhcmQ=,scaledAppRotationCompat
220334,bmV0LmdvY2hhdC5hcHA=,scaledAppRotationCompat
220335,Y29tLmRkLmRvb3JkYXNo,scaledAppRotationCompat
220336,Y29tLnByYWdvbmF1dHMubm90aW5v,scaledAppRotationCompat
220337,cnUuZG9tY2xpY2subW9ydGdhZ2U=,scaledAppRotationCompat
220338,Y29tLm9wZW5iYW5r,scaledAppRotationCompat
220339,Y29tLmNvZG9vbi5ncHM=,scaledAppRotationCompat
220340,Y29tLnRhb3UubWFpbWFp,scaledAppRotationCompat
220341,Y29tLmFzcHV0LnlvdXR1c2hvcA==,scaledAppRotationCompat
220342,Y29tLmZpdmVzdGFycy5jYWZldnBu,scaledAppRotationCompat
220343,cnUudGVsZTIubXl0ZWxlMg==,scaledAppRotationCompat
220344,cnUuYmVzdHByaWNlLmZpeHByaWNl,scaledAppRotationCompat
220345,Y29tLmFmZmluaXR5YXBwcy5ibGs=,scaledAppRotationCompat
220346,Y24uY29tLm54eS5tYmFuay5oYg==,scaledAppRotationCompat
220347,Y29tLnZpcHNob3AubWFsbC5zZw==,scaledAppRotationCompat
220348,Y24uY29tLm54eS5tYmFuay5zaGFueGk=,scaledAppRotationCompat
220349,Y29tLmR1eGlhb21hbi51bW9uZXk=,scaledAppRotationCompat
220350,Y29tLnllay5hbmRyb2lkLmtmYy5hY3Rpdml0eXM=,scaledAppRotationCompat
220351,Y29tLnBhaWMueWwuaGVhbHRo,scaledAppRotationCompat
220352,Y29tLmx1bmEubXVzaWM=,scaledAppRotationCompat
220353,Y29tLnZnanVtcC5qdW1w,scaledAppRotationCompat
220354,Y29tLnNlZWJhYnk=,scaledAppRotationCompat
220355,Y29tLndlYmFuay5jZmE=,scaledAppRotationCompat
220356,Y29tLnNocmsuY29sb3JjYWxjdWxhdG9y,scaledAppRotationCompat
220357,Y29tLnlvdWxvZnQuaWNsb3Nlcg==,scaledAppRotationCompat
220358,Y29tLnN2dy5zYy5tb3M=,scaledAppRotationCompat
220359,Y24uY29tLm54eS5tYmFuay5uZWltZW5n,scaledAppRotationCompat
220360,Y29tLnNpbmEud2VpYm8=,scaledAppRotationCompat
220361,Y29tLmRpYW5waW5nLnYx,scaledAppRotationCompat
220362,Y29tLmN0LmNsaWVudA==,scaledAppRotationCompat
220363,Y29tLmxzbHl5LnptZGlhcnk=,scaledAppRotationCompat
220364,Y29tLnRlbmNlbnQud2Vpc2hp,scaledAppRotationCompat
220365,Y29tLmdzeC50aWt1,scaledAppRotationCompat
220366,Y29tLnBpbmdhbi5saWZlY2lyY2xl,scaledAppRotationCompat
220367,Y29tLmFocmN1Lm1vYmlsZWJhbms=,scaledAppRotationCompat
220368,Y29tLmltYXNzYmFuay5sb2Fu,scaledAppRotationCompat
220369,Y29tLmJ1aWNr,scaledAppRotationCompat
220370,Y24uY29tLmxpdmVsYWI=,scaledAppRotationCompat
220371,Y24uY29tLmJqbnMubWJhbms=,scaledAppRotationCompat
220372,Y29tLmJhbmtjb21tLm1haWRhbmJh,scaledAppRotationCompat
220373,Y29tLmFuanVrZS5hbmRyb2lkLmFwcA==,scaledAppRotationCompat
220374,Y29tLmJhaWR1Lnhpbi5haXFpY2hh,scaledAppRotationCompat
220375,Y29tLnNoYW5naGFpb25zdGFy,scaledAppRotationCompat
220376,Y29tLm1haWR1LmdrbGQ=,scaledAppRotationCompat
220377,Y24ueGlhb2NodWFua2VqaS50aWViYQ==,scaledAppRotationCompat
220378,Y29tLnRlbmNlbnQudGlt,scaledAppRotationCompat
220379,Y29tLnNhbmt1YWkueW91eHVhbg==,scaledAppRotationCompat
220380,Y29tLnNlZXdvLmVu,scaledAppRotationCompat
220381,Y29tLnplZWtybGlmZS5tb2JpbGU=,scaledAppRotationCompat
220382,Y24uaXNoYW5zb25n,scaledAppRotationCompat
220383,Y29tLnRhbnRhbi54,scaledAppRotationCompat
220384,Y29tLmRzbS5zZWNvbmRsb2Nr,scaledAppRotationCompat
220385,Y29tLmFjaGlldm8udmlwc2hvcA==,scaledAppRotationCompat
220386,Y29tLmJhaWR1LnRpZWJh,scaledAppRotationCompat
220387,Y29tLmh1bmFudHYuaW1nby5zYW1zdW5n,scaledAppRotationCompat
220388,Y29tLmpvYi5hbmRyb2lk,scaledAppRotationCompat
220389,Y29tLnlpY2hlLmF1dG9lYXN5,scaledAppRotationCompat
220390,cnUuZmlsaXQubXZpZGVvLmIyYw==,scaledAppRotationCompat
220391,cnUuZGV0bWlyLmRtYm9udXM=,scaledAppRotationCompat
220392,Y29tLmZhY2Vib29rLmthdGFuYQ==,scaledAppRotationCompat
220393,Y29tLnRob21zb25yZXV0ZXJzLnJldXRlcnM=,scaledAppRotationCompat
220394,Y29tLnRyZW5keW9sLm1pbGxhLmFuZHJvaWQ=,scaledAppRotationCompat
220395,Y29tLmhrZnVsaWFvLmNoYW1ldA==,scaledAppRotationCompat
220396,Y29tLmJsb2NrY2hhaW52YXVsdA==,scaledAppRotationCompat
220397,Y28uYmVueC53ZXZlcnNl,scaledAppRotationCompat
220398,Y29tLnlhbmRleC5zZWFyY2hhcHA=,scaledAppRotationCompat
220399,Y29tLm11c2ljcGxheWVyLnBsYXllcm11c2lj,scaledAppRotationCompat
220400,Y29tLmJpdHNtZWRpYS5hbmRyb2lkLm11c2xpbXBybw==,scaledAppRotationCompat
220401,a3IucmFwcG9ydGxhYnMuZGFtb2E=,scaledAppRotationCompat
220402,a3IuY28uaHBvaW50LmhkZ20=,scaledAppRotationCompat
220403,Y29tLmVkaXRvci52aWRlby5waG90b3NsaWRlc2hvdy52aWRlb21ha2Vy,scaledAppRotationCompat
220404,Y29tLmV4Y2Vhbi5wYXJhbGxlbHNwYWNl,scaledAppRotationCompat
220405,Y29tLnFpeWkudmlkZW8=,scaledAppRotationCompat
220406,Y29tLm5ldGVhc2UuZ2w=,scaledAppRotationCompat
220407,Y29tLnZ5b3UudmNhbWVyYWNsaWVudA==,scaledAppRotationCompat
220408,Y29tLmppdXl1LnNwdGNjLmNvcmRvdmE=,scaledAppRotationCompat
220409,Y29tLnhnaW1pLnpodXNob3U=,scaledAppRotationCompat
220410,Y29tLmFsaWJhYmEuYWxpeXVu,scaledAppRotationCompat
220411,Y29tLnBob3Rvc2kuYW5kcm9pZC5wcmludHVw,scaledAppRotationCompat
220412,aXQuc2VwaG9yYS5zZXBob3JhaXRhbHk=,scaledAppRotationCompat
220413,cnUuaG9tZWNyZWRpdC5teWNyZWRpdA==,scaledAppRotationCompat
220414,Y29tLmxtci5sZm0=,scaledAppRotationCompat
220415,Y29tLnNzLmFuZHJvaWQuYXJ0aWNsZS5saXRl,scaledAppRotationCompat
220416,Y29tLmFyYXNoaXZpc2lvbi5pbnN0YTM2MGFraWtv,scaledAppRotationCompat
220417,aXQuY29wZXJnbXBzLnJ0LnBmLmFuZHJvaWQuc3AuYm1wcw==,scaledAppRotationCompat
220418,YnIuY29tLnJpYWNodWVsby5hcHA=,scaledAppRotationCompat
220419,cnUubGVudGEubGVudG9jaGth,scaledAppRotationCompat
220420,Y29tLmNyZWRpdGNhcmQub25lY2FyZA==,scaledAppRotationCompat
220421,Y29tLmNlcnZlY2VyaWFtb2RlbG8ubW9kZWxvbm93,scaledAppRotationCompat
220423,Y29tLnNuZGEud2lmaWxvY2F0aW5n,scaledAppRotationCompat
230001,Y29tLnNlYy5hbmRyb2lkLmFwcC5jYW1lcmE=,ignoreAppRotationDisabled
230002,Y29tLnNhbXN1bmcuYW5kcm9pZC5nbG9iYWxyb2FtaW5n,ignoreAppRotationDisabled
230003,Y29tLnNhbXN1bmcuYW5kcm9pZC5hcHAud2F0Y2htYW5hZ2Vy,ignoreAppRotationDisabled
230004,Y29tLmphc29ubWcubWFya2V0MDk=,ignoreAppRotationDisabled
230005,dmlkZW9lZGl0b3IudmlkZW9yZWNvcmRlci5zY3JlZW5yZWNvcmRlcg==,ignoreAppRotationDisabled
230006,Y29tLnNlYy5hbmRyb2lkLmdhbGxlcnkzZA==,ignoreAppRotationDisabled
230007,ZS5ib29rcy5yZWFkaW5nLmFwcHM=,ignoreAppRotationDisabled
230008,Y29tLm5nbHJlYWN0bmF0aXZl,ignoreAppRotationDisabled
230009,Y29tLmdyaW5kcmFwcC5hbmRyb2lk,ignoreAppRotationDisabled
230010,Y29tLmluc3RhZ3JhbS5hbmRyb2lk,ignoreAppRotationDisabled
230011,Y29tLmluc3RhZ3JhbS5saXRl,ignoreAppRotationDisabled
230012,Y29tLmZveHNwb3J0cy5hbmRyb2lk,ignoreAppRotationDisabled
230013,Y29tLnNnaWdnbGUucHJvZHVjdGlvbg==,ignoreAppRotationDisabled
230014,Y24ueGVuZGVy,ignoreAppRotationDisabled
230015,Y29tLnNob3BlZS5pZA==,ignoreAppRotationDisabled
230016,Y29tLmxpbmVjb3JwLmI2MTIuYW5kcm9pZA==,ignoreAppRotationDisabled
230017,Y29tLmNhbXBtb2JpbGUuc25vdw==,ignoreAppRotationDisabled
230018,Y29tLm1tLmFuZHJvaWQuRE1TUw==,ignoreAppRotationDisabled
230019,Y29tLmFudGl2aXJ1cw==,ignoreAppRotationDisabled
230020,Y24ueGlhb2Zlbmdrai5maXRwcm8=,ignoreAppRotationDisabled
230021,Y29tLm1hY3JvdmlkZW8udjM4MHBybw==,ignoreAppRotationDisabled
230022,Y29tLnhpYW9taS53ZWFyYWJsZQ==,ignoreAppRotationDisabled
230023,Y29tLmZhY2Vib29rLnRhbGs=,ignoreAppRotationDisabled
230024,Y29tLmxpdmUuc291bGNoaWxs,ignoreAppRotationDisabled
230025,Y29tLnF1dmlkZW8ueGlhb3lpbmc=,ignoreAppRotationDisabled
230026,c2cub21p,ignoreAppRotationDisabled
230027,Y29tLmFmZmlybS5jZW50cmFs,ignoreAppRotationDisabled
230028,Y29tLm1pY3Jvc29mdC5iaW5n,ignoreAppRotationDisabled
230029,Y29tLndlaWV5dS55YWxsYQ==,ignoreAppRotationDisabled
230030,Y29tLmNhbWJ5dGUub2tlbnNjYW4=,ignoreAppRotationDisabled
230031,dGguY28udHJ1ZW1vbmV5LndhbGxldA==,ignoreAppRotationDisabled
230032,Y29tLnhtLmNzZWU=,ignoreAppRotationDisabled
230033,Y29tLmlyb2JvdC5ob21l,ignoreAppRotationDisabled
230034,Y29tLm1lZXR5b3UuaW50bA==,ignoreAppRotationDisabled
230035,Y29tLmJvdGljYXJpby5tb2JpbGU=,ignoreAppRotationDisabled
230036,Y29tLm9mZmljZWRvY3VtZW50LndvcmQuZG9jeC5kb2N1bWVudC52aWV3ZXI=,ignoreAppRotationDisabled
230037,Y29tLmJwbHVzLnZ0cGF5,ignoreAppRotationDisabled
230038,dmlkZW9lZGl0b3IudmlkZW9tYWtlci52aWRlb2VkaXRvcmZvcnlvdXR1YmU=,ignoreAppRotationDisabled
230039,Y29tLmRhaWx5bW90aW9uLmRhaWx5bW90aW9u,ignoreAppRotationDisabled
230040,Y29tLndlbmR5cy5udXRyaXRpb250b29s,ignoreAppRotationDisabled
230041,YmxpYmxpLm1vYmlsZS5jb21tZXJjZQ==,ignoreAppRotationDisabled
230042,Y29tLnNvbnkuc29uZ3BhbC5tZHI=,ignoreAppRotationDisabled
230043,ZGUudGVsbG9ueW0uYXBw,ignoreAppRotationDisabled
230044,Y29tLm1lcmt1cnlpbm5vdmF0aW9ucy5nZWVuaQ==,ignoreAppRotationDisabled
230045,dml2aW5vLndlYi5hcHA=,ignoreAppRotationDisabled
230046,Y29tLmRpYW55dW4uY2hpa2lp,ignoreAppRotationDisabled
230047,aW5zdGFzYXZlci52aWRlb2Rvd25sb2FkZXIucGhvdG9kb3dubG9hZGVyLnJlcG9zdA==,ignoreAppRotationDisabled
230048,Y29tLmV4Y2Vhbi5wYXJhbGxlbHNwYWNl,ignoreAppRotationDisabled
230049,Y29tLmNpZGVy,ignoreAppRotationDisabled
230050,Y29tLmNhcmRmZWVkLnZpZGVvX3B1YmxpYw==,ignoreAppRotationDisabled
230051,Y29tLnBsYW5ldGZpdG5lc3M=,ignoreAppRotationDisabled
230052,Y29tLmZhbG9vLkJvb2tSZWFkZXI0QW5kcm9pZA==,ignoreAppRotationDisabled
230053,Y29tLmFyc2hpdmlzaGFuLmluc3RhMzYwYWtpa28=,ignoreAppRotationDisabled
230054,ZW4ubGVudGEubGVudG9jaGth,ignoreAppRotationDisabled
230055,Y24uYW1hem9uLm1TaG9wLmFuZHJvaWQ=,ignoreAppRotationDisabled
230056,Y29tLmxpYW5qaWEuYmVpa2U=,ignoreAppRotationDisabled
230057,Y29tLmJhaWR1Lmhhb2thbg==,ignoreAppRotationDisabled
230058,Y29tLmNoYXRpdW0uYXBw,ignoreAppRotationDisabled
230059,cnUuYXB0ZWth,ignoreAppRotationDisabled
230060,dHYucGx1dG8uYW5kcm9pZA==,ignoreAppRotationDisabled
230062,Y29tLnh1bmxlaS5kb3dubG9hZHByb3ZpZGVy,ignoreAppRotationDisabled
230063,YnIuY29tLmNyZWRpdGFzLm1vYmlsZQ==,ignoreAppRotationDisabled
230064,Y24uZGFtYWk=,ignoreAppRotationDisabled
230065,Y29tLmNyYWZ0c3ZpbGxhLmFwcA==,ignoreAppRotationDisabled
230066,Y29tLmxlMTIzLnlzZHE=,ignoreAppRotationDisabled
230068,Y29tLmNhcmF0ZS5xeWk=,ignoreAppRotationDisabled
230069,aW4ubW9oYWxsYS5zaGFyZWNoYXQ=,ignoreAppRotationDisabled
230070,Y29tLnNodWhla2VqaQ==,ignoreAppRotationDisabled
230071,Y29tLmd1b3Nlbi5hbmRyb2lk,ignoreAppRotationDisabled
230072,Y29tLmR2LmFkbQ==,ignoreAppRotationDisabled
230073,dnouY29t,ignoreAppRotationDisabled
230075,Y24uY250dg==,ignoreAppRotationDisabled
230076,Y29tLnRwbGluay5pcGM=,ignoreAppRotationDisabled
230078,Y29tLnNzLmFuZHJvaWQuYXJ0aWNsZS5saXQ=,ignoreAppRotationDisabled
230079,Y29tLnRlbmNlbnQubmV3cw==,ignoreAppRotationDisabled
230080,Y29tLmljYmMuZWxpZmU=,ignoreAppRotationDisabled
230081,Y29tLm5leHQuaW5ub3ZhdGlvbi50YWthdGFr,ignoreAppRotationDisabled
230082,Y29tLnNkdS5kaWRpLmdzdWk=,ignoreAppRotationDisabled
230083,Y29tLnlsemluZm8uY2hpbmFocnNz,ignoreAppRotationDisabled
230084,cnUucm9zYmFuay5hbmRyb2lkLmJldGE=,ignoreAppRotationDisabled
230085,Y29tLnBob25lcGUuYXBw,ignoreAppRotationDisabled
230086,Y29tLmdvb2dsZS5hbmRyb2lkLmFwcHMubmJ1LnBhaXNhLnVzZXI=,ignoreAppRotationDisabled
230087,Y29tLnlhbmRleC5pb3Q=,ignoreAppRotationDisabled
230088,cnUuemVuLmFuZHJvaWQ=,ignoreAppRotationDisabled
230089,Y29tLmphdW1v,ignoreAppRotationDisabled
230090,YnIuY29tLmRpZ2lv,ignoreAppRotationDisabled
230091,Y29tLnlhaG9vLm1vYmlsZS5jbGllbnQuYW5kcm9pZC55YWhvbw==,ignoreAppRotationDisabled
230092,Y29tLmNhcmVhdGUucXlp,ignoreAppRotationDisabled
230093,Y29tLnBlb3BsZWRhaWx5Y2hpbmEuYWN0aXZpdHk=,ignoreAppRotationDisabled
230094,Y29tLmJqZ2FzLnNob3A=,ignoreAppRotationDisabled
230096,Y29tLnh0LnJldG91Y2g=,ignoreAppRotationDisabled
230097,Y29tLmNpYi54eWs=,ignoreAppRotationDisabled
230098,Y29tLnRlbmNlbnQudG9rZW4=,ignoreAppRotationDisabled
230099,Y29tLmF0YWF3LnRpYW55aQ==,ignoreAppRotationDisabled
230100,Y29tLnhiaWFv,ignoreAppRotationDisabled
230101,Y29tLmJ5ZC5zZWE=,ignoreAppRotationDisabled
230102,Y29tLmx5bmtjby5jdXN0b21lcg==,ignoreAppRotationDisabled
230103,Y29tLnRpbWFuZXR3b3Jrcy5hbmRyb2lkLmZhdy52dy5hZnRlcm1hcmtldC5yZWxlYXNl,ignoreAppRotationDisabled
230104,Y29tLnJvYm9yb2NrLnNtYXJ0,ignoreAppRotationDisabled
230105,Y29tLmt3YWkudmlkZW9lZGl0b3I=,ignoreAppRotationDisabled
230106,Y29tLmhvbWVsaW5rLmFuZHJvaWQ=,ignoreAppRotationDisabled
230107,Y29tLmpkLmpyYXBw,ignoreAppRotationDisabled
230108,Y29tLmNhc2h3YWxrLmNhc2h3YWxr,ignoreAppRotationDisabled
230110,Y29tLmNpdGljY2FyZC5tb2JpbGViYW5r,ignoreAppRotationDisabled
230111,Y29tLnViZXJjYWIuZHJpdmVy,ignoreAppRotationDisabled
230112,Y29tLnRoZWVudGVydGFpbmVybWUuZW50ZXJ0YWluZXI=,ignoreAppRotationDisabled
230113,Y29tLmNvZGVieXRlY2gub25saW5ldnBu,ignoreAppRotationDisabled
230114,b2N0b2hpZGUudnBu,ignoreAppRotationDisabled
230115,Y29tLnRhd2FzdWwubWVzc2VuZ2Vy,ignoreAppRotationDisabled
230116,Y29tLnNwZWVkeS52cG4=,ignoreAppRotationDisabled
230117,a2hhLnByb2cubWlrcm90aWs=,ignoreAppRotationDisabled
230118,Y29tLmNhcnMyNC51YWV1c2VkY2Fycw==,ignoreAppRotationDisabled
230119,Y29tLmloYXBweWRhdGU=,ignoreAppRotationDisabled
230120,YXBwLnZhdmEudnBu,ignoreAppRotationDisabled
230121,Y29tLnVuZWFyYnkuc2F5aGk=,ignoreAppRotationDisabled
230122,Y29tLmRvdC5kYXJibW9iaWxl,ignoreAppRotationDisabled
230123,b3JnLnNhbmN0dWFyeS5xdWlja2Nvbm5lY3Q=,ignoreAppRotationDisabled
230124,Y29tLmJheXV0LmJheXV0YXBw,ignoreAppRotationDisabled
230125,Y29tLmNhcmVlbS5hY21h,ignoreAppRotationDisabled
230126,Y29tLmR1YmFpcG9saWNlLmFwcA==,ignoreAppRotationDisabled
230127,bmV0Lm1iYy5zaGFoaWQ=,ignoreAppRotationDisabled
230128,Y29tLnlhbmdvLm1hcHMuYW5kcm9pZA==,ignoreAppRotationDisabled
230129,Y29tLmFzd2F0LmNhcnJlZm91cnVhZQ==,ignoreAppRotationDisabled
230130,Y29tLnNzLmFuZHJvaWQudWdjLnRyaWxs,ignoreAppRotationDisabled
230131,YW5kcm9pZC5zcC5ibXBz,ignoreAppRotationDisabled
230132,cG9zdGVpdGFsaWFuZS5wb3N0ZWFwcC5hcHBicG9s,ignoreAppRotationDisabled
230133,aXQuYm5sLmFwcHMuYmFua2luZw==,ignoreAppRotationDisabled
230134,cnUua2ZjLmtmY19kZWxpdmVyeQ==,ignoreAppRotationDisabled
230135,Y29tLmluZm9zY291dC5yZWNlaXB0aG9n,ignoreAppRotationDisabled
230137,cnUub2subGl2ZQ==,ignoreAppRotationDisabled
230139,Y29tLmltby5hbmRyb2lkLmltb2ltaGQ=,ignoreAppRotationDisabled
230140,Y29tLmdvcHJvLnNtYXJ0eQ==,ignoreAppRotationDisabled
230141,Y29tLmVnLmFuZHJvaWQuQWxpcGF5R3Bob25l,ignoreAppRotationDisabled
230143,Y29tLnZpZGVvZ28=,ignoreAppRotationDisabled
230144,Y29tLmRhbmdkYW5nLmJ1eTI=,ignoreAppRotationDisabled
230145,Y29tLmpkLmpkbG9naXN0aWM=,ignoreAppRotationDisabled
230146,Y29tLm54eS5tb2JpbGViYW5rLmd4,ignoreAppRotationDisabled
230147,Y29tLmN6Yi5jaGFyZ2U=,ignoreAppRotationDisabled
230148,Y29tLnRlbmNlbnQudHYucWll,ignoreAppRotationDisabled
230149,Y29tLnNuYXBjaGF0LmFuZHJvaWQ=,ignoreAppRotationDisabled
230150,Y29tLmNlcnZlY2VyaWFtb2RlbG8ubW9kZWxvbm93,ignoreAppRotationDisabled
230151,cnUuZG9tY2xpY2subW9ydGdhZ2U=,ignoreAppRotationDisabled
230152,Y29tLnNpbXBwcm8ucXVyYW4ub2ZmbGluZQ==,ignoreAppRotationDisabled
230153,Y29tLndoYXR5LnF5WkhaSg==,ignoreAppRotationDisabled
230154,Y29tLmhubngucG1iYW5r,ignoreAppRotationDisabled
230155,Y29tLnBhbmRvcmEuYW5kcm9pZA==,ignoreAppRotationDisabled
230158,Y29tLnN1bmluZy5tb2JpbGUuZWJ1eQ==,ignoreAppRotationDisabled
230159,Y29tLnRydWVjYWxsZXI=,ignoreAppRotationDisabled
230160,Y29tLnRoZWNhcm91c2VsbC5DYXJvdXNlbGw=,ignoreAppRotationDisabled
230161,cnUuc3BvcnRtYXN0ZXIuYXBw,ignoreAppRotationDisabled
230162,cnUucm9zdGVs,ignoreAppRotationDisabled
230163,Y29tLmljZW1vYmlsZS5sZW50YS5wcm9k,ignoreAppRotationDisabled
230164,cnUubGV0dQ==,ignoreAppRotationDisabled
230165,Y29tLmR1Ym94LmRyaXZl,ignoreAppRotationDisabled
230166,Y29tLmFtYXpvbi5hdm9kLnRoaXJkcGFydHljbGllbnQ=,ignoreAppRotationDisabled
230167,Y29tLnNlYy5mYWN0b3J5LmNhbWVyYQ==,ignoreAppRotationDisabled
230168,Y29tLnNlYy5mYWN0b3J5LmNhbWVyYWx5emVy,ignoreAppRotationDisabled
230169,Y29tLm1pY3Jvc29mdC5vZmZpY2Uub2ZmaWNlaHVicm93,ignoreAppRotationDisabled
230170,Y29tLnNlYy5mYWN0b3J5LmN6cnRvb2w=,ignoreAppRotationDisabled
230171,Y29tLm5obi5hbmRyb2lkLnNlYXJjaA==,ignoreAppRotationDisabled
230172,Y29tLnRhb3UubWFpbWFp,ignoreAppRotationDisabled
230173,Y29tLnRlbmNlbnQud2Vpc2hp,ignoreAppRotationDisabled
230174,Y24uY29tLm54eS5tYmFuay5oYg==,ignoreAppRotationDisabled
230175,Y29tLmRyZWFtZS5zbWFydGxpZmU=,ignoreAppRotationDisabled
230176,Y29tLmFocmN1Lm1vYmlsZWJhbms=,ignoreAppRotationDisabled
230177,Y24uY29tLmJqbnMubWJhbms=,ignoreAppRotationDisabled
230178,Y29tLm1haWR1LmdrbGQ=,ignoreAppRotationDisabled
230179,Y24ueGlhb2NodWFua2VqaS50aWViYQ==,ignoreAppRotationDisabled
230180,Y29tLnRlbmNlbnQudGlt,ignoreAppRotationDisabled
230181,Y29tLnplZWtybGlmZS5tb2JpbGU=,ignoreAppRotationDisabled
230182,Y24uaXNoYW5zb25n,ignoreAppRotationDisabled
230183,Y29tLmJhaWR1LnRpZWJh,ignoreAppRotationDisabled
230191,Y29tLnFpeWkudmlkZW8=,ignoreAppRotationDisabled
230193,YWlyLnR2LmRvdXl1LmFuZHJvaWQ=,ignoreAppRotationDisabled
230198,Y29tLnFpeWkudmlkZW8ubGl0ZQ==,ignoreAppRotationDisabled
230199,Y29tLmV4YW1wbGUucHB0dg==,ignoreAppRotationDisabled
230202,Y24ueGlhb2NodWFua2VqaS56dWl5b3VMaXRl,ignoreAppRotationDisabled
230203,dHYuYWNmdW5kYW5tYWt1LnZpZGVv,ignoreAppRotationDisabled
230204,Y29tLnNzLmFuZHJvaWQuYXJ0aWNsZS52aWRlbw==,ignoreAppRotationDisabled
230205,Y29tLm5ldGVhc2UuY2M=,ignoreAppRotationDisabled
230206,Y24udmNpbmVtYS5jaW5lbWE=,ignoreAppRotationDisabled
230210,Y29tLnRhbnRhbi54,ignoreAppRotationDisabled
230211,Y29tLmVsZXZlbnN0,ignoreAppRotationDisabled
230212,Y29tLmZhY2Vib29rLmthdGFuYQ==,ignoreAppRotationDisabled
230213,Y29tLmx1bmEubXVzaWM=,ignoreAppRotationDisabled
230215,Y29tLmF1dG9uYXZpLm1pbmltYXA=,ignoreAppRotationDisabled
230217,Y29tLnRydWVmcmllbmQubmVvc21hcnRhcmVuZXdhbA==,ignoreAppRotationDisabled
230218,Y29tLmludHNpZy5CQ1JMaXRl,ignoreAppRotationDisabled
230219,Y29tLnZpYmVyLnZvaXA=,ignoreAppRotationDisabled
230220,Y29tLmtha2FvLnRhbGs=,ignoreAppRotationDisabled
230221,Y29tLmJhaXR1LnFpbmdzaHU=,ignoreAppRotationDisabled
230222,Y29tLmdvb2dsZS5hbmRyb2lkLnlvdXR1YmU=,ignoreAppRotationDisabled
230223,Y29tLm5ldHNob3J0LmFicm9hZA==,ignoreAppRotationDisabled
230224,b3JnLnRob3VnaHRjcmltZS5zZWN1cmVzbXM=,ignoreAppRotationDisabled
230225,Y29tLnBpbnRlcmVzdA==,ignoreAppRotationDisabled
230226,Y29tLnRpbmRlcg==,ignoreAppRotationDisabled
230227,Y29tLndlam95LndlcGxheS5hcg==,ignoreAppRotationDisabled
230228,Y29tLmNhbGN1bGF0b3IuaGlkZXU=,ignoreAppRotationDisabled
230229,a3IuY28uaGFuYW1lbWJlcnMuaG1zY3VzdG9tZXI=,ignoreAppRotationDisabled
230230,Y29tLndlbWVzaC5hbmRyb2lk,ignoreAppRotationDisabled
230231,Y29tLm1tLmFuZHJvaWQuc21hcnRsaWZlaW90,ignoreAppRotationDisabled
230232,Y29tLnNoY2FyZC5zbWFydHBheQ==,ignoreAppRotationDisabled
230233,Z292Lmd5ZW9uZ2dpLmdnY2FyZA==,ignoreAppRotationDisabled
230234,a3Iub3IubnBzLnNtYXJ0,ignoreAppRotationDisabled
230235,c2FtLm15YW55Y2FyLnNhbXN1bmdGaXJl,ignoreAppRotationDisabled
230236,Y29tLndvcmxkYW5jZS5kcmFtYQ==,ignoreAppRotationDisabled
230237,Y29tLm5hdmVyZmluLnBheWFwcA==,ignoreAppRotationDisabled
230239,Y29tLmxhcmt2aWRlby5wbGF5ZXI=,ignoreAppRotationDisabled
230240,Y29tLmNvdXBhbmcubW9iaWxl,ignoreAppRotationDisabled
230241,a3IuY28uanMuY2xpcGRvd25saXRl,ignoreAppRotationDisabled
230242,bmV0LmRhdW0uYW5kcm9pZC53ZWJ0b29u,ignoreAppRotationDisabled
230243,Y29tLmJzdGFyLmludGw=,ignoreAppRotationDisabled
230244,Y29tLmNvbmZpdGVjaC5zYnNnb2xm,ignoreAppRotationDisabled
230247,Y29tLndlam95LndlcGxheS51cw==,ignoreAppRotationDisabled
230249,Y29tLnNub3djb3JwLnN0aWNrZXJseS5hbmRyb2lk,ignoreAppRotationDisabled
230250,Y29tLmtlYmhhbmEuaGFuYXB1c2g=,ignoreAppRotationDisabled
230251,bmguc21hcnQubmhhbGxvbmVwYXk=,ignoreAppRotationDisabled
230252,Y29tLm1pY3Jvc29mdC50ZWFtcw==,ignoreAppRotationDisabled
230253,YnIuZ292LmNhaXhhLmZndHMudHJhYmFsaGFkb3I=,ignoreAppRotationDisabled
230254,Y29tLmFzdHJvZnJhbWUuc2VvdWxidXM=,ignoreAppRotationDisabled
230255,Y29tLmFkaWRhcy5hcHA=,ignoreAppRotationDisabled
230258,Y29tLmZvcmQuZm9yZGJyb3dzZXI=,ignoreAppRotationDisabled
230259,Y29tLnNrcGxhbmV0Lm9jYi5sb2NrZXI=,ignoreAppRotationDisabled
230260,Y29tLmxhcnVzLndvbGY=,ignoreAppRotationDisabled
230261,Y29tLmd1b2NoYW8uZmFjZXNob3c=,ignoreAppRotationDisabled
230262,Y29tLml4aWdvLnRyYWluLml4aXRyYWlu,ignoreAppRotationDisabled
230263,ZW50ZXJwcmlzZXMuZGF0aW5nLmJvbw==,ignoreAppRotationDisabled
230264,Y29tLnhpYW9qdWtlamkuZGlkaS5nbG9iYWwuY3VzdG9tZXI=,ignoreAppRotationDisabled
230265,Y29tLnRpa3Rva3Nob3Auc2VsbGVy,ignoreAppRotationDisabled
230266,eHl6LmJsdWVza3l3ZWIuYXBw,ignoreAppRotationDisabled
230267,Y29tLnh0LnJldG91Y2hvdmVyc2Vh,ignoreAppRotationDisabled
230268,Y29tLnd1ZGFva291LmhpcHBv,ignoreAppRotationDisabled
230269,Y29tLmhjb20uYW5kcm9pZA==,ignoreAppRotationDisabled
230270,Y29tLnllbHAuYW5kcm9pZA==,ignoreAppRotationDisabled
230271,Y29tLmNsb2NrLmRlc2tjbG9jay50aW1lLmFsYXJt,ignoreAppRotationDisabled
230272,Y29tLmN2cy5sYXVuY2hlcnMuY3Zz,ignoreAppRotationDisabled
230273,Y29tLmNvbmZpcm10a3QubGl0ZQ==,ignoreAppRotationDisabled
230274,Y29tLmhpZnVuLmRyYW1hLnZpZGVv,ignoreAppRotationDisabled
230275,Y29tLmFwcC5jcmlja2V0YXBw,ignoreAppRotationDisabled
230276,Y29tLndld2FyZA==,ignoreAppRotationDisabled
230277,Y29tLnJlbWl0bHkuYW5kcm9pZGFwcA==,ignoreAppRotationDisabled
230278,Y29tLmh3c2ouY2x1Yg==,ignoreAppRotationDisabled
230279,Y29tLmFsbHRyYWlscy5hbGx0cmFpbHM=,ignoreAppRotationDisabled
230280,Y29tLnl5LmhpeW8=,ignoreAppRotationDisabled
230281,Y29tLm9jdWx1cy50d2lsaWdodA==,ignoreAppRotationDisabled
230282,Y29tLmhuc21hbGw=,ignoreAppRotationDisabled
230283,Y29tLmZhY2Vib29rLnN0ZWxsYQ==,ignoreAppRotationDisabled
230284,Y29tLndlYXZlci5hcHAucHJvZA==,ignoreAppRotationDisabled
230285,Y29tLnRyZW5keW9sLm1pbGxhLmFuZHJvaWQ=,ignoreAppRotationDisabled
230286,Y29tLmNqb3NocHBpbmdwaG9uZQ==,ignoreAppRotationDisabled
230288,Y29tLmVtbjgubW9iaWxlbTgubmF0aXZlYXBwLmJr,ignoreAppRotationDisabled
230289,Y29tLmltdnUubW9iaWxlY29yZG92YQ==,ignoreAppRotationDisabled
230290,a3IucmFwcG9ydGxhYnMuZGFtb2E=,ignoreAppRotationDisabled
230291,Y29tLnBvc2NvaWN0LnRoZV9zaGFycF9pb3RfYXBw,ignoreAppRotationDisabled
230292,Y29tLmpvYmtvcmVhLmFwcA==,ignoreAppRotationDisabled
230293,Y29tLmRoZ2F0ZS5idXllcm1vYg==,ignoreAppRotationDisabled
230294,bG90dGUuY29t,ignoreAppRotationDisabled
230295,c3VuLndheTJzbXMuaHlkLmNvbQ==,ignoreAppRotationDisabled
230296,Y29tLm1vc2xheQ==,ignoreAppRotationDisabled
230297,Y29tLnRlc3Rib29rLnRiYXBw,ignoreAppRotationDisabled
230298,Y29tLmdvbGZ6b24uYW5kcm9pZA==,ignoreAppRotationDisabled
230299,Y29tLmNvbHQ=,ignoreAppRotationDisabled
230300,Y29tLmtiaW5zLmtiaW5zdXJl,ignoreAppRotationDisabled
230301,a3IuY28uYWxiYS53ZWJhcHBhbGJhLm0=,ignoreAppRotationDisabled
230302,Y29tLmVsei5zZWNvbmRoYW5kc3RvcmU=,ignoreAppRotationDisabled
230303,Y29tLnRyYW5zc2lvbi5waG9lbml4,ignoreAppRotationDisabled
230304,aW4uc3dpZ2d5LmFuZHJvaWQ=,ignoreAppRotationDisabled
230305,Y29tLnRpZ28uZmxvd2Vy,ignoreAppRotationDisabled
230306,Y29tLmRyYW1hLmhhcHB5Lmxvb2s=,ignoreAppRotationDisabled
230307,Y29tLm9saXZleW91bmc=,ignoreAppRotationDisabled
230308,Y29tLm9yZW11cy5jYXRob2xpYy5iaWJsZS5yb3NhcnkucHJheWU=,ignoreAppRotationDisabled
230309,Y29tLmNvdXBhbmcubW9iaWxlLmVhdHMuY291cmllcg==,ignoreAppRotationDisabled
230310,Y29tLmxvY2FsbmV3cy5hbmRyb2lkLm5vdmFuZXdzLmty,ignoreAppRotationDisabled
230311,Y29tLnNpbm9zaWcueWdpYmFv,ignoreAppRotationDisabled
230313,aW4uc3dpZ2d5LmFuZHJvaWQuaW5zdGFtYXJ0,ignoreAppRotationDisabled
230314,Y29tLmJpbGxlci5zY2c=,ignoreAppRotationDisabled
230315,Y29tLnRlY2hsb2dpeC5tb2JpbGlua2N1c3RvbWVy,ignoreAppRotationDisabled
230316,Y29tLmdlb25hdXRlLmdlb25hdXRl,ignoreAppRotationDisabled
230317,Y29tLm9mZmxpbmUuYmlibGU=,ignoreAppRotationDisabled
230318,Y29tLm5obi5hbmRyb2lkLmJsb2c=,ignoreAppRotationDisabled
230319,Y28ua3Iud2FsZGx1c3QubWVnYWNvZmZlZQ==,ignoreAppRotationDisabled
230320,Y29tLmZ5eHRlY2gubXVzbGlt,ignoreAppRotationDisabled
230321,Y29tLnRlYW1ibGluZC5ibGluZA==,ignoreAppRotationDisabled
230322,Y29tLmRhcmluc29mdC52aW1v,ignoreAppRotationDisabled
230323,YWkucGhvdG8uZW5oYW5jZXIucGhvdG9jbGVhcg==,ignoreAppRotationDisabled
230324,Y29tLnNtdWxlLnNpbmdhbmRyb2lk,ignoreAppRotationDisabled
230325,Y29tLmdhbW1hLnNjYW4=,ignoreAppRotationDisabled
230326,Y24uY29tLmNtYmMubmV3bWJhbmsuZXA=,ignoreAppRotationDisabled
230327,Y29tLnVjYXJlLndl,ignoreAppRotationDisabled
230328,YWkuY2hhdC5ncHQuYm90,ignoreAppRotationDisabled
230329,Y29tLnljLmdsb3J5Zml0,ignoreAppRotationDisabled
230330,Y29tLmh1YWxhaQ==,ignoreAppRotationDisabled
230331,Y29tLnBvbGFyc3RlcHM=,ignoreAppRotationDisabled
230332,Y29tLmhhbGFtYXRlLmFwcA==,ignoreAppRotationDisabled
230333,Y29tLm9uZXNwb3J0cy5zY29yZQ==,ignoreAppRotationDisabled
230334,bm90ZXMubm90ZXBhZC5jaGVja2xpc3QuY2FsZW5kYXIudG9kb2xpc3Qubm90ZWJvb2s=,ignoreAppRotationDisabled
230335,Y29tLm5pcy5hcHA=,ignoreAppRotationDisabled
230336,Y29tLm1leGNwcm8uY2xpZW50,ignoreAppRotationDisabled
230337,Y29tLnVzYWJsZW5ldC5tb2JpbGUud2FsZ3JlZW4=,ignoreAppRotationDisabled
230338,Y29tLmJsaW5rLmJlYXV0eWNhbS5mYWNlbWFrZXVwLnBob3RvZWRpdG9y,ignoreAppRotationDisabled
230339,Y29tLmh5dW5kYWljYXJkLmFwcGNhcmQ=,ignoreAppRotationDisabled
230340,Y29tLnlvdWt1LnBob25l,ignoreAppRotationDisabled
230342,Y29tLmNyaXJwLnpoaXB1,ignoreAppRotationDisabled
230343,Y29tLnNob3BlZS5zZw==,ignoreAppRotationDisabled
230345,Y29tLmtpd29vbS5oZXJvbXRz,ignoreAppRotationDisabled
230346,Y29tLlBDaG9tZS5TaG9wcGluZw==,ignoreAppRotationDisabled
230347,Y29tLmxvdHRl,ignoreAppRotationDisabled
230348,Y29tLmhhbmFzZWMuc3RvY2s=,ignoreAppRotationDisabled
230349,Y29tLmltZW5kb24uZm9teg==,ignoreAppRotationDisabled
230350,Y29tLm1ibW9iaWxl,ignoreAppRotationDisabled
230351,aGFlLmlvdC5zbWFydGhvbWUuYXBwLnRoZWg=,ignoreAppRotationDisabled
230352,a3IuY28uY2hhbXN1bGUuc21hcnRvbmVwYXNzX3Byb2plY3QzX3RoZWg=,ignoreAppRotationDisabled
230353,Y29tLmFjZS5teWF1Y3Rpb24=,ignoreAppRotationDisabled
230354,Y29tLm9yZW11cy5jYXRob2xpYy5iaWJsZS5yb3NhcnkucHJheWVy,ignoreAppRotationDisabled
230355,bS5zc2dkZm0uY29t,ignoreAppRotationDisabled
230356,Y29tLm5hdmVyLnZpYmU=,ignoreAppRotationDisabled
230357,Y29tLm55dGltZXMuYW5kcm9pZA==,ignoreAppRotationDisabled
230358,Y29tLmV4cGVkaWEuYm9va2luZ3M=,ignoreAppRotationDisabled
230359,Y29tLnNtYXJ0c2NvcmUucmF3YWR5LnNtYXJ0c2NvcmU=,ignoreAppRotationDisabled
230360,Y29tLnN0YXJtYWtlcmludGVyYWN0aXZlLnN0YXJtYWtlcg==,ignoreAppRotationDisabled
230361,Y29tLm1pY3Jvc29mdC5lbW14,ignoreAppRotationDisabled
230362,Y29tLmxlb2FvLmZpdG5lc3M=,ignoreAppRotationDisabled
230363,Y29tLmViYW5rLmNyZWRpdGNhcmQ=,ignoreAppRotationDisabled
230364,Y24uY29tLmNtYmMubmV3bWJhbms=,ignoreAppRotationDisabled
230366,Y29tLmxpZWp1Lmx3cy5lc2NhbnU=,ignoreAppRotationDisabled
230367,Y29tLnN6bGFueW91LmhvbmRhaW92,ignoreAppRotationDisabled
230369,Y29tLnFpbmduaXUucGx1cw==,ignoreAppRotationDisabled
230371,Y29tLmRpdm90Z3VhcmQuY29t,ignoreAppRotationDisabled
230375,Y29tLndlaWNvLmludGVybmF0aW9uYWw=,ignoreAppRotationDisabled
230377,Y29tLmlndW9waW4uYXBw,ignoreAppRotationDisabled
230378,Y29tLndscXE=,ignoreAppRotationDisabled
230379,Y29tLmFyYW55YWFwcA==,ignoreAppRotationDisabled
230380,aW8uZGNsb3VkLkg1MTREMTlENg==,ignoreAppRotationDisabled
230381,Y29tLnNtYXJ0X2ludmVzdC5tYXJhdGhvbmFwcGZvcmFuZHJvaWQ=,ignoreAppRotationDisabled
230382,Y29tLmVxdWVzLmRvb3JiZWxs,ignoreAppRotationDisabled
230383,Y29tLmFva2ouamlzaGliZW4=,ignoreAppRotationDisabled
230384,Y29tLmlucGhhc2UuaXR2,ignoreAppRotationDisabled
230385,Y29tLmh1aXRvdWNoZS5hbmRyb2lkLmFwcA==,ignoreAppRotationDisabled
230386,Y29tLnNoYXJldHdvLmdvb2Rz,ignoreAppRotationDisabled
230387,Y29tLmxlbm92b2ltYWdlLkxlbm92b1ByaW50,ignoreAppRotationDisabled
230388,Y29tLnFjeW1hbGwuZWFycGhvbmVzZXR1cA==,ignoreAppRotationDisabled
230389,Y29tLmJ5dGVkYW5jZS5lcC5hbmRyb2lk,ignoreAppRotationDisabled
230390,Y29tLnNoaW5oYW4uZ2xvYmFsLmNuLmJhbms=,ignoreAppRotationDisabled
230391,Y29tLmdwczUxLndlYmFwcA==,ignoreAppRotationDisabled
230392,Y29tLnd1bGl0dS54aWFvYmVu,ignoreAppRotationDisabled
230393,Y29tLnNpbmEud2JzdXBlcmdyb3Vw,ignoreAppRotationDisabled
230394,Y29tLmNodWFuZ2tpdA==,ignoreAppRotationDisabled
230395,Y29tLnhpYW9kYW8uYWJvdXRzdGFy,ignoreAppRotationDisabled
230396,Y29tLndvbmRlcnNncm91cC5ocy5oZWFsdGhjbG91ZC5wYXRpZW50,ignoreAppRotationDisabled
230397,Y29tLnJlYWxzZWUuZGltZW5zaW9ucGx1cw==,ignoreAppRotationDisabled
230401,Y29tLmphZW1vYmlyZC5tdXRvbmdqaQ==,ignoreAppRotationDisabled
230404,Y24uY29tLnl1c3lzLmFwcC5IdUJlaUJhbms=,ignoreAppRotationDisabled
230406,Y29tLnN1bmxhbmQueWNjbG91ZHBhcms=,ignoreAppRotationDisabled
230408,Y29tLmJhbmsubmFuaGFpcnVyYWxjb21tZXJjaWFsLm1vYmlsZQ==,ignoreAppRotationDisabled
230410,Y29tLmd3dHJpcC50cmlw,ignoreAppRotationDisabled
230411,Y29tLnNnY2Mud3Nndy5jbg==,ignoreAppRotationDisabled
230435,Y29tLm5obi5hbmRyb2lkLndlYnRvb24=,ignoreAppRotationDisabled
230436,Y29tLmNoaW5hbXdvcmxkLm1haW4=,ignoreAppRotationDisabled
230437,Y29tLmpvb2FuLnFpYW9hbnpoaWxpYW4=,ignoreAppRotationDisabled
230438,Y29tLmNjYi5jb21wYW55YmFuaw==,ignoreAppRotationDisabled
230439,Y29tLnFkY2NiLmJhbms=,ignoreAppRotationDisabled
230440,Y29tLndvbmRlcnNncm91cC53aHM=,ignoreAppRotationDisabled
230441,Y29tLmF2YXRhci5idXllci5jbGllbnQ=,ignoreAppRotationDisabled
230442,Y29tLnlpdG9uZy5mam54Lm1iYW5rLmFuZHJvaWQ=,ignoreAppRotationDisabled
230443,Y29tLmZhbi5hcHA=,ignoreAppRotationDisabled
230444,Y29tLmhmYmFuay5tb2JpbGU=,ignoreAppRotationDisabled
230445,Y29tLnlpdG9uZy54aWFuLm1iYW5r,ignoreAppRotationDisabled
230446,Y29tLmdhbWVyc2t5,ignoreAppRotationDisabled
230447,Y29tLmp1bGFubGluZy53b3Jrc2NoZWR1bGU=,ignoreAppRotationDisabled
230448,Y29tLmRpZ2l0YWxjaGluYS5tb2JpbGUuZGZoZnox,ignoreAppRotationDisabled
230449,Y29tLngyZXJhLnhjbG91ZC5hcHA=,ignoreAppRotationDisabled
230450,Y29tLmppbWkudHVxaWFuZw==,ignoreAppRotationDisabled
230451,Y29tLmFuc2hpYm8uYWN0aXZpdHk=,ignoreAppRotationDisabled
230452,Y29tLnlsLmVkdQ==,ignoreAppRotationDisabled
230453,Y29tLmluc3B1ci52aXN0YS5sYWJvcg==,ignoreAppRotationDisabled
230454,Y29tLnNoZW56aGVuLnZhbmtlLnZhbmtleWk=,ignoreAppRotationDisabled
230455,Y29tLmhhaWVuLmFwcC5UcmFpblBhc3NOYXRpdmU=,ignoreAppRotationDisabled
230456,Y29tLmZlbmdlZWsuZjAwMg==,ignoreAppRotationDisabled
230457,Y29tLmNoYW5nc2hhLmFwcHMuYW5kcm9pZC5teWNz,ignoreAppRotationDisabled
230458,Y29tLnlvdXhpYW5nLnNveW91bmdhcHA=,ignoreAppRotationDisabled
230459,Y24uYW5kcm9pZC5zaWEuZXhpdGVudHJ5cGVybWl0,ignoreAppRotationDisabled
230460,Y29tLmJhaWR1LnR6ZWRpdG9y,ignoreAppRotationDisabled
230461,Y29tLmhhcHB5ZWxlbWVudHMuQW5kcm9pZENsb3Zlci5tb2I=,ignoreAppRotationDisabled
230462,Y29tLnFpaG9vLnNyb3V0ZXIubjMwMA==,ignoreAppRotationDisabled
230463,Y29tLmdvb2NsaWVudC5hbnljYW0ubmV5ZTNjdHdv,ignoreAppRotationDisabled
230464,Y29tLnpocHJvcGVydHk=,ignoreAppRotationDisabled
230465,Y29tLmJhaWR1LmZlbmdjaGFvLnVp,ignoreAppRotationDisabled
230467,Y29tLmRvbmdiYW8ueWd6ag==,ignoreAppRotationDisabled
230468,Y29tLnlsemluZm8uZ2FkLmdkaHJzcw==,ignoreAppRotationDisabled
230469,Y29tLnh5Zi5hcHAueHlm,ignoreAppRotationDisabled
230470,Y29tLnN6Y2htdGVjaC5wYXJraW5nZmVl,ignoreAppRotationDisabled
230471,Y29tLmRpZGkuZXhwcmVzcy5wdWxzYXI=,ignoreAppRotationDisabled
230472,Y24ubGl1eWFuYmluZy5zdXJ2ZXlvcg==,ignoreAppRotationDisabled
230473,Y29tLnFpYW5nbGlhbmcucGRmY29udmVyc2lvbg==,ignoreAppRotationDisabled
230474,Y29tLmJhaWR1Lnl1ZWR1,ignoreAppRotationDisabled
230475,Y29tLmp4Lm5vdmVs,ignoreAppRotationDisabled
230476,bmV0LndvYW9v,ignoreAppRotationDisabled
230477,Y24ud2VpbGFpaG9uZ3RlY2guc3BlZWR0ZXN0,ignoreAppRotationDisabled
230478,Y29tLmNzaWlfcXpiYW5r,ignoreAppRotationDisabled
230479,Y29tLm5tcGFpYy5oenA=,ignoreAppRotationDisabled
230480,Y29tLmV4cG9zaW8uZGFya3Jvb20=,ignoreAppRotationDisabled
230481,Y29tLmV4cG9zaW8uZGFya3Jvb20ucmVhbHR5b25l,ignoreAppRotationDisabled
230482,Y29tLmV4cG9zaW8uZGFya3Jvb20uY2ltbQ==,ignoreAppRotationDisabled
230483,Y29tLmV4cG9zaW8uZGFya3Jvb20uYW1z,ignoreAppRotationDisabled
230484,Y29tLmV4cG9zaW8uZGFya3Jvb20uY2hhbGV0c2Fsb3Vlcg==,ignoreAppRotationDisabled
230485,Y29tLmV4cG9zaW8uZGFya3Jvb20uaW1tb2xpYWlzb24=,ignoreAppRotationDisabled
230486,Y29tLmV4cG9zaW8uZGFya3Jvb20udmlhY2FwaXRhbGU=,ignoreAppRotationDisabled
230487,Y29tLmV4cG9zaW8uZGFya3Jvb20ucmVtYXg=,ignoreAppRotationDisabled
230488,Y29tLmV4cG9zaW8uZGFya3Jvb20uZ3V5aG9xdWV0,ignoreAppRotationDisabled
230489,Y29tLmltZGIubW9iaWxl,ignoreAppRotationDisabled
230490,Y29tLmFybG9vcGEuYXJsb29wYQ==,ignoreAppRotationDisabled
230491,Y29tLm5vLmNvbG9y,ignoreAppRotationDisabled
230492,Y29tLm9wZW5haS5jaGF0Z3B0,ignoreAppRotationDisabled
230493,Y29tLmVtY2FuLmVtYXJhdA==,ignoreAppRotationDisabled
230494,c2cuZWR1Lm51aHMub25lbnVocw==,ignoreAppRotationDisabled
230495,Y29tLnZpZGlvLmFuZHJvaWQ=,ignoreAppRotationDisabled
230496,Y29tLmphc29ubWcuc2FsZXBvaXNvbg==,ignoreAppRotationDisabled
230497,Y29tLmJicm9zLnNheXVw,ignoreAppRotationDisabled
230498,Y29tLmtpYS5vbmVhcHAua3I=,ignoreAppRotationDisabled
230499,Y29tLndtcG9wbHVzLmNoZW9nYWppcA==,ignoreAppRotationDisabled
230500,Y29tLnBhZ29wb3Btb2JpbGU=,ignoreAppRotationDisabled
230501,Y29tLmdsb2JhbC5mb29kcGFuZGEuYW5kcm9pZA==,ignoreAppRotationDisabled
230502,Y29tLnBpenphaHV0LmFuZHJvaWQ=,ignoreAppRotationDisabled
230503,Y29tLm5hbXNoaS5hbmRyb2lk,ignoreAppRotationDisabled
230504,Y29tLmxhbmRtYXJrZ3JvdXAuaG9tZWNlbnRyZXN0b3Jlcw==,ignoreAppRotationDisabled
230505,Y29tLmVpdGNmcy5kdXBheQ==,ignoreAppRotationDisabled
230506,Y29tLnJhcGlkLnNob3J0LnR2,ignoreAppRotationDisabled
230507,Y29tLmFnb2RhLm1vYmlsZS5jb25zdW1lcg==,ignoreAppRotationDisabled
230508,Y29tLm5hbm9lcXVpcG1lbnQua2Zj,ignoreAppRotationDisabled
230509,Y29tLmV4eG9ubW9iaWwuZXNzby5zZw==,ignoreAppRotationDisabled
230510,Y29tLm5hdmVyLmxpbmV3ZWJ0b29u,ignoreAppRotationDisabled
230511,Y29tLnNhbGlrLnNtYXJ0c2FsaWs=,ignoreAppRotationDisabled
230512,Y29tLnNnY2FybWFydC5hcHA=,ignoreAppRotationDisabled
230513,a3IuY28uZ2VuZXNpc2tvcmVhLmJicWNoaWNrZW4=,ignoreAppRotationDisabled
230514,a3IuZ28udm9sMTM2NQ==,ignoreAppRotationDisabled
230515,Y29tLmFscGhhLmFwcGxvY2s=,ignoreAppRotationDisabled
230516,a3IuY28uaWNoYy53ZWVrbHlmaXQ=,ignoreAppRotationDisabled
230517,Y29tLnNzZnV0dXJlcy5mdXR1cmVzbmV0Mw==,ignoreAppRotationDisabled
230518,Y29tLmNzLmFuZHJvaWQuU2xpZmVDdXN0b21lcg==,ignoreAppRotationDisabled
230519,Y29tLmNvdXBhbmcubW9iaWxlLmVhdHM=,ignoreAppRotationDisabled
230520,Y29tLmFidG5wcm9qZWN0cy5hbWJhdGFuYQ==,ignoreAppRotationDisabled
230521,Z2cub3AubG9sLmFuZHJvaWQ=,ignoreAppRotationDisabled
230522,Y29tLmNhdGVhdGVyLnN0b3Btb3Rpb25zdHVkaW8=,ignoreAppRotationDisabled
230526,Y29tLm1jZG9uYWxkcy5nbWEuY24=,ignoreAppRotationDisabled
230527,Y29tLnRhb2Jhby5ldGFv,ignoreAppRotationDisabled
230528,Y29tLnRhb2Jhby5xaWFubml1,ignoreAppRotationDisabled
230529,Y29tLndpZmkubWFzdGVya2V5LmxpdGU=,ignoreAppRotationDisabled
230530,Y29tLmNhaW5pYW8ud2lyZWxlc3M=,ignoreAppRotationDisabled
230531,Y24uY29tLmhrZ3QuZ2FzYXBw,ignoreAppRotationDisabled
230532,Y29tLmFsaWJhYmEud2lyZWxlc3M=,ignoreAppRotationDisabled
230533,Y29tLmh6cGQuand6dGM=,ignoreAppRotationDisabled
230534,Y29tLmtpbmcuc2tn,ignoreAppRotationDisabled
230536,Y24uY2hvbmdxaW5nLnpsZC5wZW5uZXkudm9pY2V0b3RleHQ=,ignoreAppRotationDisabled
230537,Y29tLmFudGdyb3VwLmFpamsuYW5kcm9pZA==,ignoreAppRotationDisabled
230538,dHcuZ292Lmludm9pY2U=,ignoreAppRotationDisabled
230539,b25lLmhoLm9uZWNsaWVudA==,ignoreAppRotationDisabled
230540,Y29tLnNrdGVsZWNvbS52Y29sb3Jpbmc=,ignoreAppRotationDisabled
230541,ZHV5LnNjYW5uZXIucXJjb2Rl,ignoreAppRotationDisabled
230542,Y29tLmVhc3Rtb25leS5hbmRyb2lkLmZ1bmQ=,ignoreAppRotationDisabled
230543,Y29tLm5hZGUub3duZXJyaWRl,ignoreAppRotationDisabled
230545,Y29tLnBlcnJhY29sYWJzLnBpeHRpY2E=,ignoreAppRotationDisabled
230546,ZGJ4LnRhaXdhbnRheGk=,ignoreAppRotationDisabled
230547,dHcuY29tLmFpbnZlc3Qub3V0cGFjaw==,ignoreAppRotationDisabled
230548,Y29tLmNodC5jdXN0c2VydmljZQ==,ignoreAppRotationDisabled
230549,Y29tLmNsb3VkeS5saW5nbGluZ2Jhbmc=,ignoreAppRotationDisabled
230550,Y29tLmNoaW5hYmx1ZS50dg==,ignoreAppRotationDisabled
230551,Y29tLmNhc2hzbGlkZQ==,ignoreAppRotationDisabled
230552,Y29tLndvb3JpYmFua2NoaW5hLm1icw==,ignoreAppRotationDisabled
230553,Y29tLnNzcG9ydHMubW9iaWxlLnZpZGVv,ignoreAppRotationDisabled
230554,b3JnLmxpdmV3YWxscGFwZXJzLm10M2Q=,ignoreAppRotationDisabled
230555,b3JnLmxpdmV3YWxscGFwZXJzLnNub21v,ignoreAppRotationDisabled
230556,b3JnLmxpdmV3YWxscGFwZXJzLnBzM2Q=,ignoreAppRotationDisabled
230557,Y24ubGNzdy5sY3BheQ==,ignoreAppRotationDisabled
230558,Y29tLmNhbnZhLmVkaXRvcg==,ignoreAppRotationDisabled
230559,Y29tLmxpdmUubGl2ZTRk,ignoreAppRotationDisabled
230560,Y29tLnlobW9iaWxlYmFuaw==,ignoreAppRotationDisabled
230561,dHcuY29tLnlvdWJpa2UucGx1cw==,ignoreAppRotationDisabled
230562,Y29tLnRyYW5zc2lvbi5YT1NMYXVuY2hlcg==,ignoreAppRotationDisabled
230563,a3IuY28ubW9iaWxpYW5zLm1vYmlsY2FyZA==,ignoreAppRotationDisabled
230564,Y29tLm1ydC5kdWNhdGk=,ignoreAppRotationDisabled
230565,a3IuY28uczEudXZpc2dlbg==,ignoreAppRotationDisabled
230566,Y28ua3IuY2d2LmNqY2d2,ignoreAppRotationDisabled
230567,cGF5cy5naWZ0cGF5cy5hcHAuYW5kcm9pZA==,ignoreAppRotationDisabled
230568,a3IuY28udGlja2V0YmF5Lm1vYmlsZQ==,ignoreAppRotationDisabled
230569,aW8ubGlmZWtub2NrLmFwcA==,ignoreAppRotationDisabled
230570,Y29tLmFwcGcuZWJyaWRnZQ==,ignoreAppRotationDisabled
230571,Y29tLmx3cC5zaW11bGF0b3IuYnV0dGVyZmx5,ignoreAppRotationDisabled
230572,aGR3YWxscGFwZXJ0aGVtZXMuY2l0eS5saXZlLndhbGxwYXBlcg==,ignoreAppRotationDisabled
230573,c3VtbWVyLmZsb3dlcnMubGl2ZS53YWxscGFwZXIuaGQ=,ignoreAppRotationDisabled
230574,aGR3YWxscGFwZXJ0aGVtZXMuY3J5c3RhbC5saXZlLndhbGxwYXBlcg==,ignoreAppRotationDisabled
230575,d2FsbHBhcGVycy5mb3IuY3V0ZS5naXJscw==,ignoreAppRotationDisabled
230576,d2ludGVyLnNub3cubGl2ZS53YWxscGFwZXIyMDE5,ignoreAppRotationDisabled
230577,Zm9yZXN0LmZhaXJpZXMubGl2ZS53YWxscGFwZXI=,ignoreAppRotationDisabled
230578,Y29tLmhkd2FsbHBhcGVycy50dXJxdW9pc2UuYmx1ZQ==,ignoreAppRotationDisabled
230579,Y29tLmhkd2FsbHBhcGVycy5wdXJwbGUucm9zZQ==,ignoreAppRotationDisabled
230580,Y29tLmhkd2FsbHBhcGVycy5waW5rLnJvc2U=,ignoreAppRotationDisabled
230581,Y29tLmhkd2FsbHBhcGVycy53YXRlcnNwbGFzaA==,ignoreAppRotationDisabled
230582,Y29tLmhkd2FsbHBhcGVycy5maXJlLmZsYW1lcw==,ignoreAppRotationDisabled
230583,Y29tLmhkd2FsbHBhcGVycy5uZW9uLmJ1dHRlcmZsaWVz,ignoreAppRotationDisabled
230584,bGl2ZS53YWxscGFwZXIuYmx1ZS5nb2xkLnJvc2UubHV4dXJ5,ignoreAppRotationDisabled
230585,ZWFzdGVyLmxpdmUud2FsbHBhcGVy,ignoreAppRotationDisabled
230586,cG9ueS5saXZlLndhbGxwYXBlcnM=,ignoreAppRotationDisabled
230587,a2F3YWlpLmxpdmUud2FsbHBhcGVycw==,ignoreAppRotationDisabled
230588,bmV3LnBhcmlzLmxpdmUud2FsbHBhcGVy,ignoreAppRotationDisabled
230589,bmV3MjAxOHJvc2VzLmxpdmUud2FsbHBhcGVy,ignoreAppRotationDisabled
230590,bmV3MjAxOHBpbmsubGl2ZS53YWxscGFwZXI=,ignoreAppRotationDisabled
230591,ZnJvemVuLnJvc2UubGl2ZS53YWxscGFwZXI=,ignoreAppRotationDisabled
230592,Y29tLmdvbGZ6b24uZ2NvdW50eQ==,ignoreAppRotationDisabled
230593,Y29tLmx1a2Vrb3JlYS5oZWxsbzEwMA==,ignoreAppRotationDisabled
230594,Y29tLmJvb2tubGlmZS5tb2JpbGU=,ignoreAppRotationDisabled
230595,Y29tLmNoZWhlamlhLm9jLm0wMQ==,ignoreAppRotationDisabled
230596,Y29tLm54eS5zYw==,ignoreAppRotationDisabled
230597,Y29tLnNodXFpLmNvbnRyb2xsZXI=,ignoreAppRotationDisabled
230598,Y29tLmZvc3Nrb3JlYS5mb3Nz,ignoreAppRotationDisabled
230599,Y29tLnNoaW55b3VuZy5tdHM=,ignoreAppRotationDisabled
230600,Y29tLmtha2FvYmFuay5jaGFubmVs,ignoreAppRotationDisabled
230601,Y29tLm9jZXBjbHVzdGVyLm9jZXA=,ignoreAppRotationDisabled
230602,Y29tLmVudXJpLmFuZHJvaWQ=,ignoreAppRotationDisabled
230604,Y29tLmJpenBsYXkuYml6emVyb3BheQ==,ignoreAppRotationDisabled
230605,Y29tLmtha2FvLnRheGk=,ignoreAppRotationDisabled
230606,ZWNvd29yay5zZXZlbg==,ignoreAppRotationDisabled
230607,Y29tLndhdHNvbnMuc2cuYW5kcm9pZA==,ignoreAppRotationDisabled
230608,Y29tLmVzdW5iYW5r,ignoreAppRotationDisabled
230609,Y29tLnN0YXJidWNrcy50dw==,ignoreAppRotationDisabled
230610,Y29tLmZldGNpLmV0YWdnbw==,ignoreAppRotationDisabled
230611,a3IuYWlycG9ydC5hbmRyb2lkLnNtYXJ0cGFzcw==,ignoreAppRotationDisabled
230612,Y29tLmNidGwuc2c=,ignoreAppRotationDisabled
230613,Y29tLmdvcXVhbA==,ignoreAppRotationDisabled
230614,aWQuZ28uaW1pZ3Jhc2kuYWxsaW5kb25lc2lh,ignoreAppRotationDisabled
230615,Y29tLnNyaXN0Yy5ldGFnZQ==,ignoreAppRotationDisabled
230616,dHcuY29tLndhdHNvbnMuYXBw,ignoreAppRotationDisabled
230617,Y29tLnJpbmdhcHA=,ignoreAppRotationDisabled
230618,YXR3cy5hcHA=,ignoreAppRotationDisabled
230619,Y29tLmhvdGFpbW90b3IuY2hpY1RyaXA=,ignoreAppRotationDisabled
230620,Y29tLnNoaW5oYW5pbnZlc3QubnNtdHM=,ignoreAppRotationDisabled
230621,Y29tLnRhaXdhbmxvdHRlcnkubmV3bW9iaWxlc2VsZWN0,ignoreAppRotationDisabled
230622,Y2hrLmtpbmduZXQuYXBw,ignoreAppRotationDisabled
230623,Y29tLnNreXNvZnQua2tib3guYW5kcm9pZA==,ignoreAppRotationDisabled
230624,b3JnLmRheXVwLnN0b2Nrcw==,ignoreAppRotationDisabled
230625,Y29tLmNvdXBhbmcubW9iaWxlLnBsYXk=,ignoreAppRotationDisabled
230626,Y29tLnJlZGZpbi5hbmRyb2lk,ignoreAppRotationDisabled
230627,Y29tLnB3cmQuc3RlYW0uZXNwb3J0cw==,ignoreAppRotationDisabled
230628,Y29tLmRvbmdxaXVkaS5uZXdz,ignoreAppRotationDisabled
230629,dHcuY29tLnRkY2MuZXBhc3Nib29r,ignoreAppRotationDisabled
230630,Y29tLnl1ZW1lLml0dg==,ignoreAppRotationDisabled
230631,Y29tLnN1bmJveHNvZnQuY2hhcmdlLmluc3RpdHV0ZQ==,ignoreAppRotationDisabled
230632,Y29tLmFpLm9iYy5jYm4uYXBw,ignoreAppRotationDisabled
230633,ZGppLm1pbW8=,ignoreAppRotationDisabled
230634,Y29tLmthc2hraWNrLmthc2hraWNrYXBw,ignoreAppRotationDisabled
230635,Y29tLnBhcmFkaXNlLnBhcmFkaXNlYXBw,ignoreAppRotationDisabled
230636,Y29tLnl1bS5waXp6YWh1dA==,ignoreAppRotationDisabled
230637,Y29tLnlpdG9uZy56anJjLm1mcy5hbmRyb2lk,ignoreAppRotationDisabled
230638,Y29tLmppb25namkuYW5kcmlvZC5jYXJk,ignoreAppRotationDisabled
230639,Y29tLnh1ZXFpdS5hbmRyb2lk,ignoreAppRotationDisabled
230640,Y29tLmJvb2hlZS5vbmU=,ignoreAppRotationDisabled
230641,Y29tLnl1bWMucGhzdXBlcmFwcA==,ignoreAppRotationDisabled
230642,Y29tLnFpZWtqLnVzZXI=,ignoreAppRotationDisabled
230643,Y24uY29tLnNpbmEuZmluYW5jZQ==,ignoreAppRotationDisabled
230644,Y29tLm1pZGVhLnZtLndhc2hlcg==,ignoreAppRotationDisabled
230645,Y29tLnN6bGFueW91Lm5pc3Nhbmlvdg==,ignoreAppRotationDisabled
230646,Y29tLmRtLm1ldHJv,ignoreAppRotationDisabled
230647,cnd5LmJhb2FuLm5ldHN1cGVydmlzb3I=,ignoreAppRotationDisabled
230648,Y29tLnFkdGV2Yy50ZWxkLmFwcA==,ignoreAppRotationDisabled
230649,Y29tLndlcGllLndlcGxheQ==,ignoreAppRotationDisabled
230650,YWlodWlzaG91LmFpaHVpc2hvdWFwcA==,ignoreAppRotationDisabled
230651,Y29tLmdhbGF4eS5zdG9jaw==,ignoreAppRotationDisabled
230652,Y29tLmhzYmFuay5tb2JpbGViYW5r,ignoreAppRotationDisabled
230653,Y29tLnppcm9vbS56aXJvb21jdXN0b21lcg==,ignoreAppRotationDisabled
230654,Y29tLmRheXVubGlua3MuY2xvdWRiaXJkcw==,ignoreAppRotationDisabled
230655,Y29tLmF0b3VyLmF0b3VybGlmZQ==,ignoreAppRotationDisabled
230656,Y29tLnhpd2VpLmxvZ2lzdGljcw==,ignoreAppRotationDisabled
230657,Y29tLnp6dy5vY3RvYmVy,ignoreAppRotationDisabled
230658,Y29tLmxhbGFtb3ZlLmh1b2xhbGEuZHJpdmVy,ignoreAppRotationDisabled
230659,ZGVlcGFsLmNvbS5jbi5hcHA=,ignoreAppRotationDisabled
230660,Y24uY29tLmh6Yi5tb2JpbGViYW5rLnBlcg==,ignoreAppRotationDisabled
230661,Y29tLmNoYW5nYW4udW5p,ignoreAppRotationDisabled
230662,Y29tLmNkZnN1bnJpc2UuY2RmbGVodQ==,ignoreAppRotationDisabled
230663,Y29tLnNhbW95ZWQuY3JlZGl0,ignoreAppRotationDisabled
230664,Y29tLnpvbmdoZW5nLnJlYWRlcg==,ignoreAppRotationDisabled
230665,bGxidC5jY2IubG5nYQ==,ignoreAppRotationDisabled
230666,Y29tLnlpbmhhaS5zeUFQUA==,ignoreAppRotationDisabled
230667,Y24uY3R5Lmhienc=,ignoreAppRotationDisabled
230668,Y29tLnZwaG9uZWdhZ2EudGl0YW4=,ignoreAppRotationDisabled
230669,bmV0LmNwd3h3LmNwZmljdGlvbg==,ignoreAppRotationDisabled
230670,Y29tLmhlYmJhbmsubW9i,ignoreAppRotationDisabled
230671,Y29tLnlpdG9uZy5ocmIucGVvcGxlLmFuZHJvaWQ=,ignoreAppRotationDisabled
230672,Y29tLmJ3MzAuenNjaA==,ignoreAppRotationDisabled
230673,Y29tLnRlbmNlbnQucXFwaW55aW4=,ignoreAppRotationDisabled
230674,Y29tLnp6YmFuay5waWJw,ignoreAppRotationDisabled
230675,Y24uamFnYXQubWFpbg==,ignoreAppRotationDisabled
230676,b3JnLmp1dHVpbmEuY29tLnR1aW5hcHJv,ignoreAppRotationDisabled
230677,Y29tLnRhb2Jhby5hbGlBdWN0aW9u,ignoreAppRotationDisabled
230678,Y29tLnNoZW5zdS5qbWI=,ignoreAppRotationDisabled
230679,Y29tLm1hc3NlZmZlY3QubmVhcg==,ignoreAppRotationDisabled
230680,Y29tLm1nLmVj,ignoreAppRotationDisabled
230681,Y24uZHh5Lm1lZGljaW5laGVscGVy,ignoreAppRotationDisabled
230682,Y29tLmR1ZHViaXJkLndlYXRoZXI=,ignoreAppRotationDisabled
230683,Y29tLmt1cm9nYW1lLmtqcQ==,ignoreAppRotationDisabled
230684,Y29tLmpvdmV0ZWNoLkNsb3VkU2VlLnRlbXA=,ignoreAppRotationDisabled
230685,Y29tLnNpbXNoaW5lLmNuLmFpb3RoZA==,ignoreAppRotationDisabled
230686,Y29tLnlpYmFuLmFwcA==,ignoreAppRotationDisabled
230687,Y29tLnNhbmt1YWkubW92aWVwcm8=,ignoreAppRotationDisabled
230688,Y29tLmh5cGVyZ3J5cGguc2tsYW5k,ignoreAppRotationDisabled
230689,Y29tLnFsc2N1cGdyYWRl,ignoreAppRotationDisabled
230690,Y29tLmpkLmptd29ya3N0YXRpb24=,ignoreAppRotationDisabled
230691,Y29tLndlaXBhaXRhbmcud3B0,ignoreAppRotationDisabled
230692,Y29tLmpkLmpkbGl0ZQ==,ignoreAppRotationDisabled
230693,Y29tLnRhb2d1YmEuYXBw,ignoreAppRotationDisabled
230694,Y29tLmd1YW5haXRvbmc=,ignoreAppRotationDisabled
230695,Y29tLkhvdGVsLkVCb29raW5n,ignoreAppRotationDisabled
230696,Y24uY29tLmdqenEueWpiMg==,ignoreAppRotationDisabled
230697,Y29tLmdhcm1pbi5hbmRyb2lkLmFwcHMuZ2NjbQ==,ignoreAppRotationDisabled
230698,Y29tLnRheWguZ2pqY2xpZW50,ignoreAppRotationDisabled
230699,Y24ubm9raWEuc3BlZWR0ZXN0NWc=,ignoreAppRotationDisabled
230700,Y29tLmZpbmNoaW5hLmVkcg==,ignoreAppRotationDisabled
230701,Y29tLnl5Lnl5dm9pY2V0b29s,ignoreAppRotationDisabled
230702,Y29tLnlvdWxvZnQuY2FsZW5kYXIuYWxtYW5hYw==,ignoreAppRotationDisabled
230703,Y29tLnJvbmcuZmFzdGxvYW4=,ignoreAppRotationDisabled
230704,Y29tLndvbmRlcnNncm91cC5zY3Npc2VydmljZXBybw==,ignoreAppRotationDisabled
230705,Y29tLmRqaS5saWdodA==,ignoreAppRotationDisabled
230706,Y29tLmJyb2FkbGluay5hdXhhaXI=,ignoreAppRotationDisabled
230707,Y29tLnBvd2Vyc2kuemhycw==,ignoreAppRotationDisabled
230708,Y29tLm9jZWFuc29mdC5nenBvbGljZQ==,ignoreAppRotationDisabled
230709,Y29tLmRvZGpveS5kb2NvaQ==,ignoreAppRotationDisabled
230710,Y29tLnR1bml1LmFwcC51aQ==,ignoreAppRotationDisabled
230711,Y29tLnlpYmFzYW4ubGl6aGlmbQ==,ignoreAppRotationDisabled
230712,Y29tLmNoaW5hc29mdGkuc2hhbmdoYWlodWF0ZW5nLmpubWV0cm9hcHA=,ignoreAppRotationDisabled
230713,Y29tLmhlemhvbmcubmV6aGE=,ignoreAppRotationDisabled
230714,Y29tLnNzLmFuZHJvaWQudWdjLmxpdmVwcm8=,ignoreAppRotationDisabled
230715,Y29tLmlrYW5nLm9mZmljaWFs,ignoreAppRotationDisabled
230716,Y29tLnFpaG9vMzYwLmFudGlsb3N0d2F0Y2g=,ignoreAppRotationDisabled
230717,Y29tLmd6YmFuay5tYmFuay5leHRlcm5hbHBr,ignoreAppRotationDisabled
230718,Y29tLnR6Yi5tb2JpbGVodWI=,ignoreAppRotationDisabled
230719,Y29tLnhpaGFuZy5za3No,ignoreAppRotationDisabled
230720,Y29tLm9jdGlubi5iaXJ0aGRheXBsdXM=,ignoreAppRotationDisabled
230721,Y29tLmRvc3Nlbi5hcHA=,ignoreAppRotationDisabled
230722,Y29tLnRtYWxsLmNhbXB1cy5hbmQ=,ignoreAppRotationDisabled
230723,Y29tLnRlbmRhLnJvdXRlci5hcHA=,ignoreAppRotationDisabled
230724,Y29tLmRqaS5hZ2Zsb3c=,ignoreAppRotationDisabled
230725,Y29tLmRhb2ppYS5qei5hcHA=,ignoreAppRotationDisabled
230726,b3JnLnNvamV4LmZpbmFuY2U=,ignoreAppRotationDisabled
230727,Y29tLndyZA==,ignoreAppRotationDisabled
230728,Y29tLm12dy5uYXRpb25hbG1lZGljYWxQaG9uZQ==,ignoreAppRotationDisabled
230729,Y29tLndsYi5hbmRyb2lk,ignoreAppRotationDisabled
230730,Y29tLnhpYW9qdWtlamkuZmluYW5jZQ==,ignoreAppRotationDisabled
230731,bW9jLm5hdXh1b3lvYWl4b2FpeC53d3c=,ignoreAppRotationDisabled
230732,Y29tLnVuaWNvbS53b3NoaXBpbg==,ignoreAppRotationDisabled
230733,Y29tLmNvbnN0ZWxsYXRpb24uZ29kZGVzcw==,ignoreAppRotationDisabled
230734,Y29tLmdyZWVubGluZS5ndWFoYW8=,ignoreAppRotationDisabled
230735,Y29tLmNzaWkucGFi,ignoreAppRotationDisabled
230736,Y29tLm9mZmNuLmFuZHJvaWQub2ZmY24=,ignoreAppRotationDisabled
230737,Y29tLmZxLmFuZHJvaWQuaGFwcHlsaWZlLmZhbmd0YWk=,ignoreAppRotationDisabled
230738,Y29tLmV4YW1wbGUuZXhhbWRh,ignoreAppRotationDisabled
230739,Y29tLmh1YWJhbi5hbmRyb2lk,ignoreAppRotationDisabled
230740,Y29tLmhwcnQuZmFtaWx5cHJpbnQucmVsZWFzZQ==,ignoreAppRotationDisabled
230741,Y29tLmltbW9tby52Y2hhdA==,ignoreAppRotationDisabled
230742,Y29tLnFpaG9vLndnLndvdGJveC5hbg==,ignoreAppRotationDisabled
230743,Y29tLmt1bi5lbXM=,ignoreAppRotationDisabled
230744,Y24udWV0ZWMuY2hhcmdlcg==,ignoreAppRotationDisabled
230745,Y29tLnZjcmVkaXQua2tjcmVkaXQ=,ignoreAppRotationDisabled
230746,Y29tLmN5Y2xvdHJvbi5pbg==,ignoreAppRotationDisabled
230747,Y29tLndlYXRoZXJmb3JlY2FzdG5ldA==,ignoreAppRotationDisabled
230748,Y29tLmdzeC50aWt1,ignoreAppRotationDisabled
230749,Y29tLnNpbmcuY2xpZW50,ignoreAppRotationDisabled
230750,Y29tLmlrYW5nLndlYg==,ignoreAppRotationDisabled
230751,Y29tLmNoYW5kYXNoaS5jaGFubWFtYQ==,ignoreAppRotationDisabled
230752,Y29tLmR0ZHJlYW0ucHVibGljdHJhbnNpdA==,ignoreAppRotationDisabled
230753,dHYudHZndW8uYW5kcm9pZHBob25l,ignoreAppRotationDisabled
230754,Y29tLml3emJ6LmNvbXBhc3M=,ignoreAppRotationDisabled
230755,Y29tLnpiai56aG91c2U=,ignoreAppRotationDisabled
230756,Y29tLndzaGlmdS5hcHAuamllZGFueWk=,ignoreAppRotationDisabled
230757,cGx1cy5INUY4NTY2MDA=,ignoreAppRotationDisabled
230758,Y29tLnpodWFuemh1YW4uaHVudGVy,ignoreAppRotationDisabled
230759,Y29tLmpvb2FuLnRhaXNpd2Vp,ignoreAppRotationDisabled
230760,Y24uY29tLmJhaWxpYW4uYmFpbGlhbm1vYmlsZQ==,ignoreAppRotationDisabled
230761,Y29tLmxvbmdzaGluZS54ZHQ=,ignoreAppRotationDisabled
230762,Y29tLnhpYW5naGE=,ignoreAppRotationDisabled
230763,Y29tLmZ6aXNlbi5hcHA1MXp4dw==,ignoreAppRotationDisabled
230764,Y29tLndvdHJhbnNmZXIucGFuZGFyZW1pdA==,ignoreAppRotationDisabled
230765,Y29tLmNjYi5ycmlz,ignoreAppRotationDisabled
230766,Y29tLmxiZGpvcmRlcg==,ignoreAppRotationDisabled
230767,Y29tLnJqaHkudXJhbnVz,ignoreAppRotationDisabled
230768,Y29tLmhvaGVtLmhvaGVtam95,ignoreAppRotationDisabled
230769,Y24uY2hhcmdl,ignoreAppRotationDisabled
230770,Y29tLmJhcm1hay5jbGllbnQuZmFzdA==,ignoreAppRotationDisabled
230771,Y29tLmR1ZHUuY2FsY3VsYXRvcg==,ignoreAppRotationDisabled
230772,Y29tLnBlb3BsZXRlY2gucGVvcGxlcGx1cw==,ignoreAppRotationDisabled
230773,Y29tLmZ6cHEucHJpbnQ=,ignoreAppRotationDisabled
230774,Y29tLnJ1cWkudHJhdmVs,ignoreAppRotationDisabled
230775,Y29tLmZlbmdoZS5oZW5hbnNvY2lhbHNlY3VyaXR5,ignoreAppRotationDisabled
230776,Y29tLmpkc3E=,ignoreAppRotationDisabled
230777,Y29tLmlmbHl0ZWsubWVkaWNhbC5jaGF0ZHI=,ignoreAppRotationDisabled
230778,Y29tLnFpaG9vLnBsdWdpbmJveC50cmFuc2xhdG9y,ignoreAppRotationDisabled
230779,Y29tLmNjYmhvbWUubGFuaGFp,ignoreAppRotationDisabled
230780,Y29tLmZ4Njc4LmZpbmFjZQ==,ignoreAppRotationDisabled
230781,Y29tLmN6Yi5tb2JpbGVodWI=,ignoreAppRotationDisabled
230782,Y29tLmFtYWRldXMubWVyY2kuY2xpZW50LnVp,ignoreAppRotationDisabled
230783,Y29tLmtwcm9kdWNlLndlaWdodA==,ignoreAppRotationDisabled
230784,Y24uY29tLnhpYi54aWJwYi52Mw==,ignoreAppRotationDisabled
230785,Y29tLnNpbm9zaWcucGhhcHA=,ignoreAppRotationDisabled
230786,bHZjYy5jaGFyZ2U=,ignoreAppRotationDisabled
230787,Y29tLmNhdGVjaC5jcmVkaXQ=,ignoreAppRotationDisabled
230788,Y29tLmR5aGVhcnQuY2hhdA==,ignoreAppRotationDisabled
230789,Y29tLmRqLnhueQ==,ignoreAppRotationDisabled
230790,Y24uY29tLnNwZGIubW9iaWxlYmFuay5wZXIucGg=,ignoreAppRotationDisabled
230791,Y29tLnBhbG1tb2Iub2ZmaWNlcg==,ignoreAppRotationDisabled
230792,Y24ubXVzaW1pYW8uaGFpYmE=,ignoreAppRotationDisabled
230793,Y24uaGFuZGFuYmFuay5hcGs=,ignoreAppRotationDisabled
230794,Y29tLml4aWFvbWEueGlhbnN1YndheQ==,ignoreAppRotationDisabled
230795,Y29tLnJlY29yZGxpZmUua3VhaWdl,ignoreAppRotationDisabled
230796,Y29tLndvcmsuY2xvY2s=,ignoreAppRotationDisabled
230797,Y29tLnNjaWNzLmh1YXhp,ignoreAppRotationDisabled
230798,bmV0LndodHkuYXBwLmV5dS50cmFpbmluZ2p6,ignoreAppRotationDisabled
230799,Y29tLmJlZS5yYWlu,ignoreAppRotationDisabled
230800,Y29tLnd0eXQuZ29vZHMuZHJpdmVy,ignoreAppRotationDisabled
230801,Y29tLmRmc3MuZGZzc2NsdWI=,ignoreAppRotationDisabled
230802,Y29tLmNzbHkuZ3JlZW5jaGluYQ==,ignoreAppRotationDisabled
230803,Y29tLmFwcC53cWI=,ignoreAppRotationDisabled
230804,Y29tLmptY2huLnd4eXQ=,ignoreAppRotationDisabled
230805,Y29tLmZhbmppYW8=,ignoreAppRotationDisabled
230806,Y29tLmh1bmRzdW4uc3RvY2t3aW5uZXIucGFxaA==,ignoreAppRotationDisabled
230807,Y29tLmJqdG9uZ2FuLmFuamlhMzY1LmxscHg=,ignoreAppRotationDisabled
230808,Y29tLmR3LmJ0aW1l,ignoreAppRotationDisabled
230809,YW5kcm9pZC56aGlibzg=,ignoreAppRotationDisabled
230810,Y29tLmhvbWVsaW5rLmFuZHJvaWQ=,ignoreAppRotationDisabled
230811,Y29tLmhpbGlmZS52aXBhcHA=,ignoreAppRotationDisabled
230812,Y29tLnRlbmNlbnQud2V0eXBl,ignoreAppRotationDisabled
230813,Y29tLnlpcGlhbw==,ignoreAppRotationDisabled
230814,Y29tLnRhb2Jhby5saXZl,ignoreAppRotationDisabled
230815,Y29tLnNnY2MuZXZzLmVjaGFyZ2U=,ignoreAppRotationDisabled
230816,Y29tLnV1ODk4LnV1aGF2ZXF1YWxpdHk=,ignoreAppRotationDisabled
230817,a3IuY28ubG90dGVpbnMuTE9UVEVJTlM=,ignoreAppRotationDisabled
230818,Y29tLmhpbHkuYXBw,ignoreAppRotationDisabled
230819,Y29tLnNrcy5hbmRyb2lkLm5lb2pvb3Bhc29v,ignoreAppRotationDisabled
230820,bmV0LmliLmFzcC5hbmRyb2lkLmthbWNvLm1i,ignoreAppRotationDisabled
230822,Y29tLm1heC54aWFvaGVpaGU=,ignoreAppRotationDisabled
230823,Y29tLnl1bS5waXp6YWh1dA==,ignoreAppRotationDisabled
230824,c3RyZWV0ZGlyZWN0b3J5Lm1vYmlsZQ==,ignoreAppRotationDisabled
230826,Y29tLm15cHJpemVwaWNrcy5teXByaXplcGlja3M=,ignoreAppRotationDisabled
230827,Y29tLndhbG1hcnQuc3F1aWdnbHk=,ignoreAppRotationDisabled
230828,Y29tLmN1eHBhcGEuYW5kcm9pZC5wcm9kdWN0aW9u,ignoreAppRotationDisabled
230829,c2cubWF5YmFuay5tYWU=,ignoreAppRotationDisabled
230830,Y29tLnl0cC5idWNoYW1w,ignoreAppRotationDisabled
230831,a3IuY28uYXBwbHlob21l,ignoreAppRotationDisabled
230832,Y29tLnNoaW5oYW5pbnZlc3QubXRz,ignoreAppRotationDisabled
230833,bmkubWguYW5kcm9pZC5sYXVuY2hlcg==,ignoreAppRotationDisabled
230834,anAubmF2ZXIubGluZS5hbmRyb2lk,ignoreAppRotationDisabled
230835,Y29tLnB1YmxpeC5tYWlu,ignoreAppRotationDisabled
230837,Y29tLmViZXN0Lm1vYmlsZQ==,ignoreAppRotationDisabled
230838,Y29tLm9uZWRlYml0LmNoaW1l,ignoreAppRotationDisabled
230839,Y29tLmN0LmNsaWVudA==,ignoreAppRotationDisabled
230840,Y29tLnRhb2Jhby5tb3ZpZS5hbmRyb2lk,ignoreAppRotationDisabled
230841,Y29tLm92ZXJzZWFzLmNhcmRub3dw,ignoreAppRotationDisabled
230842,Y29tLnl1YW50YWJhbmsubmV3bW9iaWxlYmFuay5hbmRyb2lk,ignoreAppRotationDisabled
230843,Y29tLmNpdGljY2FyZC5tb2JpbGViYW5r,ignoreAppRotationDisabled
230845,Y29tLnJ0YXNnLnNldmVuZWxldmVu,ignoreAppRotationDisabled
230846,a3IuY28uaGV1bmdrdWtsaWZlLmhrbGlmZW0=,ignoreAppRotationDisabled
230847,Y29tLmVwb3N0Lmluc3U=,ignoreAppRotationDisabled
230848,Y29tLnBiYi5teXBi,ignoreAppRotationDisabled
230849,Y29tLkFqZWM=,ignoreAppRotationDisabled
230850,Y29tLmxjYWNBcHA=,ignoreAppRotationDisabled
230851,Y29tLmRhaXNoaW4uY3Jlb24=,ignoreAppRotationDisabled
230852,Y29tLnd3d3Njbi55dWV4aW5nYmFv,ignoreAppRotationDisabled
230853,a3IuZ28ubW9iaWxlaWQ=,ignoreAppRotationDisabled
230854,Y29tLm9wZXJhLmJyb3dzZXI=,ignoreAppRotationDisabled
230855,Y28uZmluZ2Vyam95LmFzc2lzdGFudA==,ignoreAppRotationDisabled
230856,c2cuZWR1LnNwLnNwbW9iaWxldjI=,ignoreAppRotationDisabled
230857,a3IuZ28uZXBvc3QubW9iaWxlLmFwcA==,ignoreAppRotationDisabled
230858,Y29tLmdsb2JvLmdsb2JvdHY=,ignoreAppRotationDisabled
230859,c2cubWluZGVmLm5zLm9uZW5z,ignoreAppRotationDisabled
230860,Y29tLnNkdS5kaWRpLnBzbmdlcg==,ignoreAppRotationDisabled
230861,Y29tLmFtYXpvbi5zdG9ybS5saWdodG5pbmcuY2xpZW50LmFvc3A=,ignoreAppRotationDisabled
230862,Y29tLm1ycC5kb2N0b3I=,ignoreAppRotationDisabled
230863,Y29tLmNoYW5naWFpcnBvcnQuY2FnYXBw,ignoreAppRotationDisabled
230864,aW4uc3RhcnR2LmhvdHN0YXJvbmx5,ignoreAppRotationDisabled
230865,Y29tLmJyYW5kaW5nYnJhbmQucmVhY3RuYXRpdmUuYW5kLmJqcw==,ignoreAppRotationDisabled
230866,Y29tLnNpbmdQb3N0,ignoreAppRotationDisabled
230867,cnUubWFpbC5tYWlsYXBw,ignoreAppRotationDisabled
230868,Y29tLnZpY3RvcmlhYmFuay5tb2JpbGViYW5r,ignoreAppRotationDisabled
230869,Y29tLmViYy5uZXdz,ignoreAppRotationDisabled
230870,Y29tLnRlbmNlbnQua2FyYW9rZQ==,ignoreAppRotationDisabled
230871,Y29tLmZwY2MuZm9ybW9zYS5yZWxlYXNl,ignoreAppRotationDisabled
230872,dHcuY29tLm5pdG9yaS5wb2ludHM=,ignoreAppRotationDisabled
230874,Y29tLnN0YXJidWNrcy5jbg==,ignoreAppRotationDisabled
230875,Y29tLmppbmd5YW8uZWFzeWJpa2U=,ignoreAppRotationDisabled
230876,Y29tLmtiY2FyZC5jeGguYXBwY2FyZA==,ignoreAppRotationDisabled
230877,Y29tLmdhbmppLmFuZHJvaWQuaGFvY2hlX2M=,ignoreAppRotationDisabled
230878,Y29tLmNhdC5yZWFkYWxs,ignoreAppRotationDisabled
230879,Y29tLmlwdGltZS5pdXhsYXVuY2hlcg==,ignoreAppRotationDisabled
230880,a3ZwLmpqeS5NaXNwQW5kcm9pZDMyMA==,ignoreAppRotationDisabled
230881,a3IuY28ua2lzdmFuLmplb25qdW1vbmV5,ignoreAppRotationDisabled
230882,a3IuY28ubmhzYXZpbmdzYmFuay5t,ignoreAppRotationDisabled
230882,Y29tLnd5bC5leGFt,ignoreAppRotationDisabled
230883,Y24uY29tLmNtYmMubmV3bWJhbmsubWljcm8=,ignoreAppRotationDisabled
230885,Y29tLnJjY2wucm95YWxjYXJpYmJlYW4=,ignoreAppRotationDisabled
230886,Y29tLmZveG5ld3MuYW5kcm9pZA==,ignoreAppRotationDisabled
230887,Y29tLmJvYy5ib2Nzb2Z0LmJvY21ib3ZzYS5idXNz,ignoreAppRotationDisabled
230888,Y29tLnB1cHVtYWxsLmN1c3RvbWVy,ignoreAppRotationDisabled
230889,Y29tLmt1Z291LnZpcGVy,ignoreAppRotationDisabled
230890,Y29tLmVkdTI0b2wubmV3Y2xhc3M=,ignoreAppRotationDisabled
230891,Y29tLnBpbmdhbi5jYXJvd25lcg==,ignoreAppRotationDisabled
230892,Y29tLmNjYi5maW50ZWNoLmFwcC5wcm9kdWN0aW9ucy54aWFuZ2E=,ignoreAppRotationDisabled
230893,Y29tLnRoZW90aW5vLnN6dHY=,ignoreAppRotationDisabled
230894,Y29tLmxpbmdhbi5zZWV5b3U=,ignoreAppRotationDisabled
230895,b3JpZ2luYWxseS51cy5idXNlcw==,ignoreAppRotationDisabled
230896,Y29tLmJyZWFkdGFsay5yZXdhcmRz,ignoreAppRotationDisabled
230897,Y29tLm5iY3VuaS5uYmM=,ignoreAppRotationDisabled
230898,Y29tLnZuaWQ=,ignoreAppRotationDisabled
230899,Y29tLmludGVsZXguaW50ZWxleG1vYmlsZQ==,ignoreAppRotationDisabled
230900,d2IubW9iaWxlLmN4LmNsaWVudC5kcm9pZA==,ignoreAppRotationDisabled
230901,ZHViYWlwb2xpY2UuZXNhYWQuYWUuZXNhYWRfZHViYWlwb2xpY2U=,ignoreAppRotationDisabled
230902,c2suYW50aWsudHZrbGFu,ignoreAppRotationDisabled
230903,Y29tLmh1aXl1bi5jYXJlLnZpZXdlcnByby5nb29nbGVwbGF5,ignoreAppRotationDisabled
230904,Y29tLm1ha2VzaG9wLnBvd2VyYXBwLnhleHltaXg=,ignoreAppRotationDisabled
230905,Y29tLm5leHRkb29y,ignoreAppRotationDisabled
230906,Y29tLmhhcmRyb2NrZGlnaXRhbC5jbGllbnQ=,ignoreAppRotationDisabled
230907,c21hcnQuY2xlYW5lci5jbGVhbi5tYXN0ZXIuYm9vc3Rlci5mcmVl,ignoreAppRotationDisabled
230908,Y29tLmx5bnhzcGEuYmFuY29wb3BvbGFyZQ==,ignoreAppRotationDisabled
230909,Y29tLmFwcDM2MGV5ZXNwcm8=,ignoreAppRotationDisabled
230910,Y29tLnJub3ZlbC5hbmRyb2lkLmFwcA==,ignoreAppRotationDisabled
240001,a3IuY28uc3BvdHZub3cuYXBw,appSensorAxisRemap
240002,Y29tLmxhcmt2aWRlby5wbGF5ZXI=,appSensorAxisRemap
240003,Y29tLm9tbml0ZWwuYW5kcm9pZC5sb3R0ZXdlYnZpZXc=,appSensorAxisRemap
240004,Y29tLmhuc21hbGw=,appSensorAxisRemap
240005,Y29tLnNhbXN1bmdwb3AuYW5kcm9pZC5tcG9w,appSensorAxisRemap,sensor
240006,Y29tLmtpd29vbS5oZXJvbXRz,appSensorAxisRemap,sensor
240007,Y29tLmZ1c2lvbm1lZGlhLmludmVzdGluZw==,appSensorAxisRemap
240008,Y29tLnRlbmNlbnQucXFtdXNpYw==,appSensorAxisRemap,sensor
240010,Y29tLnRlbmNlbnQubXR0,appSensorAxisRemap
240011,Y29tLmV4YW1wbGUucHB0dg==,appSensorAxisRemap,sensor
240012,Y29tLnRlbmNlbnQucXFsaXZl,appSensorAxisRemap
240013,Y29tLnFpeWkudmlkZW8=,appSensorAxisRemap,sensor
240014,Y29tLnNzLmFuZHJvaWQuYXJ0aWNsZS5uZXdz,appSensorAxisRemap,sensor
240015,Y29tLnlvdWt1LnBob25l,appSensorAxisRemap,sensor
240016,Y29tLnpoaWh1LmFuZHJvaWQ=,appSensorAxisRemap,sensor
240017,Y24uZGFtYWk=,appSensorAxisRemap
240018,Y29tLmR1b3dhbi5raXdp,appSensorAxisRemap,sensor
240019,Y29tLnRlbmNlbnQubmV3cw==,appSensorAxisRemap,sensor
240021,Y24ua3V3by5wbGF5ZXI=,appSensorAxisRemap
240022,Y29tLm5ldGVhc2UubmV3c3JlYWRlci5hY3Rpdml0eQ==,appSensorAxisRemap
240023,Y29tLnRhb2Jhby5tb3ZpZS5hbmRyb2lk,appSensorAxisRemap
240024,Y29tLnFpeWkudmlkZW8ucGFk,appSensorAxisRemap,sensor
240025,Y29tLnhpYW9lLmNsaWVudA==,appSensorAxisRemap
240026,Y29tLnZnanVtcC5qdW1w,appSensorAxisRemap
240027,Y29tLmxlb2FvLmZpdG5lc3M=,appSensorAxisRemap
240028,Y29tLnFpeWkudmlkZW8ubGl0ZQ==,appSensorAxisRemap,sensor
240029,Y29tLmxhbmppbmdlci5jaG9pYXNzb2NpYXRlZHByZXNz,appSensorAxisRemap
240030,Y29tLmRhaHVhLmxlYXBtb3Rvcg==,appSensorAxisRemap,sensor
240031,Y24uY250dg==,appSensorAxisRemap,sensor
240032,Y29tLm5ldGVhc2UuZWR1LnVjbW9vYw==,appSensorAxisRemap,sensor
240033,Y29tLmdpYW50a3Vuc2hhbi5naWFudA==,appSensorAxisRemap,sensor
240034,Y29tLnNvaHUuc29odXZpZGVv,appSensorAxisRemap,sensor
240035,Y29tLnNzcG9ydHMubW9iaWxlLnZpZGVv,appSensorAxisRemap,sensor
240036,Y29tLmtpbmcuc2tn,appSensorAxisRemap,sensor
240037,Y29tLmpvb2FuLnFpYW9hbnpoaWxpYW4=,appSensorAxisRemap,sensor
240038,Y24uZ2hhYy5naGE=,appSensorAxisRemap
240039,Y29tLnNvaHUubmV3c2NsaWVudA==,appSensorAxisRemap,sensor
240040,Y29tLnRlbmNlbnQudG1ncC5wdWJnbWhk,appSensorAxisRemap
240041,Y29tLm5ldGVhc2UucmFjZQ==,appSensorAxisRemap
240042,Y29tLnRlbmNlbnQucXFzcG9ydHM=,appSensorAxisRemap,sensor
240043,Y29tLnV4aW4ua2lsYWF1ZGlv,appSensorAxisRemap,sensor
240044,Y29tLm5ldGVhc2Uudm9wZW4=,appSensorAxisRemap
240045,Y24uamo=,appSensorAxisRemap
240046,Y29tLmJhaWR1Lmhhb2thbg==,appSensorAxisRemap,sensor
240047,Y29tLmJsb29tYmVyZy5hbmRyb2lkLnBsdXM=,appSensorAxisRemap
240048,Y29tLm5ldGVhc2UuZGZqc2ty,appSensorAxisRemap
240049,Y29tLnB1Ymcua3Jtb2JpbGU=,appSensorAxisRemap
240050,Y29tLnB1YmcuaW1vYmlsZQ==,appSensorAxisRemap
240051,Y29tLnRlbmNlbnQuaWc=,appSensorAxisRemap
240052,Y29tLnJla29vLnB1Ymdt,appSensorAxisRemap
240053,Y29tLnZuZy5wdWJnbW9iaWxl,appSensorAxisRemap
240054,Y29tLnRlbmNlbnQuaWdjZQ==,appSensorAxisRemap
240055,Y29tLnRlbmNlbnQuaWdmaXQ=,appSensorAxisRemap
240056,Y29tLnRlbmNlbnQuaWdmaXRjZQ==,appSensorAxisRemap
240057,Y29tLmR5d3gubGFya3BsYXllcg==,appSensorAxisRemap
240058,Y29tLnRlbmNlbnQubWYudWFt,appSensorAxisRemap
240059,Y29tLnRlbmNlbnQudG1ncC5nbnl4,appSensorAxisRemap
240060,Y29tLmxpbGl0aGdhbWVzLnNvbGFybGFuZC5hbmRyb2lkLmNu,appSensorAxisRemap
240061,Y29tLnRlbmNlbnQudG1ncC5wcm9qZWN0c25v,appSensorAxisRemap
240062,Y29tLm1pdWkudmlkZW9wbGF5ZXI=,appSensorAxisRemap
240063,Y29tLmJhaWR1Lm5ldGRpc2suc2Ftc3VuZw==,appSensorAxisRemap,sensor
240064,Y29tLmJhaWR1Lm5ldGRpc2s=,appSensorAxisRemap,sensor
240065,Y29tLmRyYWdvbmxpLnByb2plY3Rzbm93LmxobQ==,appSensorAxisRemap
240066,Y29tLnRydWVmcmllbmQubmVvc21hcnRhcmVuZXdhbA==,appSensorAxisRemap,sensor
240067,Y29tLnNzLmFuZHJvaWQuYXJ0aWNsZS5saXRl,appSensorAxisRemap,sensor
240068,Y29tLnNrdGVsZWNvbS52Y29sb3Jpbmc=,appSensorAxisRemap
240069,Y29tLmNhbmR5cm9vbS5jbHViY3JhZnQ=,appSensorAxisRemap,sensor
240070,Y29tLmlub21lcmEuc20=,appSensorAxisRemap
240071,dHYucGx1dG8uYW5kcm9pZA==,appSensorAxisRemap,sensor
240072,Y29tLnh1bmxlaS5kb3dubG9hZHByb3ZpZGVy,appSensorAxisRemap,sensor
240073,Y29tLnRwbGluay5pcGM=,appSensorAxisRemap,sensor
240074,Y29tLmFsaWNsb3VkLmRhdGFib3g=,appSensorAxisRemap,sensor
240075,Y29tLmJhaWR1LnlvdWF2aWRlbw==,appSensorAxisRemap,sensor
240076,Y29tLm5pdS5jbG91ZA==,appSensorAxisRemap,sensor
240077,Y29tLmxlMTIzLnlzZHE=,appSensorAxisRemap,sensor
240078,Y29tLmJhYnljbG91ZC5oYW5qdQ==,appSensorAxisRemap,sensor
240079,Y29tLnR2YmMubWFpZHVpZHVp,appSensorAxisRemap,sensor
240080,Y29tLnRpYW5keS5lYXN5bGl2ZQ==,appSensorAxisRemap,sensor
240081,Y29tLmJlc3R2LmFwcA==,appSensorAxisRemap,sensor
240082,Y29tLnpieC5jdC50dnpoaWJv,appSensorAxisRemap,sensor
240083,Y29tLm0xOTA1Lm1vYmlsZWZyZWU=,appSensorAxisRemap,sensor
240084,Y29tLmxldHYuYW5kcm9pZC5jbGllbnQ=,appSensorAxisRemap,sensor
240085,Y29tLnRlbGVjb20udmlkZW8=,appSensorAxisRemap,sensor
240086,dHYucHBzLm1vYmlsZQ==,appSensorAxisRemap,sensor
240087,Y29tLmtha2FvLnRheGkuZHJpdmVy,appSensorAxisRemap
240088,Y29tLnVuaXZpc2lvbi5wcmVuZGV0dg==,appSensorAxisRemap
240089,Y29tLm5iY3VuaS5uYmM=,appSensorAxisRemap
240090,Y24uZW1hZ3NvZnR3YXJlLmdhbWVoYWxs,appSensorAxisRemap,sensor
240092,Y29tLmJhaWR1LnlvdWF2aWRlbw==,appSensorAxisRemap,display
240093,dHYudHdpdGNoLmFuZHJvaWQuYXBw,appSensorAxisRemap,display
240094,dHYuZGFubWFrdS5iaWxp,appSensorAxisRemap,sensor
240095,dHYuZGFubWFrdS5iaWxp,appSensorAxisRemap,display
250001,YWxsLmRvY3VtZW50cmVhZGVyLmZpbGVyZWFkZXIub2ZmaWNlLnZpZXdlcg==,rotationAspectRatio,fullscreen
250002,Y29tLnppbmcuemFsbw==,rotationAspectRatio,fullscreen
250003,Y29tLmNvbmZpdGVjaC5zYnNnb2xm,rotationAspectRatio,fullscreen
250004,Y29tLmVjb25vbWlzdC5sYW1hcnI=,rotationAspectRatio,fullscreen
250005,Y29tLmNubi5tb2JpbGUuYW5kcm9pZC5waG9uZQ==,rotationAspectRatio,fullscreen
250006,Y29tLmZyb2dyYW1zLndwbGF5,rotationAspectRatio,fullscreen
250007,Y29tLm1laXR1Lm1laXlhbmNhbWVyYQ==,rotationAspectRatio,4:03
250008,Y29tLnRlbmNlbnQuemVicmE=,rotationAspectRatio,16:09
250009,Y29tLmJhaWR1Lm5ld2FwcA==,rotationAspectRatio,4:03
250010,Y24uZGFtYWk=,rotationAspectRatio,fullscreen
250011,Y29tLnRhb2Jhby5tb3ZpZS5hbmRyb2lk,rotationAspectRatio,fullscreen
250012,Y29tLnRlbmNlbnQud2V0eXBl,rotationAspectRatio,fullscreen
250013,Y24uZ292LnRheC5pdHM=,rotationAspectRatio,fullscreen
250014,Y29tLnRpYW55YW5jaGEuc2t5ZXll,rotationAspectRatio,fullscreen
250015,Y29tLmhhbmt5dW5nLnBsdXM=,rotationAspectRatio,fullscreen
250016,Y29tLm55dGltZXMuYW5kcm9pZA==,rotationAspectRatio,fullscreen
250018,Y29tLmZveG5ld3MuYW5kcm9pZA==,rotationAspectRatio,fullscreen
250019,Y29tLmNuYmMuY2xpZW50,rotationAspectRatio,fullscreen
250020,Y29tLmRpYW5waW5nLnYx,rotationAspectRatio,fullscreen
250021,Y29tLnRtYWxsLndpcmVsZXNz,rotationAspectRatio,fullscreen
250022,Y29tLnplZWtybGlmZS5tb2JpbGU=,rotationAspectRatio,fullscreen
250023,Y24ueW9uZ2h1aS5oeWQ=,rotationAspectRatio,fullscreen
250024,Y29tLnNodXFpLmNvbnRyb2xsZXI=,rotationAspectRatio,fullscreen
250026,Y29tLmNlYmJhbmsubW9iaWxlLmNlbWI=,rotationAspectRatio,16:09
250027,Y29tLm1heC54aWFvaGVpaGU=,rotationAspectRatio,fullscreen
250028,Y29tLmVhc3Rtb25leS5hbmRyb2lkLmJlcmxpbg==,rotationAspectRatio,16:09
250029,Y29tLnRhb2Jhby5ldGFv,rotationAspectRatio,4:03
250030,Y29tLnRhaWthbmcudGFpbGlmZQ==,rotationAspectRatio,16:09
250031,Y24uc2Ftc2NsdWIuYXBw,rotationAspectRatio,fullscreen
250033,Y29tLmp2LnNhbXN1bmdlc2hvcA==,rotationAspectRatio,16:09
250034,Y29tLmpqd3hjLnJlYWRlcg==,rotationAspectRatio,4:03
250035,Y29tLm5qemhhb3hpbi55a2s=,rotationAspectRatio,16:09
250036,Y24uYm9sei5tb2JpbGViYW5rLmxpdXpob3U=,rotationAspectRatio,16:09
250037,Y24ud3BzLnl1bg==,rotationAspectRatio,fullscreen
250038,Y29tLmt1Z291LmFuZHJvaWQua3R2YXBw,rotationAspectRatio,4:03
250039,Y29tLnNvaHUuc29odWh5,rotationAspectRatio,4:03
250040,Y29tLmZlbnFpbGUuZmVucWlsZQ==,rotationAspectRatio,16:09
250041,Y29tLnlpdG9uZy5tYmFuay5neQ==,rotationAspectRatio,16:09
250042,Y29tLm5hZGUub3duZXJyaWRl,rotationAspectRatio,16:09
250043,Y29tLmxhcnVzLm5vdmE=,rotationAspectRatio,fullscreen
250044,Y29tLnRlbmNlbnQubW0=,rotationAspectRatio,fullscreen
250048,Y29tLnh1bmxlaS5kb3dubG9hZHByb3ZpZGVy,rotationAspectRatio,fullscreen
250049,Y29tLnhpbmdpbi54aHM=,rotationAspectRatio,fullscreen
250051,Y29tLm1jZG9uYWxkcy5nbWEuY24=,rotationAspectRatio,16:09
250055,Y29tLnRtYWxsLndpcmVsZXNz,rotationAspectRatio,4:03
250056,Y29tLmtteHMucmVhZGVy,rotationAspectRatio,fullscreen
250057,Y29tLnNzLmFuZHJvaWQuYXJ0aWNsZS5saXRl,rotationAspectRatio,fullscreen
250058,Y29tLmJhaWR1LmJhaWR1dHJhbnNsYXRl,rotationAspectRatio,fullscreen
250059,Y29tLnlpdG9uZy5tYmFuay5wc2Jj,rotationAspectRatio,fullscreen
250060,Y29tLnRhb2Jhby5saXRldGFv,rotationAspectRatio,16:09
250061,Y29tLndvb3JpYmFuay5zbWFydC5ucGli,rotationAspectRatio,4:03
250062,Y29tLnF1YXJrLmJyb3dzZXI=,rotationAspectRatio,fullscreen
250063,Y29tLnNnY2Mud3Nndy5jbg==,rotationAspectRatio,16:09
250064,Y29tLnNoY2FyZC5zbWFydHBheQ==,rotationAspectRatio,4:03
250065,Y29tLnRlbmNlbnQubWFw,rotationAspectRatio,fullscreen
250066,Y29tLmdtb25leXRyYW5z,rotationAspectRatio,16:09
250067,Y29tLmF1dG9uYXZpLm1pbmltYXA=,rotationAspectRatio,fullscreen
250068,Y29tLnRlbmNlbnQubW9iaWxlcXE=,rotationAspectRatio,fullscreen
250069,Y29tLmJhaWR1LkJhaWR1TWFw,rotationAspectRatio,fullscreen
250070,Y29tLmludHNpZy5jYW1zY2FubmVyX2Nu,rotationAspectRatio,fullscreen
260001,Y29tLnRlbmNlbnQubW0vLnBsdWdpbi5hY2NvdW50LnVpLlNpbXBsZUxvZ2luVUk=,activityOverride,useLockedInsteadOfLandscape
260002,Y29tLnRlbmNlbnQubW0vLnBsdWdpbi53ZWJ2aWV3LnVpLnRvb2xzLlNES09BdXRoVUk=,activityOverride,useLockedInsteadOfLandscape
260003,Y29tLnRlbmNlbnQubW9iaWxlcXEvY29tLnRlbmNlbnQub3Blbi5hZ2VudC5QdWJsaWNGcmFnbWVudEFjdGl2aXR5Rm9yT3BlblNESw==,activityOverride,useLockedInsteadOfLandscape
260004,Y29tLnRlbmNlbnQubW9iaWxlcXEvY29tLnRlbmNlbnQub3Blbi5hZ2VudC5BZ2VudEFjdGl2aXR5,activityOverride,useLockedInsteadOfLandscape
260005,Y29tLmh1bmFudHYuaW1nby5zYW1zdW5nL2NvbS5tZ3R2LnVpLmxvZ2luLm1haW4uSW1nb0xvZ2luQWN0aXZpdHk=,activityOverride,noRelaunch
260006,Y29tLmh1bmFudHYuaW1nby5hY3Rpdml0eS9jb20ubWd0di51aS5sb2dpbi5tYWluLkltZ29Mb2dpbkFjdGl2aXR5,activityOverride,noRelaunch
260007,Y29tLnNzLmFuZHJvaWQudWdjLmF3ZW1lLy5saXZlLkxpdmVCcm9hZGNhc3RBY3Rpdml0eQ==,activityOverride,displayLandscape
260008,Y29tLmZhY2Vib29rLmthdGFuYS9jb20uZmFjZWJvb2suaW5zcGlyYXRpb24uYWN0aXZpdHkuSW5zcGlyYXRpb25DYW1lcmFBY3Rpdml0eQ==,activityOverride,displayLandscape
999999,RU9G,EOF